Date,NIHONKABU (JP ex EQ REITS) MIN VOL (JPY)
2001-12-03,980.0610703092775
2001-12-04,979.9257825575086
2001-12-05,990.0641824493102
2001-12-06,980.7544610882769
2001-12-07,962.2458730955809
2001-12-10,943.1692187009389
2001-12-11,939.5835319099341
2001-12-12,953.0350570331619
2001-12-13,928.9762272909304
2001-12-14,922.1550899810957
2001-12-17,903.2221902336231
2001-12-18,911.1376708903816
2001-12-19,918.2303763997313
2001-12-20,927.4103424617002
2001-12-21,930.5466559227572
2001-12-24,936.9963391298219
2001-12-25,932.4776442771532
2001-12-26,920.8405477387641
2001-12-27,924.8636229052394
2001-12-28,942.8767115704625
2001-12-31,934.7673261665626
2002-01-01,934.7673261665626
2002-01-02,913.0651274562334
2002-01-03,919.9284827540847
2002-01-04,939.7243772059606
2002-01-07,938.430323366589
2002-01-08,912.1457182719868
2002-01-09,906.2590019536143
2002-01-10,886.4160068781084
2002-01-11,886.1221923388604
2002-01-14,884.9050437413013
2002-01-15,881.9309198742329
2002-01-16,891.8007407613258
2002-01-17,893.9936964864512
2002-01-18,903.794995834629
2002-01-21,902.4007758365049
2002-01-22,874.0456746438049
2002-01-23,864.778793613245
2002-01-24,871.2218705171692
2002-01-25,883.742292129455
2002-01-28,901.6012104994394
2002-01-29,886.9896859850816
2002-01-30,881.7389194519571
2002-01-31,884.1265019840205
2002-02-01,868.7233055129019
2002-02-04,860.8114829348443
2002-02-05,838.3876620590584
2002-02-06,837.9207358633842
2002-02-07,850.3485090834724
2002-02-08,850.8905384126674
2002-02-11,853.2342441977809
2002-02-12,874.6120339853396
2002-02-13,882.4635093518691
2002-02-14,887.8360923880454
2002-02-15,879.807541930638
2002-02-18,882.9986646471069
2002-02-19,853.8778602451048
2002-02-20,856.5300802290917
2002-02-21,877.8454644979615
2002-02-22,875.9659056288822
2002-02-25,877.1630347644794
2002-02-26,873.5020197855998
2002-02-27,899.6433861770656
2002-02-28,903.1792950059146
2002-03-01,921.829600846022
2002-03-04,961.6037316186552
2002-03-05,956.2045161356915
2002-03-06,957.4898593997906
2002-03-07,989.9136168443615
2002-03-08,998.6939556053644
2002-03-11,1011.585760597441
2002-03-12,991.1048496449253
2002-03-13,966.5269979442495
2002-03-14,970.1102215379576
2002-03-15,973.4630334339357
2002-03-18,952.3092608634919
2002-03-19,969.548533488633
2002-03-20,954.4849515563466
2002-03-21,953.1319527636025
2002-03-22,935.0349148681681
2002-03-25,937.4614003050867
2002-03-26,936.3560737962898
2002-03-27,944.3286315370905
2002-03-28,949.3548130936786
2002-03-29,930.0268025138367
2002-04-01,913.917540775467
2002-04-02,922.3462185023631
2002-04-03,940.476393684362
2002-04-04,949.5617003532324
2002-04-05,956.4137101030778
2002-04-08,963.858197686967
2002-04-09,951.1038379176413
2002-04-10,962.035806447826
2002-04-11,941.5481697703767
2002-04-12,933.9118563234624
2002-04-15,942.5237397628637
2002-04-16,950.7151092392932
2002-04-17,954.6492844651472
2002-04-18,964.2227179240382
2002-04-19,959.6490208621929
2002-04-22,972.7109315000308
2002-04-23,971.3527160361488
2002-04-24,963.6767831349771
2002-04-25,966.9988026972783
2002-04-26,957.6919237193583
2002-04-29,952.9679140969487
2002-04-30,953.1678551803457
2002-05-01,956.3416990571995
2002-05-02,957.4042634432461
2002-05-03,954.209268562828
2002-05-06,948.0454297763126
2002-05-07,946.2609454917063
2002-05-08,955.4367023003737
2002-05-09,959.7732843329266
2002-05-10,956.4112586105662
2002-05-13,951.9082527846303
2002-05-14,950.8232930142644
2002-05-15,960.4880326062437
2002-05-16,969.8299734259638
2002-05-17,973.7533005049182
2002-05-20,978.7702042395717
2002-05-21,993.526263632084
2002-05-22,998.1617359663518
2002-05-23,1007.1245298406388
2002-05-24,1009.9201766374402
2002-05-27,1007.7657964009886
2002-05-28,1000.2698963343923
2002-05-29,994.6208311870549
2002-05-30,993.5303272867417
2002-05-31,989.726487778551
2002-06-03,993.5781153903638
2002-06-04,977.2354126708478
2002-06-05,976.3361977114987
2002-06-06,962.9257745603546
2002-06-07,958.112992702554
2002-06-10,953.7305787149212
2002-06-11,952.7716598355294
2002-06-12,940.0094703339137
2002-06-13,932.1523295220741
2002-06-14,919.7425352909165
2002-06-17,903.2969712934429
2002-06-18,908.8058133098657
2002-06-19,885.8838685171398
2002-06-20,892.2586670213021
2002-06-21,889.3721307536687
2002-06-24,892.4631303246089
2002-06-25,894.8270172772994
2002-06-26,875.6550531703322
2002-06-27,884.513446943723
2002-06-28,904.2560530803787
2002-07-01,902.6795013039097
2002-07-02,905.665498162776
2002-07-03,927.0920229933573
2002-07-04,918.3979310931143
2002-07-05,931.1334557162177
2002-07-08,922.693658339283
2002-07-09,934.5705395329151
2002-07-10,931.8815286125424
2002-07-11,923.5179704711356
2002-07-12,926.3576963718638
2002-07-15,899.893050322361
2002-07-16,883.1947710537057
2002-07-17,887.7614375316941
2002-07-18,891.0504711152098
2002-07-19,877.106346419945
2002-07-22,883.0419153395864
2002-07-23,887.0837677992085
2002-07-24,880.6770120195669
2002-07-25,867.1704389751588
2002-07-26,846.9562844102487
2002-07-29,853.6991611406027
2002-07-30,859.1393606280694
2002-07-31,860.339490240328
2002-08-01,859.573461701914
2002-08-02,860.1390570883132
2002-08-05,863.7764444974515
2002-08-06,860.8368642585187
2002-08-07,873.6594268216552
2002-08-08,876.2500611415896
2002-08-09,889.727818675872
2002-08-12,878.5916868535091
2002-08-13,876.1190772893202
2002-08-14,887.0271324870653
2002-08-15,894.3316904321402
2002-08-16,889.0419700510955
2002-08-19,873.273094132466
2002-08-20,866.655390146936
2002-08-21,864.2305709342921
2002-08-22,871.7351512971618
2002-08-23,867.547096604769
2002-08-26,884.5643900718802
2002-08-27,876.528116947655
2002-08-28,868.3824759138337
2002-08-29,855.8292378439264
2002-08-30,859.7167167199223
2002-09-02,853.4778693078549
2002-09-03,829.7500718392063
2002-09-04,817.0289481757471
2002-09-05,827.3983296248479
2002-09-06,824.161729423092
2002-09-09,832.4612288297529
2002-09-10,835.0050921113815
2002-09-11,833.4731138995563
2002-09-12,833.9789121450441
2002-09-13,822.6406725794976
2002-09-16,820.3538604806851
2002-09-17,836.5263271269965
2002-09-18,832.2131582334333
2002-09-19,839.7801894366143
2002-09-20,816.5563192796437
2002-09-23,812.9108343954267
2002-09-24,812.6412257427169
2002-09-25,807.0168218697689
2002-09-26,820.5031113344132
2002-09-27,831.9588166232862
2002-09-30,819.7690085046136
2002-10-01,805.0442713860132
2002-10-02,796.0323332324743
2002-10-03,790.061609683384
2002-10-04,800.7587124478245
2002-10-07,771.8020626811015
2002-10-08,775.5829686488574
2002-10-09,763.3661136701317
2002-10-10,758.3615028894532
2002-10-11,763.6461000370729
2002-10-14,762.2261537635061
2002-10-15,779.4138496870388
2002-10-16,784.7830225822399
2002-10-17,794.158532853451
2002-10-18,795.4993308434083
2002-10-21,792.7351993084151
2002-10-22,769.9416124371963
2002-10-23,779.9004370994049
2002-10-24,776.1424674305148
2002-10-25,783.2323579505615
2002-10-28,779.5984117099465
2002-10-29,780.2667900546189
2002-10-30,788.389260578538
2002-10-31,778.2333654448154
2002-11-01,777.6576258421496
2002-11-04,777.3141859316364
2002-11-05,786.2737388281586
2002-11-06,787.5240068409214
2002-11-07,782.7390809252776
2002-11-08,776.6665355381228
2002-11-11,766.9087381224987
2002-11-12,769.5959440618217
2002-11-13,763.8137225283356
2002-11-14,758.246581312598
2002-11-15,767.1590866607435
2002-11-18,753.2167986066364
2002-11-19,746.1298294901715
2002-11-20,753.6384440217739
2002-11-21,761.2574326410485
2002-11-22,767.5767375020251
2002-11-25,784.0724518459251
2002-11-26,778.5574984100336
2002-11-27,787.144068766812
2002-11-28,791.3791657079668
2002-11-29,791.1479163709365
2002-12-02,774.7209322868728
2002-12-03,771.8668931771679
2002-12-04,760.4084766704633
2002-12-05,751.6942166572603
2002-12-06,750.2853892836162
2002-12-09,749.7795897700505
2002-12-10,751.4930743655358
2002-12-11,750.176649503668
2002-12-12,746.9179282374868
2002-12-13,747.2307047568838
2002-12-16,742.2987213203515
2002-12-17,739.893594103478
2002-12-18,727.6737241985677
2002-12-19,736.4920411848723
2002-12-20,738.136145833761
2002-12-23,740.419248017572
2002-12-24,741.6206520813671
2002-12-25,739.8620362859575
2002-12-26,751.020016845353
2002-12-27,753.6255725310789
2002-12-30,756.5682246028693
2002-12-31,752.6914960860106
2003-01-01,752.6914960860106
2003-01-02,754.3932809358627
2003-01-03,751.2645300416553
2003-01-06,765.3865425643478
2003-01-07,752.9875661119137
2003-01-08,744.3457319252316
2003-01-09,742.5756663172764
2003-01-10,735.9212510062856
2003-01-13,738.0954314245247
2003-01-14,745.7293320119228
2003-01-15,753.3143275551781
2003-01-16,752.3113476863507
2003-01-17,746.2406581075337
2003-01-20,738.6426131042055
2003-01-21,741.6243563608656
2003-01-22,730.952993753585
2003-01-23,742.8305951320402
2003-01-24,731.8958127448304
2003-01-27,719.5453184094982
2003-01-28,716.7630503340248
2003-01-29,707.2537917497257
2003-01-30,706.5971372249486
2003-01-31,700.337798730886
2003-02-03,707.7520282066322
2003-02-04,706.0109645624424
2003-02-05,710.5949041968777
2003-02-06,707.4178690528347
2003-02-07,705.8552714557588
2003-02-10,705.0221366668355
2003-02-11,706.6828793538108
2003-02-12,714.2800782982135
2003-02-13,706.7935644983523
2003-02-14,714.5610886887615
2003-02-17,720.0454375214938
2003-02-18,728.6618323861195
2003-02-19,727.9480413890725
2003-02-20,721.8389762621949
2003-02-21,712.9195001288585
2003-02-24,722.4844215076009
2003-02-25,711.0050620782563
2003-02-26,710.7081288204396
2003-02-27,711.4715731635984
2003-02-28,705.4042699417083
2003-03-03,705.7943324153817
2003-03-04,703.7112028345824
2003-03-05,700.2098770499521
2003-03-06,694.0276378713733
2003-03-07,682.0708512846509
2003-03-10,676.5689915134575
2003-03-11,663.4748521582895
2003-03-12,670.7410047062064
2003-03-13,670.0216707210462
2003-03-14,679.3347369261924
2003-03-17,681.9356669260152
2003-03-18,685.8684545790871
2003-03-19,689.1080332134629
2003-03-20,695.1032121678867
2003-03-21,692.5518046004379
2003-03-24,708.4818104809777
2003-03-25,699.1024382158766
2003-03-26,708.4903004672472
2003-03-27,709.1777371726911
2003-03-28,700.1035238503592
2003-03-31,677.3367928990308
2003-04-01,683.1304144843757
2003-04-02,694.0202610643056
2003-04-03,691.3441547492624
2003-04-04,692.6732233087088
2003-04-07,703.9856382922829
2003-04-08,697.4306097250302
2003-04-09,693.2615834022268
2003-04-10,686.5433646655545
2003-04-11,677.2428167714716
2003-04-14,675.2171337842358
2003-04-15,680.5239901339801
2003-04-16,674.2303464575836
2003-04-17,674.4792394101964
2003-04-18,673.6981138238998
2003-04-21,676.6138755094291
2003-04-22,665.2349216205392
2003-04-23,663.9499518722298
2003-04-24,665.5993847057869
2003-04-25,657.1229461736058
2003-04-28,653.7452575005785
2003-04-29,653.2775028668176
2003-04-30,667.640593856055
2003-05-01,665.5127925629396
2003-05-02,668.3629803653763
2003-05-05,666.4955810034032
2003-05-06,675.9863240238041
2003-05-07,683.6638924273971
2003-05-08,670.9159346408337
2003-05-09,674.9841128630978
2003-05-12,674.8831367382445
2003-05-13,677.4094569271285
2003-05-14,681.7778198330731
2003-05-15,676.5441519544863
2003-05-16,672.1864445329658
2003-05-19,656.2108626091677
2003-05-20,659.9603423675255
2003-05-21,649.9218797870362
2003-05-22,655.0880632350023
2003-05-23,660.3525129484234
2003-05-26,655.4939066206623
2003-05-27,646.7314423950272
2003-05-28,650.2784938894164
2003-05-29,653.3961853688313
2003-05-30,650.3236697033919
2003-06-02,658.7165805689516
2003-06-03,659.615369387653
2003-06-04,662.4826217670341
2003-06-05,662.3825960758315
2003-06-06,669.5111795421606
2003-06-09,668.6869898003486
2003-06-10,675.6987381553273
2003-06-11,673.670561758818
2003-06-12,675.4741131740484
2003-06-13,677.4395033562323
2003-06-16,671.2180530145251
2003-06-17,678.1458514132906
2003-06-18,686.3515429252736
2003-06-19,686.3187003064772
2003-06-20,694.0470165898356
2003-06-23,706.8066684667699
2003-06-24,694.0124457370988
2003-06-25,692.3872038530883
2003-06-26,691.686675610336
2003-06-27,698.7370233857055
2003-06-30,687.9909598130512
2003-07-01,694.4032485128585
2003-07-02,717.7526188036408
2003-07-03,729.2212008808372
2003-07-04,724.8915810477951
2003-07-07,737.519452589964
2003-07-08,740.3750505700726
2003-07-09,749.0257929888659
2003-07-10,747.0066178760154
2003-07-11,736.3225854570562
2003-07-14,743.8884194864952
2003-07-15,743.4368018931773
2003-07-16,738.3525515211988
2003-07-17,728.8068276610508
2003-07-18,729.8623442081716
2003-07-21,725.4269119747624
2003-07-22,717.1391441529819
2003-07-23,718.4080324731443
2003-07-24,714.2289445922771
2003-07-25,711.6858382310422
2003-07-28,718.484367051765
2003-07-29,716.2607971730645
2003-07-30,708.855882582467
2003-07-31,715.8326648903856
2003-08-01,718.557310660438
2003-08-04,705.5151802409027
2003-08-05,703.3071146740226
2003-08-06,699.6403680213978
2003-08-07,703.4569404269027
2003-08-08,706.7021939591611
2003-08-11,717.5606142469509
2003-08-12,722.5934703814905
2003-08-13,726.5844110977868
2003-08-14,737.8433832277916
2003-08-15,737.3357106894598
2003-08-18,747.4543818707466
2003-08-19,758.201307794191
2003-08-20,771.3696709104274
2003-08-21,789.0669556391208
2003-08-22,795.8142740288121
2003-08-25,791.1214524879391
2003-08-26,790.7233622300893
2003-08-27,785.0207539081977
2003-08-28,779.7116699004265
2003-08-29,785.2673747178742
2003-09-01,802.8127226267317
2003-09-02,811.6573675009624
2003-09-03,820.9846723887442
2003-09-04,815.0610536437437
2003-09-05,804.5007019539656
2003-09-08,800.3672669901592
2003-09-09,806.1979309221972
2003-09-10,796.5408955603914
2003-09-11,784.7954900012998
2003-09-12,788.6552309087775
2003-09-15,788.1637756077628
2003-09-16,814.2915230360168
2003-09-17,819.4991783282575
2003-09-18,828.0530642312339
2003-09-19,831.0349095977168
2003-09-22,819.7664113548248
2003-09-23,822.682498439305
2003-09-24,831.9169414303979
2003-09-25,814.088973848965
2003-09-26,811.2592690964192
2003-09-29,805.0271701380335
2003-09-30,795.1264737545728
2003-10-01,806.0229107851195
2003-10-02,826.3684707025834
2003-10-03,839.1842731712572
2003-10-06,831.1788404889004
2003-10-07,837.5587774944594
2003-10-08,823.3683127104973
2003-10-09,834.5964703431538
2003-10-10,841.4734246306587
2003-10-13,847.7346675442898
2003-10-14,849.442215920787
2003-10-15,846.8156603575562
2003-10-16,850.4311130671158
2003-10-17,850.7852940088801
2003-10-20,849.3529041868808
2003-10-21,849.1793677370382
2003-10-22,835.9530920731174
2003-10-23,800.2385591839709
2003-10-24,800.6899852390144
2003-10-27,820.4992249222736
2003-10-28,832.8876262401604
2003-10-29,842.3716379401714
2003-10-30,838.6624224992879
2003-10-31,823.1697067182967
2003-11-03,824.5848340816497
2003-11-04,851.313071645787
2003-11-05,846.7623128710507
2003-11-06,831.350581652346
2003-11-07,838.364966377267
2003-11-10,841.501526533756
2003-11-11,821.5329662231815
2003-11-12,812.5221860212754
2003-11-13,818.5307341788208
2003-11-14,807.958735059357
2003-11-17,782.9876448527782
2003-11-18,780.3642935767468
2003-11-19,764.624286160383
2003-11-20,778.7013674910655
2003-11-21,778.1432004755969
2003-11-24,785.5572271606098
2003-11-25,787.2678907001994
2003-11-26,791.0713563618699
2003-11-27,789.8711792319082
2003-11-28,778.1977534208831
2003-12-01,794.6772803621118
2003-12-02,791.4773754223014
2003-12-03,789.6057188894249
2003-12-04,798.5188141494303
2003-12-05,794.2793517579433
2003-12-08,781.5546918939475
2003-12-09,785.6462949174465
2003-12-10,769.9030689158118
2003-12-11,784.0258916301765
2003-12-12,784.3418705416418
2003-12-15,796.2799355924498
2003-12-16,785.1703347414212
2003-12-17,774.7635758286375
2003-12-18,774.2711598837677
2003-12-19,786.5833651168226
2003-12-22,790.5593148297215
2003-12-23,791.0597511174659
2003-12-24,786.5912567031185
2003-12-25,785.0887750098955
2003-12-26,788.525217395922
2003-12-29,790.0868191371818
2003-12-30,795.9372926032647
2003-12-31,788.9659961379948
2004-01-01,788.9659961379948
2004-01-02,791.7351916999339
2004-01-05,802.4322502358433
2004-01-06,798.6589696103122
2004-01-07,798.5346575122747
2004-01-08,796.565366347736
2004-01-09,788.5918910112225
2004-01-12,790.8257913776067
2004-01-13,788.8158651712793
2004-01-14,794.0911820187446
2004-01-15,790.9332017643022
2004-01-16,808.7173593106114
2004-01-19,813.1839546474781
2004-01-20,803.6503064090248
2004-01-21,800.8332867387539
2004-01-22,803.7283023108715
2004-01-23,809.6679627484763
2004-01-26,816.4792277813668
2004-01-27,815.5804856386662
2004-01-28,814.6490807084576
2004-01-29,822.7612724793516
2004-01-30,816.5278643231386
2004-02-02,820.9374424949015
2004-02-03,811.0553587285526
2004-02-04,802.8861444379497
2004-02-05,798.634944895845
2004-02-06,791.7418751348146
2004-02-09,788.251175067762
2004-02-10,788.9284374924788
2004-02-11,790.0488534358979
2004-02-12,787.4308044477881
2004-02-13,793.125802029403
2004-02-16,793.5329681909882
2004-02-17,792.5334149610463
2004-02-18,789.0354182020217
2004-02-19,793.2540296989014
2004-02-20,787.1512815570243
2004-02-23,798.8698974471923
2004-02-24,783.0107853156165
2004-02-25,790.0223431778647
2004-02-26,798.8533712850088
2004-02-27,815.3237654704703
2004-03-01,832.7917683631059
2004-03-02,837.8605340091747
2004-03-03,846.222996457581
2004-03-04,837.7002693810952
2004-03-05,828.2218758759454
2004-03-08,825.2802260213748
2004-03-09,830.0077209074216
2004-03-10,838.5788580194627
2004-03-11,830.9177893606567
2004-03-12,824.3757024695734
2004-03-15,832.9874046455064
2004-03-16,836.1204877694861
2004-03-17,866.141422208441
2004-03-18,873.7674275248681
2004-03-19,866.6972569801052
2004-03-22,858.8290018606419
2004-03-23,864.9181781207902
2004-03-24,885.3986140422567
2004-03-25,900.9532823742504
2004-03-26,920.7342231608351
2004-03-29,917.0975728472574
2004-03-30,911.3664248702347
2004-03-31,918.3281679144211
2004-04-01,910.5894165022017
2004-04-02,926.1850941196909
2004-04-05,935.5960294869296
2004-04-06,932.5799800738096
2004-04-07,931.5879204174541
2004-04-08,932.0500868434927
2004-04-09,924.008001755962
2004-04-12,933.6145829917301
2004-04-13,941.3149192015223
2004-04-14,926.1287018991713
2004-04-15,909.2216300660959
2004-04-16,911.2581585168889
2004-04-19,903.1932132954473
2004-04-20,925.7946133004738
2004-04-21,918.6403552876519
2004-04-22,921.2221239792894
2004-04-23,932.9344087797268
2004-04-26,935.7883297332271
2004-04-27,919.9340802372797
2004-04-28,922.7108879489551
2004-04-29,913.1067000648612
2004-04-30,889.6366102452279
2004-05-03,891.7450508513425
2004-05-04,886.4551068647662
2004-05-05,893.297219280871
2004-05-06,878.3392753057634
2004-05-07,863.5251199723276
2004-05-10,821.1689236227583
2004-05-11,827.7225435785369
2004-05-12,843.4579896505571
2004-05-13,822.6803759750063
2004-05-14,821.7100179047875
2004-05-17,795.1931387876516
2004-05-18,806.6574588346158
2004-05-19,829.0383727629246
2004-05-20,830.586783986559
2004-05-21,844.3578531892329
2004-05-24,849.51851422864
2004-05-25,832.2606648825281
2004-05-26,849.7361098095879
2004-05-27,843.224788062704
2004-05-28,854.9390174947431
2004-05-31,855.2569706121881
2004-06-01,859.7570540542036
2004-06-02,851.6876338698071
2004-06-03,834.6472262179475
2004-06-04,839.0170525516113
2004-06-07,863.4056744752253
2004-06-08,870.8231423629155
2004-06-09,883.6631511768952
2004-06-10,888.4561866012834
2004-06-11,886.1127444665859
2004-06-14,873.5132895184217
2004-06-15,876.8924634119533
2004-06-16,894.5607974296332
2004-06-17,895.2653782237896
2004-06-18,882.5865952106292
2004-06-21,901.7003498575
2004-06-22,899.3116119711166
2004-06-23,902.5187689111069
2004-06-24,915.8511422744763
2004-06-25,914.7847384005403
2004-06-28,916.2622562848549
2004-06-29,916.8830554042206
2004-06-30,906.7234408226128
2004-07-01,916.0568751788317
2004-07-02,894.202680194933
2004-07-05,879.6506121397924
2004-07-06,876.9465265116318
2004-07-07,870.177676177683
2004-07-08,863.2921448640898
2004-07-09,876.0546222654891
2004-07-12,883.5186507234718
2004-07-13,885.6578126682683
2004-07-14,867.6529763094794
2004-07-15,867.74166472041
2004-07-16,871.1338841431042
2004-07-19,876.0935631189587
2004-07-20,873.0393799810142
2004-07-21,878.4578921313898
2004-07-22,870.0060747310039
2004-07-23,870.0060393882312
2004-07-26,866.2052518006057
2004-07-27,859.7075634204639
2004-07-28,863.5137163893911
2004-07-29,857.8578446559084
2004-07-30,875.2179648167257
2004-08-02,879.3334684317986
2004-08-03,872.9664760934803
2004-08-04,861.2774566803087
2004-08-05,861.3070505435194
2004-08-06,852.0423841383898
2004-08-09,844.5541174529982
2004-08-10,837.0722149046117
2004-08-11,849.9500163167912
2004-08-12,845.7834371370146
2004-08-13,826.6067695305309
2004-08-16,821.6239195190815
2004-08-17,829.8450823970124
2004-08-18,836.693702302028
2004-08-19,839.862622950038
2004-08-20,841.9298629193721
2004-08-23,851.4185934876504
2004-08-24,857.5546327379886
2004-08-25,864.8081721894631
2004-08-26,869.666341426992
2004-08-27,879.7524029196293
2004-08-30,874.9182975258506
2004-08-31,863.5281175995717
2004-09-01,868.2231387018558
2004-09-02,870.7037552698371
2004-09-03,862.6218737440527
2004-09-06,876.1748374232935
2004-09-07,881.7383429996592
2004-09-08,879.5872721807269
2004-09-09,865.1719101926151
2004-09-10,854.9243909372198
2004-09-13,859.9314179973362
2004-09-14,862.8641055856663
2004-09-15,859.3151655826694
2004-09-16,860.8025098075316
2004-09-17,852.4093141036587
2004-09-20,855.2326504970791
2004-09-21,846.631287179307
2004-09-22,842.5774653592915
2004-09-23,840.9209429654754
2004-09-24,833.5161422619182
2004-09-27,827.6290706170694
2004-09-28,822.4579113495782
2004-09-29,825.9230490807045
2004-09-30,828.6844689800263
2004-10-01,838.9652246734454
2004-10-04,856.7387651359086
2004-10-05,856.4196051480047
2004-10-06,859.7458028493676
2004-10-07,856.8501289551754
2004-10-08,859.1596506142811
2004-10-11,865.7300115775303
2004-10-12,857.8399160038618
2004-10-13,858.8877133597942
2004-10-14,843.1697955912656
2004-10-15,837.1254746614502
2004-10-18,832.4015674451169
2004-10-19,845.3765209060434
2004-10-20,832.3580175263199
2004-10-21,832.8126535251723
2004-10-22,832.4807096052934
2004-10-25,818.7332736967761
2004-10-26,818.4402075009706
2004-10-27,822.2625224841439
2004-10-28,834.0134976635269
2004-10-29,831.5124163142682
2004-11-01,828.238484154591
2004-11-02,843.3638250275669
2004-11-03,837.4189273184246
2004-11-04,834.9201025814482
2004-11-05,841.6296385645996
2004-11-08,834.6208605276101
2004-11-09,834.9884826411728
2004-11-10,826.8530725162351
2004-11-11,821.1668040601195
2004-11-12,836.2162675887245
2004-11-15,849.3213699233318
2004-11-16,844.1323547800139
2004-11-17,845.1440934362291
2004-11-18,844.4981557296784
2004-11-19,851.0298582322075
2004-11-22,835.1857438474208
2004-11-23,829.678182117793
2004-11-24,833.3003109704102
2004-11-25,835.2785965664091
2004-11-26,828.5873184259592
2004-11-29,836.2756824163631
2004-11-30,830.2639483081014
2004-12-01,820.782701321672
2004-12-02,834.0067254638276
2004-12-03,835.9773421164771
2004-12-06,824.9209014684017
2004-12-07,816.3238554936311
2004-12-08,816.3215064526389
2004-12-09,805.6942851690706
2004-12-10,802.5075409456233
2004-12-13,808.5289936867866
2004-12-14,811.4925249096285
2004-12-15,816.0073834924773
2004-12-16,821.3531837696413
2004-12-17,830.2984235292919
2004-12-20,822.4765075579853
2004-12-21,823.2098909934236
2004-12-22,830.5458038271823
2004-12-23,827.1143374150063
2004-12-24,834.6786106071137
2004-12-27,832.5014461148588
2004-12-28,835.7181220787157
2004-12-29,828.20092633864
2004-12-30,842.7135182720555
2004-12-31,849.6978395994134
2005-01-03,854.6207229694371
2005-01-04,855.3252799750815
2005-01-05,853.6615403178463
2005-01-06,853.5535778572677
2005-01-07,861.596811105662
2005-01-10,861.5199892224599
2005-01-11,869.6689254920224
2005-01-12,866.163582486091
2005-01-13,865.0573043790213
2005-01-14,875.0027206598871
2005-01-17,880.8375600912481
2005-01-18,875.4790166394176
2005-01-19,876.5647229517662
2005-01-20,868.6411839062653
2005-01-21,865.9067355554538
2005-01-24,873.1181065167016
2005-01-25,868.0669029935228
2005-01-26,875.7977592398892
2005-01-27,872.5055923320864
2005-01-28,871.6841348389332
2005-01-31,873.3790919147874
2005-02-01,870.7182620266061
2005-02-02,873.2919101903929
2005-02-03,868.3135598237939
2005-02-04,876.3252380620594
2005-02-07,883.6225257726073
2005-02-08,874.5906339513243
2005-02-09,873.234615461388
2005-02-10,870.5998363718975
2005-02-11,870.9391673453501
2005-02-14,875.3762054886945
2005-02-15,879.7861548449015
2005-02-16,869.6684341052783
2005-02-17,863.8702188349681
2005-02-18,865.2497572622179
2005-02-21,868.9715817767346
2005-02-22,865.7764317532827
2005-02-23,856.1827574083039
2005-02-24,855.6275046286743
2005-02-25,865.8586228258183
2005-02-28,873.9331843403821
2005-03-01,880.2590121584055
2005-03-02,886.2562270176832
2005-03-03,887.1368303001666
2005-03-04,884.7118072734505
2005-03-07,886.3919779078105
2005-03-08,879.4694478803206
2005-03-09,886.7502653585175
2005-03-10,879.3164694143335
2005-03-11,881.0707025755363
2005-03-14,873.9234518041709
2005-03-15,881.7736180145686
2005-03-16,880.6074187343416
2005-03-17,876.6364059775864
2005-03-18,887.5574931357979
2005-03-21,893.1791587974012
2005-03-22,894.0528770179518
2005-03-23,892.7189986015518
2005-03-24,889.8888580030263
2005-03-25,892.300158509074
2005-03-28,899.6652274545979
2005-03-29,878.8691130425206
2005-03-30,873.7133559273711
2005-03-31,883.6645158873922
2005-04-01,885.1106967558309
2005-04-04,883.3532999881136
2005-04-05,885.8842347385521
2005-04-06,888.1404590370759
2005-04-07,887.20730465557
2005-04-08,890.5231400727241
2005-04-11,881.0579335284355
2005-04-12,877.4732509297339
2005-04-13,882.5550817873265
2005-04-14,876.4026498181851
2005-04-15,863.8919578862237
2005-04-18,831.232807937007
2005-04-19,843.2856689137269
2005-04-20,844.8803210376321
2005-04-21,834.1121656940932
2005-04-22,849.8877160511306
2005-04-25,860.2499968169789
2005-04-26,857.0986693234433
2005-04-27,858.0832440864336
2005-04-28,863.152069547853
2005-04-29,872.2780787231354
2005-05-02,875.9763392772337
2005-05-03,872.5212741422372
2005-05-04,875.1602439585457
2005-05-05,874.8662727740987
2005-05-06,891.9819415558763
2005-05-09,885.791256055177
2005-05-10,880.6099936196591
2005-05-11,881.899419017439
2005-05-12,878.6599783347165
2005-05-13,874.712270643556
2005-05-16,866.8864804568785
2005-05-17,859.0047435709062
2005-05-18,856.1712179061253
2005-05-19,865.5458478405618
2005-05-20,864.5861999603954
2005-05-23,870.9520470590882
2005-05-24,871.9876769339901
2005-05-25,864.397984830254
2005-05-26,868.0943083017239
2005-05-27,872.398181691107
2005-05-30,884.1125293386197
2005-05-31,895.0441420493045
2005-06-01,900.1787892839484
2005-06-02,896.9923634966001
2005-06-03,903.0913461632853
2005-06-06,907.5808517393352
2005-06-07,907.5919023275729
2005-06-08,906.5427224636662
2005-06-09,901.3798543989285
2005-06-10,908.6803624543023
2005-06-13,905.1167541113376
2005-06-14,907.3352611772873
2005-06-15,908.5868956478863
2005-06-16,912.0053764509443
2005-06-17,910.3239236030857
2005-06-20,913.5625765514526
2005-06-21,920.2433614717035
2005-06-22,921.0051750699372
2005-06-23,928.6060442449472
2005-06-24,920.6262611744676
2005-06-27,906.8031469797392
2005-06-28,916.5653129346465
2005-06-29,917.2724041829738
2005-06-30,911.2901887813638
2005-07-01,919.1019054527812
2005-07-04,926.7934182680277
2005-07-05,923.7110446922575
2005-07-06,920.2678430354009
2005-07-07,914.6722343501535
2005-07-08,912.7875955723437
2005-07-11,911.1309954855903
2005-07-12,907.746531498438
2005-07-13,904.8011229949107
2005-07-14,908.4530042850078
2005-07-15,913.5189693625845
2005-07-18,916.3885803665205
2005-07-19,909.9965688870719
2005-07-20,906.1411089699217
2005-07-21,920.3166918410178
2005-07-22,912.6447214406833
2005-07-25,911.742947399515
2005-07-26,909.8830141332355
2005-07-27,913.9114532871391
2005-07-28,910.2335820436716
2005-07-29,910.1709634942443
2005-08-01,907.7397941782995
2005-08-02,914.008713138112
2005-08-03,909.7024662610618
2005-08-04,897.622297060597
2005-08-05,884.9547609720003
2005-08-08,887.825423401162
2005-08-09,895.7244676916223
2005-08-10,918.2033552757049
2005-08-11,927.2892384243611
2005-08-12,932.3161782693747
2005-08-15,938.787282487437
2005-08-16,945.5030528409222
2005-08-17,940.961836757144
2005-08-18,945.3321972534357
2005-08-19,943.2037113323221
2005-08-22,955.7426710969685
2005-08-23,959.499852204162
2005-08-24,953.9090706494788
2005-08-25,949.6012604048009
2005-08-26,954.1661349199771
2005-08-29,942.2044414406531
2005-08-30,947.9638193787314
2005-08-31,943.611011856518
2005-09-01,944.286584546278
2005-09-02,945.8522706864453
2005-09-05,955.7979585531249
2005-09-06,950.9995925707693
2005-09-07,949.6100185669518
2005-09-08,943.9809709653165
2005-09-09,959.4527755403741
2005-09-12,979.603145392331
2005-09-13,974.7034064629067
2005-09-14,977.0818891256108
2005-09-15,991.2813329912515
2005-09-16,982.1506206160619
2005-09-19,988.3508787497326
2005-09-20,1001.1605187270454
2005-09-21,1004.305535758173
2005-09-22,1008.6215445257749
2005-09-23,1009.3131785798157
2005-09-26,1029.9902187951286
2005-09-27,1019.9650890068758
2005-09-28,1030.6596529101184
2005-09-29,1048.148366435548
2005-09-30,1032.1553300331775
2005-10-03,1029.1947722849739
2005-10-04,1038.111226316757
2005-10-05,1032.6408135097777
2005-10-06,997.1200433486573
2005-10-07,993.7564111705083
2005-10-10,995.5909400193985
2005-10-11,1017.7461700599132
2005-10-12,1016.9659125205786
2005-10-13,1021.4627080496302
2005-10-14,1015.187259099932
2005-10-17,1013.32349938573
2005-10-18,1009.6539580098649
2005-10-19,999.220109701473
2005-10-20,1005.3237706668015
2005-10-21,1001.1719987904761
2005-10-24,1002.6299292951976
2005-10-25,1007.9198632789046
2005-10-26,1008.74030642843
2005-10-27,1019.6189710701684
2005-10-28,1013.6673387544088
2005-10-31,1036.34014712673
2005-11-01,1048.6176396562814
2005-11-02,1036.519391196694
2005-11-03,1039.0744869570613
2005-11-04,1055.9149882076106
2005-11-07,1059.622871806531
2005-11-08,1060.9723691037138
2005-11-09,1058.9291563177355
2005-11-10,1051.654752316462
2005-11-11,1062.261574834413
2005-11-14,1045.136489103099
2005-11-15,1042.0716471594696
2005-11-16,1047.458758092342
2005-11-17,1061.8114568435353
2005-11-18,1069.106917055924
2005-11-21,1071.9800351577933
2005-11-22,1068.169352900893
2005-11-23,1066.2063185441427
2005-11-24,1060.778530315485
2005-11-25,1061.361375234819
2005-11-28,1068.5003244003008
2005-11-29,1066.1937647798836
2005-11-30,1057.8849921973163
2005-12-01,1074.3608211007352
2005-12-02,1086.6243317441447
2005-12-05,1078.2746394773328
2005-12-06,1075.0325662331613
2005-12-07,1090.566013087912
2005-12-08,1067.1826306220273
2005-12-09,1074.310649717656
2005-12-12,1083.4019850714044
2005-12-13,1089.8803883050334
2005-12-14,1093.5431009290592
2005-12-15,1096.4642616762121
2005-12-16,1095.8234782295342
2005-12-19,1100.9145516068634
2005-12-20,1117.2029897038888
2005-12-21,1139.0930459538934
2005-12-22,1139.6073118287957
2005-12-23,1142.4044505645757
2005-12-26,1144.0554954954457
2005-12-27,1129.9296023199665
2005-12-28,1133.928691728056
2005-12-29,1138.0698107480896
2005-12-30,1129.427236077751
2006-01-02,1129.427236077751
2006-01-03,1125.472043284609
2006-01-04,1131.2693330325963
2006-01-05,1143.8005199840427
2006-01-06,1148.6214047070082
2006-01-09,1158.609427758015
2006-01-10,1141.5097484563908
2006-01-11,1151.3622271607128
2006-01-12,1166.7418400080223
2006-01-13,1156.9332208144267
2006-01-16,1140.9455031529767
2006-01-17,1117.6418739263363
2006-01-18,1093.29153766215
2006-01-19,1113.5053769146834
2006-01-20,1119.48504621164
2006-01-23,1096.2314032140032
2006-01-24,1109.6797832816487
2006-01-25,1100.2539553389813
2006-01-26,1109.9840847019461
2006-01-27,1140.3319516298416
2006-01-30,1146.5944893121198
2006-01-31,1149.8343612877284
2006-02-01,1136.1979326288194
2006-02-02,1142.2113261476584
2006-02-03,1137.3151454451438
2006-02-06,1144.1379591091754
2006-02-07,1152.8589636885285
2006-02-08,1126.424257592656
2006-02-09,1136.249540542234
2006-02-10,1137.0178381209437
2006-02-13,1121.0679162196707
2006-02-14,1136.6400641831585
2006-02-15,1126.4501409539705
2006-02-16,1131.7036153608412
2006-02-17,1106.9023951506515
2006-02-20,1096.1852473631066
2006-02-21,1112.8831602441887
2006-02-22,1112.19820001577
2006-02-23,1143.3831535373404
2006-02-24,1150.1496672982933
2006-02-27,1168.9531177548192
2006-02-28,1172.1450077527156
2006-03-01,1153.8795096888161
2006-03-02,1148.1943538883875
2006-03-03,1132.1622375247655
2006-03-06,1131.829385828273
2006-03-07,1136.1201862955822
2006-03-08,1127.6101439074637
2006-03-09,1152.5136367835767
2006-03-10,1141.6455727281702
2006-03-13,1151.2576910120556
2006-03-14,1151.7240285352138
2006-03-15,1152.8982880905558
2006-03-16,1134.9874088082322
2006-03-17,1155.5420125158216
2006-03-20,1167.8980723173302
2006-03-21,1168.1834595630537
2006-03-22,1167.0757908345608
2006-03-23,1165.4468542479747
2006-03-24,1168.1421613550187
2006-03-27,1181.4140324251075
2006-03-28,1175.6185772458414
2006-03-29,1180.2395868007286
2006-03-30,1177.814018041822
2006-03-31,1173.03407206282
2006-04-03,1186.753426115211
2006-04-04,1176.8509983249712
2006-04-05,1175.6516712455825
2006-04-06,1197.9153773789517
2006-04-07,1210.884358953517
2006-04-10,1202.1788366345859
2006-04-11,1194.682798590316
2006-04-12,1182.461777791895
2006-04-13,1187.373991427294
2006-04-14,1188.6011910555353
2006-04-17,1164.388541384673
2006-04-18,1175.7508812789233
2006-04-19,1173.9288538694902
2006-04-20,1182.0132980953829
2006-04-21,1193.2510265072572
2006-04-24,1183.2108799600953
2006-04-25,1189.25952885061
2006-04-26,1190.0649466528782
2006-04-27,1191.3690339615875
2006-04-28,1174.610393458072
2006-05-01,1189.6689626793222
2006-05-02,1197.6896414919643
2006-05-03,1196.3851471009837
2006-05-04,1190.014546800886
2006-05-05,1197.8575524152857
2006-05-08,1218.099740216709
2006-05-09,1215.0599695420976
2006-05-10,1203.081696283679
2006-05-11,1194.766472529529
2006-05-12,1177.7631705250674
2006-05-15,1185.7714223720038
2006-05-16,1166.663801895663
2006-05-17,1181.9549244088228
2006-05-18,1154.1387402703951
2006-05-19,1149.4228654103385
2006-05-22,1129.0176972510478
2006-05-23,1116.60963847035
2006-05-24,1124.2139808074567
2006-05-25,1116.3217624675456
2006-05-26,1134.1990130285049
2006-05-29,1131.3789996611492
2006-05-30,1124.2625241624237
2006-05-31,1106.910810122882
2006-06-01,1112.5714569009642
2006-06-02,1125.472280705943
2006-06-05,1113.0008682422078
2006-06-06,1093.7975303198814
2006-06-07,1080.5255766762718
2006-06-08,1050.0153176894091
2006-06-09,1060.916154328369
2006-06-12,1064.8313753498255
2006-06-13,1029.5709152962718
2006-06-14,1032.6470533762724
2006-06-15,1038.4623222298983
2006-06-16,1063.3592186325934
2006-06-19,1066.073301454541
2006-06-20,1063.2910424354911
2006-06-21,1056.7893846746017
2006-06-22,1080.3540954064283
2006-06-23,1076.0589617552896
2006-06-26,1072.9978670407204
2006-06-27,1069.9790168896977
2006-06-28,1061.2916807500455
2006-06-29,1077.3421990118306
2006-06-30,1100.2151736994826
2006-07-03,1093.7230668253314
2006-07-04,1104.0067081345187
2006-07-05,1093.9796811289061
2006-07-06,1089.1072280776561
2006-07-07,1098.6647412929733
2006-07-10,1123.3914388327985
2006-07-11,1118.5232481619555
2006-07-12,1097.5109171337976
2006-07-13,1094.1509183386443
2006-07-14,1068.5587668618384
2006-07-17,1071.0941200036311
2006-07-18,1049.896883689449
2006-07-19,1043.7027052168296
2006-07-20,1071.3555704261832
2006-07-21,1065.5639053959233
2006-07-24,1070.9026380528956
2006-07-25,1082.3649919923314
2006-07-26,1075.372793108547
2006-07-27,1092.2082348890508
2006-07-28,1100.3203986122817
2006-07-31,1106.1753450011702
2006-08-01,1099.9821983295517
2006-08-02,1101.7732033601333
2006-08-03,1097.1387116112144
2006-08-04,1098.5303297928147
2006-08-07,1075.3095661931043
2006-08-08,1092.142423206618
2006-08-09,1096.1737718518343
2006-08-10,1102.2647223867232
2006-08-11,1095.2768421893586
2006-08-14,1109.137295181457
2006-08-15,1109.60582674024
2006-08-16,1119.7436057213708
2006-08-17,1118.127838970805
2006-08-18,1126.287059478457
2006-08-21,1108.629966019973
2006-08-22,1121.9133384316283
2006-08-23,1119.5895161167396
2006-08-24,1112.4384810306428
2006-08-25,1109.1094792062056
2006-08-28,1096.6346081257652
2006-08-29,1111.0641826184276
2006-08-30,1103.4407228990133
2006-08-31,1119.5011349881252
2006-09-01,1116.4519725203286
2006-09-04,1133.0064246908066
2006-09-05,1134.3068188841744
2006-09-06,1125.1688927407565
2006-09-07,1113.683425937083
2006-09-08,1121.7738681813455
2006-09-11,1095.6781712354364
2006-09-12,1095.967769086539
2006-09-13,1101.172499252807
2006-09-14,1109.4013505313364
2006-09-15,1113.0561750290176
2006-09-18,1106.0345637911905
2006-09-19,1109.8705494271924
2006-09-20,1099.7478985343203
2006-09-21,1107.4624535746273
2006-09-22,1093.0963239525663
2006-09-25,1097.3566238659087
2006-09-26,1095.4227913747222
2006-09-27,1114.3518071887343
2006-09-28,1115.8417569689184
2006-09-29,1119.7974565559837
2006-10-02,1127.5653757567034
2006-10-03,1123.4040019942452
2006-10-04,1120.2856735760697
2006-10-05,1144.5775057719513
2006-10-06,1138.6719408159188
2006-10-09,1135.6987274898518
2006-10-10,1138.2067547745003
2006-10-11,1135.000864858038
2006-10-12,1130.747691653968
2006-10-13,1135.2762906479995
2006-10-16,1146.4398256748696
2006-10-17,1141.9907053895683
2006-10-18,1141.4400220318314
2006-10-19,1136.787786676514
2006-10-20,1139.637510978202
2006-10-23,1147.5914706532817
2006-10-24,1147.2707486292877
2006-10-25,1144.5690424459758
2006-10-26,1146.12753552586
2006-10-27,1140.8620312826754
2006-10-30,1125.1634932535721
2006-10-31,1123.1968576392826
2006-11-01,1129.6236293219627
2006-11-02,1130.52422724262
2006-11-03,1126.9810546960596
2006-11-06,1120.9860438538471
2006-11-07,1121.2654519375237
2006-11-08,1111.1257061570573
2006-11-09,1101.7621126750944
2006-11-10,1098.2845985451804
2006-11-13,1092.3677673335774
2006-11-14,1106.4370122041623
2006-11-15,1097.8149386882592
2006-11-16,1092.452331483694
2006-11-17,1094.5935257482186
2006-11-20,1072.2870930908634
2006-11-21,1074.059687246126
2006-11-22,1083.7434061923168
2006-11-23,1086.7855267019218
2006-11-24,1070.4568931891756
2006-11-27,1076.2756075987027
2006-11-28,1071.3465707011385
2006-11-29,1087.3239032215847
2006-11-30,1097.1910314788854
2006-12-01,1095.7003367590833
2006-12-04,1094.186536918686
2006-12-05,1095.958031329428
2006-12-06,1106.7241387695808
2006-12-07,1109.7991457571732
2006-12-08,1100.6352100727263
2006-12-11,1103.0324211766367
2006-12-12,1105.726011888057
2006-12-13,1107.675831623548
2006-12-14,1116.9729185976842
2006-12-15,1125.0373279295911
2006-12-18,1127.2898868264667
2006-12-19,1109.869686980781
2006-12-20,1120.8193650709547
2006-12-21,1126.6294920262762
2006-12-22,1124.7582192956063
2006-12-25,1120.2534028478403
2006-12-26,1123.455783085025
2006-12-27,1128.615244766543
2006-12-28,1124.3960254181468
2006-12-29,1120.5033378694488
2007-01-01,1120.5033378694488
2007-01-02,1115.9142709944872
2007-01-03,1117.7691299502633
2007-01-04,1141.2147697517341
2007-01-05,1141.1930487017746
2007-01-08,1141.2228729017381
2007-01-09,1146.6577193025962
2007-01-10,1127.6714515635433
2007-01-11,1120.5361163249381
2007-01-12,1138.3676993627487
2007-01-15,1148.7968116536579
2007-01-16,1142.2381755219942
2007-01-17,1141.5521232486417
2007-01-18,1140.1537643301
2007-01-19,1138.1418364997746
2007-01-22,1145.7776192090653
2007-01-23,1139.9153902932503
2007-01-24,1154.3136768917277
2007-01-25,1149.5990987989742
2007-01-26,1152.1003786391436
2007-01-29,1152.3294309341647
2007-01-30,1154.8818808134522
2007-01-31,1146.963890957108
2007-02-01,1165.910744289404
2007-02-02,1170.5614256890349
2007-02-05,1166.870690681047
2007-02-06,1176.1624759542606
2007-02-07,1169.6391761866191
2007-02-08,1157.2394338850368
2007-02-09,1170.1664202892648
2007-02-12,1172.2663719563673
2007-02-13,1177.372214030379
2007-02-14,1176.4360688505035
2007-02-15,1195.2408925592083
2007-02-16,1199.0985126553142
2007-02-19,1190.8368567464508
2007-02-20,1185.2595632557573
2007-02-21,1179.0627449616156
2007-02-22,1183.745867088181
2007-02-23,1188.9855108554777
2007-02-26,1193.6528406155915
2007-02-27,1207.3423058143078
2007-02-28,1177.6053200622139
2007-03-01,1183.615947448968
2007-03-02,1175.8189809348114
2007-03-05,1159.9491547786479
2007-03-06,1170.7063310534897
2007-03-07,1165.2375949336856
2007-03-08,1179.1352994808854
2007-03-09,1173.500942477829
2007-03-12,1179.6453882769824
2007-03-13,1176.5359645199792
2007-03-14,1148.64642087109
2007-03-15,1148.1225762632466
2007-03-16,1138.3039142272573
2007-03-19,1144.7543296733627
2007-03-20,1157.4567978423158
2007-03-21,1151.283595156689
2007-03-22,1161.0038132577652
2007-03-23,1175.6539050521358
2007-03-26,1169.6697730902113
2007-03-27,1160.1912221862674
2007-03-28,1165.6748917746118
2007-03-29,1153.8218296904004
2007-03-30,1154.5196015593017
2007-04-02,1134.3964211594798
2007-04-03,1139.2613738554421
2007-04-04,1156.4598735407078
2007-04-05,1145.9485034260344
2007-04-06,1144.8145049019963
2007-04-09,1159.407757867359
2007-04-10,1151.7606258716264
2007-04-11,1153.4882603804467
2007-04-12,1143.7636242849965
2007-04-13,1129.5001270022003
2007-04-16,1139.1219755673048
2007-04-17,1133.6628793035409
2007-04-18,1153.1030676835528
2007-04-19,1133.7823097225846
2007-04-20,1134.7872913163903
2007-04-23,1135.1992322939357
2007-04-24,1134.1051450784855
2007-04-25,1119.3025638450497
2007-04-26,1124.776518971077
2007-04-27,1115.7891959623907
2007-04-30,1116.2579482190401
2007-05-01,1111.9436776487287
2007-05-02,1114.5386360535576
2007-05-03,1114.961291113358
2007-05-04,1114.174501361913
2007-05-07,1127.3615739985203
2007-05-08,1133.0813794621301
2007-05-09,1138.0783841604468
2007-05-10,1127.515705795958
2007-05-11,1121.6578080635295
2007-05-14,1127.0350319796544
2007-05-15,1112.8124968509558
2007-05-16,1110.65753496058
2007-05-17,1109.496274566763
2007-05-18,1104.6608005522232
2007-05-21,1111.1238346500136
2007-05-22,1121.0415296712285
2007-05-23,1122.7053087069594
2007-05-24,1123.3602423043963
2007-05-25,1104.0015159000054
2007-05-28,1107.4136366881255
2007-05-29,1113.020936403771
2007-05-30,1116.6692448352603
2007-05-31,1125.775339230769
2007-06-01,1131.118877639761
2007-06-04,1127.9965954966726
2007-06-05,1130.0115071376877
2007-06-06,1136.0866478231233
2007-06-07,1133.459608887352
2007-06-08,1127.114787271647
2007-06-11,1133.6497163988436
2007-06-12,1129.2235347346182
2007-06-13,1119.6797563721655
2007-06-14,1118.892464986642
2007-06-15,1114.757723234233
2007-06-18,1119.7312633575364
2007-06-19,1116.281696963557
2007-06-20,1116.3311709477166
2007-06-21,1117.4748076538397
2007-06-22,1101.7095841501186
2007-06-25,1097.795978011659
2007-06-26,1106.380423115212
2007-06-27,1102.069455682458
2007-06-28,1100.676596711438
2007-06-29,1106.5365892269535
2007-07-02,1106.4996016790783
2007-07-03,1108.706359660606
2007-07-04,1104.4639313310483
2007-07-05,1109.4879434542243
2007-07-06,1095.8877421050236
2007-07-09,1102.200702112245
2007-07-10,1101.9013854324303
2007-07-11,1086.2435531881501
2007-07-12,1080.4653477318816
2007-07-13,1091.836635203335
2007-07-16,1093.4366179717879
2007-07-17,1087.6920067050457
2007-07-18,1078.50914188792
2007-07-19,1081.4454481413195
2007-07-20,1091.330777196396
2007-07-23,1076.952020344866
2007-07-24,1089.9682210218318
2007-07-25,1094.8659829960338
2007-07-26,1093.9207575094201
2007-07-27,1083.1457171222685
2007-07-30,1080.4233969608647
2007-07-31,1073.1026945411477
2007-08-01,1063.0453002661739
2007-08-02,1063.3880442539426
2007-08-03,1060.6200295377364
2007-08-06,1064.5595102394282
2007-08-07,1060.853854320085
2007-08-08,1054.1363729048712
2007-08-09,1081.042978643731
2007-08-10,1070.6214159605738
2007-08-13,1069.035242902424
2007-08-14,1076.024274089838
2007-08-15,1068.1548178951741
2007-08-16,1087.3052023291943
2007-08-17,1040.242208169736
2007-08-20,1054.9293534692417
2007-08-21,1070.8768332530976
2007-08-22,1062.941964743096
2007-08-23,1071.7236791163489
2007-08-24,1065.591952697823
2007-08-27,1067.5221714562044
2007-08-28,1077.601510915318
2007-08-29,1061.117876303448
2007-08-30,1063.6568459110658
2007-08-31,1084.0960455867535
2007-09-03,1082.363408619016
2007-09-04,1076.3558941726012
2007-09-05,1059.4652470619283
2007-09-06,1058.7169770484463
2007-09-07,1065.275449273954
2007-09-10,1049.0108202345464
2007-09-11,1042.554105270928
2007-09-12,1036.7777679803328
2007-09-13,1024.9538801344595
2007-09-14,1038.747605298011
2007-09-17,1039.2741135359033
2007-09-18,1014.066335831787
2007-09-19,1031.7001984448173
2007-09-20,1036.2001395477077
2007-09-21,1018.8500253049065
2007-09-24,1022.8216557173944
2007-09-25,1037.7646425113262
2007-09-26,1028.4294593235259
2007-09-27,1047.2193139394305
2007-09-28,1050.77395654064
2007-10-01,1046.2961300787294
2007-10-02,1061.8423324760445
2007-10-03,1064.8111537858183
2007-10-04,1063.1020319328675
2007-10-05,1059.6050861286838
2007-10-08,1057.5068402651436
2007-10-09,1061.853115081424
2007-10-10,1052.912823988693
2007-10-11,1052.9761091824216
2007-10-12,1051.8055906314157
2007-10-15,1045.7372396470985
2007-10-16,1041.5696815575307
2007-10-17,1026.8587877575
2007-10-18,1036.444703223538
2007-10-19,1029.3007654631608
2007-10-22,1030.8503398351122
2007-10-23,1021.6905045297964
2007-10-24,1020.6237504425246
2007-10-25,1008.6374077217173
2007-10-26,1015.3942439254456
2007-10-29,1027.7938168516946
2007-10-30,1026.3936728221804
2007-10-31,1030.078108809817
2007-11-01,1046.2409369958796
2007-11-02,1027.55256980563
2007-11-05,1023.2091571028691
2007-11-06,1019.5807399937352
2007-11-07,1012.0253902749424
2007-11-08,994.891656659074
2007-11-09,1000.3196202199093
2007-11-12,1002.3661900666996
2007-11-13,986.9783484772092
2007-11-14,989.7445065762074
2007-11-15,1000.5307086041406
2007-11-16,994.1720977016829
2007-11-19,995.1008773522925
2007-11-20,994.4677919751041
2007-11-21,994.1018063383128
2007-11-22,987.9316611316505
2007-11-23,996.1791746565217
2007-11-26,1007.5276266550819
2007-11-27,1011.3473155082868
2007-11-28,1006.6996218841404
2007-11-29,1024.4665465626676
2007-11-30,1023.713192995829
2007-12-03,1028.3357489057744
2007-12-04,1027.8595281351345
2007-12-05,1034.3272107285193
2007-12-06,1041.8031192035332
2007-12-07,1039.0190296016385
2007-12-10,1031.982401463242
2007-12-11,1038.4865493118375
2007-12-12,1026.0490133821127
2007-12-13,1010.8287102421859
2007-12-14,1009.5528338941267
2007-12-17,1001.9248131805396
2007-12-18,999.6248325990159
2007-12-19,989.8285970436182
2007-12-20,999.1215545039635
2007-12-21,993.9349199375005
2007-12-24,987.6514201054852
2007-12-25,1000.8542126830242
2007-12-26,1000.6631901134871
2007-12-27,990.7297534236391
2007-12-28,976.6499530836514
2007-12-31,994.5707442196533
2008-01-01,994.5707442196533
2008-01-02,1005.1133258750757
2008-01-03,1007.5212727708322
2008-01-04,977.3492626905744
2008-01-07,968.1722344828629
2008-01-08,966.4682648022144
2008-01-09,982.3405416371821
2008-01-10,966.2301398649997
2008-01-11,956.3184665208771
2008-01-14,959.488190224802
2008-01-15,963.3447256970184
2008-01-16,956.0793798236699
2008-01-17,965.2130429161424
2008-01-18,969.7328537154362
2008-01-21,963.3610942434649
2008-01-22,900.5706898681862
2008-01-23,928.1222946346652
2008-01-24,924.248666746958
2008-01-25,951.1523506941215
2008-01-28,922.9459053909221
2008-01-29,942.5234280719882
2008-01-30,929.0125290429742
2008-01-31,954.3713289262654
2008-02-01,949.6103447275079
2008-02-04,961.1753871744147
2008-02-05,968.9261113273149
2008-02-06,933.2084494884239
2008-02-07,952.9735075044745
2008-02-08,941.531173937214
2008-02-11,947.6607619273444
2008-02-12,936.7359323692123
2008-02-13,928.9824710406034
2008-02-14,953.5238252928183
2008-02-15,956.0169687713806
2008-02-18,948.1377784689886
2008-02-19,950.1596308507997
2008-02-20,924.373009790548
2008-02-21,938.8830187585454
2008-02-22,931.4202901739009
2008-02-25,941.108527607258
2008-02-26,928.1523525834226
2008-02-27,937.887620508712
2008-02-28,930.4250217062264
2008-02-29,934.2040604771668
2008-03-03,910.6888716762037
2008-03-04,908.3392074632164
2008-03-05,897.3764938764577
2008-03-06,912.8588888151976
2008-03-07,893.1801740658577
2008-03-10,898.4105495817965
2008-03-11,893.3424408441671
2008-03-12,897.7692099718842
2008-03-13,884.5242990814687
2008-03-14,873.4936607298841
2008-03-17,862.7814688928491
2008-03-18,863.3596325871976
2008-03-19,876.9643606727382
2008-03-20,894.909900822195
2008-03-21,913.4679422678399
2008-03-24,894.9892739353961
2008-03-25,899.3197673103639
2008-03-26,903.0699670999376
2008-03-27,892.1189884825825
2008-03-28,904.2991992085936
2008-03-31,882.3884569205056
2008-04-01,890.934481595168
2008-04-02,911.817269255065
2008-04-03,923.7477076671553
2008-04-04,921.0065811852289
2008-04-07,921.6020384762259
2008-04-08,909.5782311970213
2008-04-09,898.9075163825255
2008-04-10,899.023691672157
2008-04-11,915.4235781942308
2008-04-14,895.0649434788497
2008-04-15,896.3676443210095
2008-04-16,894.4527822938311
2008-04-17,896.4065591340475
2008-04-18,892.5027230846961
2008-04-21,902.9312286685727
2008-04-22,891.8712782976897
2008-04-23,893.1537877190665
2008-04-24,894.4835492470869
2008-04-25,914.536325850448
2008-04-28,918.3601502290107
2008-04-29,930.3628829103566
2008-04-30,919.9597489427505
2008-05-01,924.8065873773392
2008-05-02,932.8466315969396
2008-05-05,929.4425026044574
2008-05-06,931.6353519634051
2008-05-07,939.5256589561355
2008-05-08,942.0585790375551
2008-05-09,928.1930062155612
2008-05-12,921.2646194446676
2008-05-13,925.6599282757197
2008-05-14,928.8876198785695
2008-05-15,940.968065863146
2008-05-16,942.8731603520849
2008-05-19,943.2421717996757
2008-05-20,939.0144116323324
2008-05-21,921.3113100981074
2008-05-22,921.3533730654999
2008-05-23,925.9274875575891
2008-05-26,905.5681310859335
2008-05-27,916.2237516912021
2008-05-28,904.2687847819161
2008-05-29,922.4913927653612
2008-05-30,936.5486456543489
2008-06-02,951.1706253091519
2008-06-03,936.0712478324429
2008-06-04,951.9445176076101
2008-06-05,934.7190920183323
2008-06-06,932.9390671509682
2008-06-09,911.8345914456509
2008-06-10,912.5800908637832
2008-06-11,916.2450572494494
2008-06-12,898.5880379547261
2008-06-13,905.5635597120634
2008-06-16,912.1678945714087
2008-06-17,913.0456210607257
2008-06-18,918.5594608805943
2008-06-19,901.2613365882954
2008-06-20,888.185016261257
2008-06-23,887.4957807451717
2008-06-24,885.366993260792
2008-06-25,887.7379757307413
2008-06-26,887.8030535079155
2008-06-27,886.539151235602
2008-06-30,889.7457646238529
2008-07-01,893.4670577810751
2008-07-02,875.9999074212762
2008-07-03,878.4400082774129
2008-07-04,877.0105663833422
2008-07-07,880.1948489920007
2008-07-08,869.8645663487273
2008-07-09,867.7745412890554
2008-07-10,867.6861233675332
2008-07-11,864.3582459230403
2008-07-14,854.7562048470892
2008-07-15,853.0765814439617
2008-07-16,857.8693231492509
2008-07-17,852.3839755202796
2008-07-18,838.5824085285685
2008-07-21,837.1917555403289
2008-07-22,857.4675369085411
2008-07-23,862.7075016094817
2008-07-24,882.1747297715569
2008-07-25,867.4393198476109
2008-07-28,869.1084743959499
2008-07-29,862.63460306577
2008-07-30,880.025167473636
2008-07-31,885.5996915029235
2008-08-01,882.7776872019214
2008-08-04,873.7099634677595
2008-08-05,882.931428880175
2008-08-06,888.1424413293832
2008-08-07,872.9158143743296
2008-08-08,887.6352247515177
2008-08-11,903.2291049511888
2008-08-12,905.852627189587
2008-08-13,903.0350166552284
2008-08-14,890.6098272729993
2008-08-15,897.7925167894103
2008-08-18,908.433226844489
2008-08-19,897.9634821581308
2008-08-20,893.1744586714342
2008-08-21,891.2433381179113
2008-08-22,879.2494412141442
2008-08-25,897.3126680070892
2008-08-26,896.5287258901899
2008-08-27,894.8472058860593
2008-08-28,897.9985994878211
2008-08-29,927.9387217788615
2008-09-01,924.1716330377047
2008-09-02,911.1142182022655
2008-09-03,933.8179313543233
2008-09-04,934.6006019464922
2008-09-05,935.4256280055207
2008-09-08,945.7265482923234
2008-09-09,941.1744513466552
2008-09-10,946.9573775292918
2008-09-11,946.1736484559593
2008-09-12,927.2391371985758
2008-09-15,935.0634285689329
2008-09-16,915.8327513830764
2008-09-17,920.9366642739748
2008-09-18,891.3388818138743
2008-09-19,895.2388799656235
2008-09-22,883.7646804307896
2008-09-23,887.0870159906317
2008-09-24,895.0091951380676
2008-09-25,891.1777313261867
2008-09-26,898.6941164786805
2008-09-29,911.228893861305
2008-09-30,895.5703435815044
2008-10-01,917.7278032397287
2008-10-02,931.3915592205057
2008-10-03,909.7603790223657
2008-10-06,942.4286649693298
2008-10-07,895.3822064846979
2008-10-08,853.9224758458483
2008-10-09,836.0881351963654
2008-10-10,776.4026309945788
2008-10-13,763.8772957483621
2008-10-14,838.5297972559408
2008-10-15,863.1738641141972
2008-10-16,814.0998442169633
2008-10-17,838.3650827234682
2008-10-20,875.4225278057704
2008-10-21,908.8683673967089
2008-10-22,889.561458118357
2008-10-23,896.2226986170999
2008-10-24,888.3062859165378
2008-10-27,856.6594298298568
2008-10-28,874.8364732277714
2008-10-29,880.5601709831889
2008-10-30,940.2342059852526
2008-10-31,903.8378926608607
2008-11-03,892.7944223413823
2008-11-04,912.9168940033807
2008-11-05,941.3926389523015
2008-11-06,933.2567735064026
2008-11-07,909.1211076339431
2008-11-10,939.7059560332619
2008-11-11,944.8762472340935
2008-11-12,958.0767674890321
2008-11-13,921.196117070805
2008-11-14,918.9998520289714
2008-11-17,932.2783521805286
2008-11-18,913.5399779904128
2008-11-19,919.8105592115498
2008-11-20,907.1033576316017
2008-11-21,919.66012732925
2008-11-24,883.3123034671409
2008-11-25,914.9989211117763
2008-11-26,912.1476657607461
2008-11-27,918.1793602077935
2008-11-28,931.6032682789099
2008-12-01,946.8189630448811
2008-12-02,907.2759394089032
2008-12-03,931.7186308221455
2008-12-04,930.7629810833579
2008-12-05,939.6879489346063
2008-12-08,938.0152884069392
2008-12-09,943.6619729845107
2008-12-10,943.3728412360958
2008-12-11,945.4610220070741
2008-12-12,908.3913113817925
2008-12-15,928.3130342597328
2008-12-16,906.4425856709298
2008-12-17,907.7387130962621
2008-12-18,882.9780712853848
2008-12-19,909.6143581521534
2008-12-22,915.0502004055783
2008-12-23,911.8383807671573
2008-12-24,892.648560489281
2008-12-25,901.197235413003
2008-12-26,903.8896812303692
2008-12-29,904.3737474665552
2008-12-30,914.7166616426136
2008-12-31,925.9471308879172
2009-01-01,925.9471308879172
2009-01-02,920.4210668983595
2009-01-05,923.4106889484988
2009-01-06,918.6474211344455
2009-01-07,907.5445947059272
2009-01-08,900.1436515755113
2009-01-09,922.9777182749333
2009-01-12,944.3860700044686
2009-01-13,919.4292425415359
2009-01-14,930.2808464887939
2009-01-15,906.5053255185827
2009-01-16,904.396662794594
2009-01-19,908.7837809009818
2009-01-20,917.4920082476398
2009-01-21,931.3885159193729
2009-01-22,929.765138691173
2009-01-23,915.1844572954359
2009-01-26,891.7943774888168
2009-01-27,929.5856737921044
2009-01-28,909.4070521924382
2009-01-29,930.7646840862228
2009-01-30,933.7178139970557
2009-02-02,920.7686041933055
2009-02-03,904.97606295128
2009-02-04,919.6544606163095
2009-02-05,907.2859842673319
2009-02-06,898.607620342927
2009-02-09,865.4728411751047
2009-02-10,873.3352032012859
2009-02-11,891.3085881735338
2009-02-12,879.032845803279
2009-02-13,866.8138266553724
2009-02-16,884.6139970197783
2009-02-17,883.7633253150398
2009-02-18,863.7917006664867
2009-02-19,850.4762192579497
2009-02-20,843.7512198565369
2009-02-23,831.8493833859632
2009-02-24,802.8425205409471
2009-02-25,812.7355573106104
2009-02-26,797.8956794741207
2009-02-27,823.5932874602188
2009-03-02,808.2368794076015
2009-03-03,792.8577319310192
2009-03-04,788.9275839765111
2009-03-05,807.7833929971563
2009-03-06,789.1362457031715
2009-03-09,773.1153599245699
2009-03-10,760.3809053029825
2009-03-11,778.7333811655958
2009-03-12,756.2214040570659
2009-03-13,771.1580526054457
2009-03-16,774.7758143261813
2009-03-17,785.6809550061295
2009-03-18,786.9082392704684
2009-03-19,786.2567269303842
2009-03-20,776.4451457625427
2009-03-23,788.7104158023936
2009-03-24,804.7782009939788
2009-03-25,815.1152100410649
2009-03-26,817.633107552087
2009-03-27,833.4407699153529
2009-03-30,826.286858625887
2009-03-31,787.9228848496499
2009-04-01,804.5138537714723
2009-04-02,809.8578818040955
2009-04-03,803.5307833127347
2009-04-06,793.9648090470449
2009-04-07,809.4016744456304
2009-04-08,804.4304505744642
2009-04-09,818.2523963939343
2009-04-10,823.3036238323349
2009-04-13,812.539100789052
2009-04-14,822.9813118265644
2009-04-15,825.7661697891078
2009-04-16,826.7825229014792
2009-04-17,840.5956929422443
2009-04-20,853.1008046044374
2009-04-21,838.7450588579562
2009-04-22,837.6293318249291
2009-04-23,844.1727840236418
2009-04-24,826.913761129534
2009-04-27,842.3961121493683
2009-04-28,833.4010252207277
2009-04-29,818.120469116488
2009-04-30,829.6310623280679
2009-05-01,824.3350301896261
2009-05-04,818.2805447793654
2009-05-05,822.2866694408457
2009-05-06,826.5392123901485
2009-05-07,843.7249321309897
2009-05-08,848.2536441672854
2009-05-11,855.4545591707827
2009-05-12,850.8845618278457
2009-05-13,866.9880193370908
2009-05-14,854.9983176683326
2009-05-15,869.2143748949997
2009-05-18,855.3150143118787
2009-05-19,860.3714498015389
2009-05-20,861.4139064753388
2009-05-21,866.2286139774671
2009-05-22,846.8279768074221
2009-05-25,849.0684370633213
2009-05-26,853.6349537509565
2009-05-27,860.7814364641791
2009-05-28,842.406991667832
2009-05-29,844.1949610666779
2009-06-01,842.9943843556449
2009-06-02,838.7887402045833
2009-06-03,845.5671309188893
2009-06-04,835.8621343459306
2009-06-05,834.5163273267599
2009-06-08,841.3178671224966
2009-06-09,840.0044314437346
2009-06-10,844.195922666944
2009-06-11,840.9573326906884
2009-06-12,853.0035107904023
2009-06-15,865.5005787156673
2009-06-16,855.2877917443707
2009-06-17,873.3300799596936
2009-06-18,857.1697397847391
2009-06-19,862.8446809807082
2009-06-22,875.4496462985213
2009-06-23,861.5449704783227
2009-06-24,859.3626440594032
2009-06-25,865.6167575367233
2009-06-26,872.1260648361466
2009-06-29,863.1223333824261
2009-06-30,870.6357530451696
2009-07-01,860.734525306985
2009-07-02,870.0765747111886
2009-07-03,864.8062742723002
2009-07-06,879.0192364746099
2009-07-07,876.6324266937796
2009-07-08,879.526714331645
2009-07-09,875.3737236482206
2009-07-10,884.0080444261298
2009-07-13,866.433500491842
2009-07-14,866.8523924156357
2009-07-15,848.4161462959609
2009-07-16,850.8872050784797
2009-07-17,853.7387015283934
2009-07-20,843.4430241660107
2009-07-21,864.4701437542157
2009-07-22,869.185315893382
2009-07-23,857.0900717263667
2009-07-24,867.9340723374338
2009-07-27,866.4921619065781
2009-07-28,878.0764795725926
2009-07-29,881.3003800841425
2009-07-30,879.6150843954215
2009-07-31,885.736413662348
2009-08-03,871.3709945615927
2009-08-04,876.193741392909
2009-08-05,876.8746244579063
2009-08-06,874.4700948537239
2009-08-07,868.5481782585957
2009-08-10,876.406150692751
2009-08-11,895.1053890742459
2009-08-12,876.9815607629258
2009-08-13,884.2265000050304
2009-08-14,897.4239404149777
2009-08-17,890.9261684008525
2009-08-18,887.7896171288162
2009-08-19,884.2390843589025
2009-08-20,891.1496773196704
2009-08-21,877.0867375709082
2009-08-24,892.084205452739
2009-08-25,893.3233452173372
2009-08-26,908.0291500363237
2009-08-27,906.8308349234582
2009-08-28,904.9363844945311
2009-08-31,915.2707081619703
2009-09-01,915.5724158410981
2009-09-02,910.4198743082684
2009-09-03,904.07129792396
2009-09-04,896.7856736413482
2009-09-07,892.8853639245431
2009-09-08,891.0184820632029
2009-09-09,887.340448860148
2009-09-10,904.0885551387292
2009-09-11,905.3848304358958
2009-09-14,893.7016872780831
2009-09-15,890.316134600086
2009-09-16,883.5169611893842
2009-09-17,886.336240389381
2009-09-18,887.8026915776574
2009-09-21,882.9637598484652
2009-09-22,885.3081781388846
2009-09-23,883.7299080786127
2009-09-24,901.6697879982502
2009-09-25,899.1804480196516
2009-09-28,899.1738148396496
2009-09-29,893.7336743455961
2009-09-30,906.998756871142
2009-10-01,900.9251874464866
2009-10-02,884.7406015026727
2009-10-05,876.7960974712919
2009-10-06,874.4680296046732
2009-10-07,877.7717911550193
2009-10-08,878.6193079030007
2009-10-09,872.6514209967347
2009-10-12,866.728265297303
2009-10-13,864.578775460339
2009-10-14,862.2529156760769
2009-10-15,858.2687345568212
2009-10-16,856.6960525446759
2009-10-19,858.2192598804165
2009-10-20,863.5125143372011
2009-10-21,857.4291506529104
2009-10-22,846.7012070079647
2009-10-23,836.2020441927341
2009-10-26,849.8542750135259
2009-10-27,845.1646747777802
2009-10-28,853.4557200829634
2009-10-29,840.2151810812364
2009-10-30,860.0400331097678
2009-11-02,848.5544144764636
2009-11-03,858.1929323968524
2009-11-04,845.2613189969724
2009-11-05,836.4074945688759
2009-11-06,843.0226493982877
2009-11-09,828.7052291136113
2009-11-10,830.7131661108845
2009-11-11,829.8490183830982
2009-11-12,823.0846259578001
2009-11-13,831.8184291531466
2009-11-16,828.995496466604
2009-11-17,834.8984519328172
2009-11-18,828.3815809350998
2009-11-19,830.375092544851
2009-11-20,829.2472649572339
2009-11-23,821.8109234436313
2009-11-24,819.6996431504226
2009-11-25,825.6214936566877
2009-11-26,835.8775116983078
2009-11-27,823.6455205720314
2009-11-30,850.9491683382518
2009-12-01,853.0878234724597
2009-12-02,846.0202620197224
2009-12-03,858.0494246849647
2009-12-04,850.1497169139506
2009-12-07,859.8617276345309
2009-12-08,879.7135765970885
2009-12-09,877.8640241795798
2009-12-10,866.638899364282
2009-12-11,868.7903512141612
2009-12-14,871.8502819862418
2009-12-15,864.7368890347537
2009-12-16,877.060356923186
2009-12-17,881.1990181887611
2009-12-18,880.242995651596
2009-12-21,873.8471707492296
2009-12-22,877.5144133313097
2009-12-23,874.792369994082
2009-12-24,875.8068007558995
2009-12-25,872.898790767657
2009-12-28,876.7045997071147
2009-12-29,875.9988069746262
2009-12-30,866.1137495086642
2009-12-31,859.4582309413795
2010-01-01,859.4582309413795
2010-01-04,868.1673631060299
2010-01-05,878.9848256789555
2010-01-06,877.2730199872649
2010-01-07,875.048404556093
2010-01-08,883.2439573204975
2010-01-11,879.4761905584659
2010-01-12,896.0702426616764
2010-01-13,889.3751908542282
2010-01-14,902.0583500531759
2010-01-15,917.2466667168536
2010-01-18,909.9665530180922
2010-01-19,909.5292431701731
2010-01-20,918.3872297363666
2010-01-21,929.0379763988523
2010-01-22,924.7569704951289
2010-01-25,917.8964057493067
2010-01-26,916.3842630916624
2010-01-27,915.5321891735458
2010-01-28,921.6517885857539
2010-01-29,907.7440433208712
2010-02-01,908.0919050358377
2010-02-02,915.8090951690718
2010-02-03,915.9401217313243
2010-02-04,931.7624199043985
2010-02-05,932.9176793350125
2010-02-08,925.4567317715412
2010-02-09,917.4993467719469
2010-02-10,914.6075503824975
2010-02-11,921.440871467713
2010-02-12,926.4561849132365
2010-02-15,920.4798220180073
2010-02-16,913.1780969353255
2010-02-17,925.0463777381748
2010-02-18,925.6324526955069
2010-02-19,909.7118044850039
2010-02-22,931.1081076616912
2010-02-23,941.0596321797877
2010-02-24,932.0667406530489
2010-02-25,946.8251184419422
2010-02-26,939.8976158772588
2010-03-01,949.6325932258972
2010-03-02,950.8231701381528
2010-03-03,947.6394466291019
2010-03-04,942.2036022219302
2010-03-05,936.8873424189658
2010-03-08,946.4745389029151
2010-03-09,953.0625295197616
2010-03-10,935.4092271763915
2010-03-11,941.7948731057663
2010-03-12,939.9068582738498
2010-03-15,950.7660999660936
2010-03-16,943.7045642606425
2010-03-17,951.2895185284674
2010-03-18,957.0814123282556
2010-03-19,969.5488736070618
2010-03-22,974.4838614494106
2010-03-23,968.3080469910608
2010-03-24,967.4820609873285
2010-03-25,956.6244522052001
2010-03-26,965.5768080784745
2010-03-29,961.154711852157
2010-03-30,972.4948915492477
2010-03-31,962.8150762031167
2010-04-01,961.8121012786555
2010-04-02,961.2680134531446
2010-04-05,959.0842569618692
2010-04-06,973.0530626847648
2010-04-07,984.5730297112842
2010-04-08,982.0704403496472
2010-04-09,976.257365470427
2010-04-12,969.66415942915
2010-04-13,969.8729263453035
2010-04-14,964.4459032630518
2010-04-15,977.7298670697577
2010-04-16,983.8359534692447
2010-04-19,972.2038960410423
2010-04-20,967.7739819744653
2010-04-21,984.3308641078885
2010-04-22,984.4631290168794
2010-04-23,968.0795295363391
2010-04-26,985.0583207644911
2010-04-27,988.9444015745224
2010-04-28,972.6059336047774
2010-04-29,968.0731619672874
2010-04-30,978.627645137517
2010-05-03,982.4274384229367
2010-05-04,993.0788590208451
2010-05-05,1007.539578706442
2010-05-06,1009.6863274763928
2010-05-07,1017.7637713312063
2010-05-10,990.4491727066792
2010-05-11,999.3972963682323
2010-05-12,1000.6381831343948
2010-05-13,1024.2657918355194
2010-05-14,1033.1671922005708
2010-05-17,1027.5488522416988
2010-05-18,1021.8848868405247
2010-05-19,1033.2124059443515
2010-05-20,1044.8652159907622
2010-05-21,999.709230178136
2010-05-24,1006.3468652392171
2010-05-25,1012.3791924972725
2010-05-26,1003.5097002457854
2010-05-27,1000.2037553908567
2010-05-28,999.3563282457942
2010-05-31,1007.7643909932858
2010-06-01,1007.8266852899997
2010-06-02,997.7312302631641
2010-06-03,1013.973015340355
2010-06-04,1030.553443844105
2010-06-07,1017.1788088294137
2010-06-08,1025.8763675553464
2010-06-09,1007.7852900102083
2010-06-10,1012.8723200910939
2010-06-11,1018.0937302207636
2010-06-14,1012.4007514558693
2010-06-15,1016.1683170181831
2010-06-16,1024.4663553012153
2010-06-17,1026.8204491412855
2010-06-18,1024.258032574105
2010-06-21,1033.5819845644476
2010-06-22,1041.1671621997502
2010-06-23,1039.1495740586688
2010-06-24,1043.5477092075494
2010-06-25,1040.2181536172423
2010-06-28,1034.0536858548699
2010-06-29,1050.7948105500977
2010-06-30,1035.3770673429933
2010-07-01,1022.7404109140764
2010-07-02,1007.0757731060291
2010-07-05,1018.6305311194698
2010-07-06,1021.2766755418322
2010-07-07,1020.5500454095547
2010-07-08,1019.4779684750549
2010-07-09,1021.8346071988361
2010-07-12,1015.4571090631406
2010-07-13,1012.5301385015116
2010-07-14,1015.2412128096303
2010-07-15,1002.6452799152659
2010-07-16,995.8571078506187
2010-07-19,991.6830505044313
2010-07-20,991.3678378484836
2010-07-21,993.5223095787513
2010-07-22,985.8881356160823
2010-07-23,1000.0952757041756
2010-07-26,993.3476041796406
2010-07-27,984.9655764166416
2010-07-28,1001.0830839064758
2010-07-29,994.8565200777871
2010-07-30,989.5631600553332
2010-08-02,979.630933034923
2010-08-03,990.2681951451767
2010-08-04,980.558306240024
2010-08-05,995.3960174250869
2010-08-06,997.4139747053335
2010-08-09,993.3758312420371
2010-08-10,999.7863890518291
2010-08-11,1003.7066898623773
2010-08-12,994.9958380669165
2010-08-13,1001.7306936959995
2010-08-16,1008.8168529251496
2010-08-17,1002.810804312536
2010-08-18,1012.2370875815436
2010-08-19,1020.5650524200636
2010-08-20,1011.9883434086876
2010-08-23,1018.3971377018054
2010-08-24,1026.684559697707
2010-08-25,1015.1735421667087
2010-08-26,1010.2414945178223
2010-08-27,1013.6523203361271
2010-08-30,1030.0298815777587
2010-08-31,1013.9455196491839
2010-09-01,1006.7947176300289
2010-09-02,1017.6793605967181
2010-09-03,1014.1866560559042
2010-09-06,1027.0057306198896
2010-09-07,1042.3437732966588
2010-09-08,1026.6654804180112
2010-09-09,1034.2239895148066
2010-09-10,1035.058945996503
2010-09-13,1030.776108732269
2010-09-14,1027.6207232160784
2010-09-15,1004.3678797674283
2010-09-16,987.9522142391403
2010-09-17,994.2040436989006
2010-09-20,992.4544574594036
2010-09-21,992.4670014101129
2010-09-22,980.959190719251
2010-09-23,988.9002928803534
2010-09-24,973.1978179669134
2010-09-27,981.6681419033108
2010-09-28,979.1994830671632
2010-09-29,979.7919902273068
2010-09-30,959.0618108568668
2010-10-01,957.0385039577611
2010-10-04,949.2082897225412
2010-10-05,953.0093142991037
2010-10-06,959.6122747883051
2010-10-07,962.4920281677569
2010-10-08,960.2546161272658
2010-10-11,960.2757310336048
2010-10-12,951.4697149825959
2010-10-13,942.0977521071422
2010-10-14,950.0685492901977
2010-10-15,944.6038617673607
2010-10-18,957.7805825782056
2010-10-19,966.98478564119
2010-10-20,957.0169094548909
2010-10-21,947.9325021249975
2010-10-22,953.9875897364652
2010-10-25,955.6040080107251
2010-10-26,953.4740183186723
2010-10-27,954.4210673928465
2010-10-28,952.7313819423484
2010-10-29,959.7611712552784
2010-11-01,950.987658499487
2010-11-02,941.4606193533067
2010-11-03,935.2309651428818
2010-11-04,943.2793031869094
2010-11-05,961.0209107665389
2010-11-08,974.566913168626
2010-11-09,977.8589688894152
2010-11-10,979.8319327955127
2010-11-11,987.1518434207215
2010-11-12,981.1631977194523
2010-11-15,985.8392342729094
2010-11-16,977.6529534088868
2010-11-17,984.2051406439601
2010-11-18,990.7828637598526
2010-11-19,989.1244838133964
2010-11-22,996.5070085886566
2010-11-23,1015.792673870631
2010-11-24,1005.730662182565
2010-11-25,1004.2965576353531
2010-11-26,1009.5300101720346
2010-11-29,1022.6330489480778
2010-11-30,1024.01887358955
2010-12-01,1020.9833187078767
2010-12-02,1023.0004476773811
2010-12-03,1023.208016677947
2010-12-06,1031.5586603783934
2010-12-07,1020.8574560927523
2010-12-08,1025.1011067346874
2010-12-09,1034.6338628998726
2010-12-10,1028.4708960793157
2010-12-13,1026.4757307825691
2010-12-14,1031.9993648023476
2010-12-15,1030.2645746116648
2010-12-16,1038.4850922397272
2010-12-17,1043.0558030711497
2010-12-20,1051.2475451858538
2010-12-21,1055.7059444808187
2010-12-22,1057.403300575822
2010-12-23,1064.9812913442202
2010-12-24,1060.3868322728617
2010-12-27,1059.5438774487798
2010-12-28,1069.776829969561
2010-12-29,1075.5689535384763
2010-12-30,1058.2614359135125
2010-12-31,1055.9981372862221
2011-01-03,1052.5693022331004
2011-01-04,1061.2053428550762
2011-01-05,1054.6477175238197
2011-01-06,1074.994148429958
2011-01-07,1084.636856095233
2011-01-10,1091.5959844550998
2011-01-11,1081.3225290376442
2011-01-12,1074.024986259498
2011-01-13,1065.5730787588438
2011-01-14,1057.481560043022
2011-01-17,1064.384980913352
2011-01-18,1056.4837685911018
2011-01-19,1061.2267073295736
2011-01-20,1049.9145862420737
2011-01-21,1030.9829617139117
2011-01-24,1031.6379413361212
2011-01-25,1042.746602946281
2011-01-26,1036.610211646155
2011-01-27,1030.217884801865
2011-01-28,1036.1825184066981
2011-01-31,1028.7908894981192
2011-02-01,1033.1024290982596
2011-02-02,1041.1251440757655
2011-02-03,1050.673123491384
2011-02-04,1062.1525136498522
2011-02-07,1061.310795095667
2011-02-08,1060.0399179920473
2011-02-09,1051.4869561260223
2011-02-10,1054.7523216304985
2011-02-11,1056.1050900718367
2011-02-14,1073.762732449894
2011-02-15,1066.0942318502482
2011-02-16,1067.004752536139
2011-02-17,1077.7111511367013
2011-02-18,1073.6953539939245
2011-02-21,1076.154931686094
2011-02-22,1066.0437483207495
2011-02-23,1057.9981688625865
2011-02-24,1053.4636419521112
2011-02-25,1062.6655856946345
2011-02-28,1062.0493136540156
2011-03-01,1070.8402050165257
2011-03-02,1055.379476071405
2011-03-03,1046.602536730843
2011-03-04,1046.623598829206
2011-03-07,1038.1400921934173
2011-03-08,1036.803866939031
2011-03-09,1042.1711983189496
2011-03-10,1037.1005177455938
2011-03-11,1036.4993036650355
2011-03-14,963.987215832224
2011-03-15,882.4391867275305
2011-03-16,949.7793065084381
2011-03-17,957.6614677073676
2011-03-18,934.5627773247905
2011-03-21,931.613891801477
2011-03-22,962.9696857123063
2011-03-23,964.9249190811289
2011-03-24,951.7755291224756
2011-03-25,955.6276750888061
2011-03-28,950.059149960646
2011-03-29,944.8803014277636
2011-03-30,947.7439975149747
2011-03-31,945.3297738854907
2011-04-01,921.8558551256673
2011-04-04,921.0923942354395
2011-04-05,907.2139231026497
2011-04-06,884.9604275707154
2011-04-07,894.8101254933543
2011-04-08,897.3533208182815
2011-04-11,902.5743553081005
2011-04-12,898.843026993006
2011-04-13,896.5169589622005
2011-04-14,908.7840467644071
2011-04-15,907.2967966431895
2011-04-18,927.6550218186671
2011-04-19,911.8563985296579
2011-04-20,905.8352978587204
2011-04-21,911.8814282946229
2011-04-22,907.7954685385681
2011-04-25,903.9812252932245
2011-04-26,897.2589785198982
2011-04-27,890.7910274350869
2011-04-28,907.2890486422692
2011-04-29,910.0690713174947
2011-05-02,920.1623072312774
2011-05-03,925.9202624837706
2011-05-04,925.4562043125509
2011-05-05,950.5109713174822
2011-05-06,947.3371449600679
2011-05-09,957.7192902046562
2011-05-10,953.4404745563693
2011-05-11,953.9352417001171
2011-05-12,956.4636424292801
2011-05-13,947.2309483857198
2011-05-16,933.6738569697137
2011-05-17,927.813396820143
2011-05-18,931.6749085641021
2011-05-19,921.5426609156156
2011-05-20,928.658710342658
2011-05-23,929.4189540844034
2011-05-24,923.0309951462881
2011-05-25,926.4420907875731
2011-05-26,938.5817829520114
2011-05-27,928.8660227413677
2011-05-30,927.4867679998929
2011-05-31,932.7261016256596
2011-06-01,933.4266105218117
2011-06-02,922.3958824413937
2011-06-03,910.9783522295895
2011-06-06,904.6121997618798
2011-06-07,905.1738698143272
2011-06-08,914.3942283560864
2011-06-09,917.7690990455001
2011-06-10,931.5322732990011
2011-06-13,926.5248217138594
2011-06-14,929.8293156122028
2011-06-15,938.7868600418158
2011-06-16,935.6585098438214
2011-06-17,927.8505218366182
2011-06-20,929.6241693765575
2011-06-21,937.6414084725116
2011-06-22,945.2600431196669
2011-06-23,953.1863547532765
2011-06-24,958.3675351717799
2011-06-27,937.5150406601317
2011-06-28,939.1476901646347
2011-06-29,950.0337130043436
2011-06-30,949.387595748538
2011-07-01,949.9377683431646
2011-07-04,957.6095197302884
2011-07-05,959.7991659879677
2011-07-06,979.1557714840657
2011-07-07,966.2942651204027
2011-07-08,985.048175840825
2011-07-11,1006.0209906447091
2011-07-12,1008.5239956942784
2011-07-13,1006.4213452763129
2011-07-14,1001.4789707019653
2011-07-15,1009.4451619891512
2011-07-18,1015.7917709984787
2011-07-19,1002.0352244404341
2011-07-20,1008.5053431033364
2011-07-21,999.9348873357359
2011-07-22,1009.1086042060067
2011-07-25,1003.9216782117128
2011-07-26,999.4027639995319
2011-07-27,1000.1763314442269
2011-07-28,997.7849990767721
2011-07-29,992.8429722272649
2011-08-01,1020.9999750518314
2011-08-02,1007.5522276576886
2011-08-03,990.3345238250251
2011-08-04,972.5880457233167
2011-08-05,957.747713812776
2011-08-08,949.8893066092332
2011-08-09,940.8667920769133
2011-08-10,966.7306176111246
2011-08-11,958.9943868329689
2011-08-12,962.8627634343035
2011-08-15,957.0251968217723
2011-08-16,959.8753148205341
2011-08-17,958.519027757122
2011-08-18,966.2988479100935
2011-08-19,953.6119712642889
2011-08-22,944.4663861272595
2011-08-23,954.1415711542585
2011-08-24,943.2088546767459
2011-08-25,938.3793386426149
2011-08-26,948.8982445873509
2011-08-29,939.3525558254166
2011-08-30,953.9217998524967
2011-08-31,967.768118351616
2011-09-01,975.0882389101716
2011-09-02,976.5789374003986
2011-09-05,976.1654515659267
2011-09-06,972.724791259071
2011-09-07,979.9179315158984
2011-09-08,989.0030151889949
2011-09-09,1008.0157100707693
2011-09-12,1010.5538013989052
2011-09-13,1012.4526674943115
2011-09-14,1010.4356360373441
2011-09-15,1005.2733005947947
2011-09-16,1016.0527852034846
2011-09-19,1035.1821926741698
2011-09-20,1015.1825040905206
2011-09-21,1021.6947399442109
2011-09-22,1033.82685337013
2011-09-23,1030.4105904000364
2011-09-26,1025.5422025374005
2011-09-27,1027.5882796993792
2011-09-28,1041.0555019986793
2011-09-29,1042.3824275806626
2011-09-30,1056.6278914630984
2011-10-03,1072.4553520247769
2011-10-04,1063.6437747227612
2011-10-05,1050.0570868816988
2011-10-06,1052.5958507239745
2011-10-07,1042.074794144225
2011-10-10,1030.0380954051855
2011-10-11,1037.8234512670583
2011-10-12,1011.5720356165178
2011-10-13,1022.6927743406048
2011-10-14,992.9802225836054
2011-10-17,1020.5104681607378
2011-10-18,1016.5311142621446
2011-10-19,1012.3981703844585
2011-10-20,1019.152582966132
2011-10-21,1010.4205165300395
2011-10-24,1018.8034067374281
2011-10-25,1010.8385211372595
2011-10-26,1009.5698325552179
2011-10-27,1000.9305720414459
2011-10-28,1007.6473789957082
2011-10-31,987.8421002275975
2011-11-01,998.8896019581044
2011-11-02,977.2583981775081
2011-11-03,982.2007801656231
2011-11-04,988.7356484663457
2011-11-07,991.3671748409691
2011-11-08,984.7596690535353
2011-11-09,1013.9259024627409
2011-11-10,1002.8677742245121
2011-11-11,995.7608576107431
2011-11-14,1008.9932969439072
2011-11-15,1010.2357783979531
2011-11-16,1004.5676611867405
2011-11-17,1007.0416511688567
2011-11-18,999.8448612883708
2011-11-21,1003.1238146742091
2011-11-22,995.9954033759418
2011-11-23,1001.3077617922786
2011-11-24,995.8647706481886
2011-11-25,990.0323807745922
2011-11-28,978.9869256893861
2011-11-29,995.0275771950035
2011-11-30,992.8395871475591
2011-12-01,993.287582519271
2011-12-02,1000.9002411436104
2011-12-05,1005.5555996904181
2011-12-06,1002.9697530451759
2011-12-07,1012.4516334771548
2011-12-08,1019.5513293115682
2011-12-09,1007.1513737172573
2011-12-12,1025.2643635768322
2011-12-13,1031.2088466910213
2011-12-14,1036.4529304717416
2011-12-15,1027.8762804454902
2011-12-16,1028.2425151583298
2011-12-19,1021.982173288401
2011-12-20,1021.2123603828526
2011-12-21,1030.8810551272318
2011-12-22,1028.8957545524447
2011-12-23,1030.815387644562
2011-12-26,1031.0824908841234
2011-12-27,1030.2964279778816
2011-12-28,1036.342770060683
2011-12-29,1045.0444109036184
2011-12-30,1058.9027642558185
2012-01-02,1058.9027642558185
2012-01-03,1055.709475359506
2012-01-04,1082.1374667807884
2012-01-05,1075.6569616285415
2012-01-06,1076.4142682397855
2012-01-09,1078.1332673310776
2012-01-10,1081.0224668981225
2012-01-11,1086.3312355832206
2012-01-12,1069.1881510723072
2012-01-13,1081.9884453987065
2012-01-16,1076.0280240367395
2012-01-17,1076.2453923284852
2012-01-18,1067.808274243862
2012-01-19,1054.8388244136743
2012-01-20,1060.2073691813196
2012-01-23,1048.7024758810314
2012-01-24,1048.977175700456
2012-01-25,1049.9902322754926
2012-01-26,1046.9500057123842
2012-01-27,1054.2411179919118
2012-01-30,1060.1062354038588
2012-01-31,1061.4180955096977
2012-02-01,1057.5974156918617
2012-02-02,1061.9862726928266
2012-02-03,1057.3134822267684
2012-02-06,1066.402451818487
2012-02-07,1054.1718147506554
2012-02-08,1057.9676848685676
2012-02-09,1052.144801227322
2012-02-10,1057.155137155758
2012-02-13,1062.6376628114153
2012-02-14,1062.1028047750115
2012-02-15,1080.62583753908
2012-02-16,1071.0908878241232
2012-02-17,1060.3421930945249
2012-02-20,1053.869462868665
2012-02-21,1050.7298760845342
2012-02-22,1056.4718770851136
2012-02-23,1055.0252799533791
2012-02-24,1036.0245905167085
2012-02-27,1044.3700149179394
2012-02-28,1049.7900567999457
2012-02-29,1049.0280433620928
2012-03-01,1053.3229527255653
2012-03-02,1065.035818139006
2012-03-05,1064.040605972839
2012-03-06,1084.4724473293988
2012-03-07,1077.6235741456464
2012-03-08,1068.2601906516506
2012-03-09,1077.7996493031453
2012-03-12,1072.9077448543724
2012-03-13,1069.171208503629
2012-03-14,1065.1143655043131
2012-03-15,1074.2542911411622
2012-03-16,1066.5035334449171
2012-03-19,1060.6762173350064
2012-03-20,1058.2722417126213
2012-03-21,1057.1701180731786
2012-03-22,1080.2144424679968
2012-03-23,1071.1466134630582
2012-03-26,1055.4099893978916
2012-03-27,1072.4240194887145
2012-03-28,1073.7647379639468
2012-03-29,1082.01878747595
2012-03-30,1077.2988175826033
2012-04-02,1078.8304301988953
2012-04-03,1069.981907330977
2012-04-04,1069.2507954964901
2012-04-05,1071.835938982888
2012-04-06,1070.1104519759097
2012-04-09,1072.2642901390698
2012-04-10,1080.3894628385435
2012-04-11,1068.0419969498769
2012-04-12,1063.128712761482
2012-04-13,1079.1895950248563
2012-04-16,1084.1888047973978
2012-04-17,1075.561015096653
2012-04-18,1080.7253651715725
2012-04-19,1066.8208064575751
2012-04-20,1058.052101487944
2012-04-23,1068.4834139539335
2012-04-24,1056.3499296728735
2012-04-25,1061.2328160088798
2012-04-26,1069.388227291881
2012-04-27,1062.8970706402051
2012-04-30,1072.8927945404455
2012-05-01,1061.8471997009221
2012-05-02,1069.7594282578232
2012-05-03,1067.0571066807609
2012-05-04,1076.8885004682481
2012-05-07,1065.5770561556872
2012-05-08,1072.4670837141682
2012-05-09,1069.7726686591757
2012-05-10,1061.9121177975182
2012-05-11,1054.1071825101894
2012-05-14,1064.8309867901614
2012-05-15,1058.5667718882496
2012-05-16,1051.434593318887
2012-05-17,1062.6865003963271
2012-05-18,1046.6626346038533
2012-05-21,1039.943381004095
2012-05-22,1037.534817552266
2012-05-23,1048.7547180847034
2012-05-24,1046.5182829813973
2012-05-25,1056.2633105122475
2012-05-28,1053.3862474821412
2012-05-29,1053.7954416657678
2012-05-30,1072.3058675993052
2012-05-31,1083.0533693247123
2012-06-01,1081.7949896562625
2012-06-04,1062.022702212084
2012-06-05,1069.3235167316793
2012-06-06,1061.057525731586
2012-06-07,1062.0347215325826
2012-06-08,1055.9971174636019
2012-06-11,1062.1488541689985
2012-06-12,1057.318503139236
2012-06-13,1052.7915143190717
2012-06-14,1051.429745395792
2012-06-15,1058.5815643974668
2012-06-18,1066.4901642342486
2012-06-19,1057.061845439197
2012-06-20,1069.4663523759084
2012-06-21,1073.8219925894182
2012-06-22,1070.398928121515
2012-06-25,1080.781656974339
2012-06-26,1083.019437191128
2012-06-27,1095.6306040310444
2012-06-28,1123.719295497092
2012-06-29,1106.8895746493372
2012-07-02,1118.9679182189248
2012-07-03,1121.0094959902108
2012-07-04,1131.9654025049795
2012-07-05,1134.9358231951248
2012-07-06,1142.2861904030904
2012-07-09,1143.1861480175055
2012-07-10,1147.5656942628743
2012-07-11,1147.1991169230012
2012-07-12,1153.8559954106247
2012-07-13,1145.7173380488175
2012-07-16,1152.9327908500804
2012-07-17,1154.4101596707287
2012-07-18,1148.1866512916556
2012-07-19,1154.3402962756625
2012-07-20,1145.548191546749
2012-07-23,1143.113684938743
2012-07-24,1145.3278023222856
2012-07-25,1134.1147640165811
2012-07-26,1120.5535015062753
2012-07-27,1114.9856808704553
2012-07-30,1139.8678942706497
2012-07-31,1136.1396457646058
2012-08-01,1133.8233861602464
2012-08-02,1150.2066451794576
2012-08-03,1121.4986824128005
2012-08-06,1132.4747914587158
2012-08-07,1136.1208642771605
2012-08-08,1147.2693762206882
2012-08-09,1155.1717444012318
2012-08-10,1151.6764047440668
2012-08-13,1147.0711753103617
2012-08-14,1154.6404253460048
2012-08-15,1156.4382102588918
2012-08-16,1148.7335873031755
2012-08-17,1153.91226935051
2012-08-20,1153.4175793260285
2012-08-21,1143.3554062076742
2012-08-22,1146.7887296254326
2012-08-23,1152.9709390302985
2012-08-24,1150.984828419323
2012-08-27,1149.434570850794
2012-08-28,1137.3932144837397
2012-08-29,1141.4282834131602
2012-08-30,1143.7086541262981
2012-08-31,1126.6858538843578
2012-09-03,1125.108432035289
2012-09-04,1117.0567535760076
2012-09-05,1107.3400432132119
2012-09-06,1093.8570063276911
2012-09-07,1104.0135454794706
2012-09-10,1101.688964841068
2012-09-11,1100.5295340046296
2012-09-12,1109.3391810342896
2012-09-13,1115.0544532039207
2012-09-14,1082.481898649669
2012-09-17,1076.6118260444298
2012-09-18,1085.9581027103634
2012-09-19,1094.563962148493
2012-09-20,1097.257768020214
2012-09-21,1105.7615919363252
2012-09-24,1120.2659782957296
2012-09-25,1122.5831047230265
2012-09-26,1130.8179705293753
2012-09-27,1135.9737072766645
2012-09-28,1123.6011789049876
2012-10-01,1110.5494897925496
2012-10-02,1104.7973672557878
2012-10-03,1093.9596032499358
2012-10-04,1093.8409630494739
2012-10-05,1085.9790136466338
2012-10-08,1101.084650223235
2012-10-09,1097.2668228703405
2012-10-10,1081.9742778601017
2012-10-11,1076.00348403808
2012-10-12,1079.862069273745
2012-10-15,1076.4665207424582
2012-10-16,1077.7186588157783
2012-10-17,1081.1820722318869
2012-10-18,1085.2349755611272
2012-10-19,1089.4689790729954
2012-10-22,1081.4711736983934
2012-10-23,1085.8261984549736
2012-10-24,1080.2030411593387
2012-10-25,1088.2758378166066
2012-10-26,1088.1938724273064
2012-10-29,1089.7421299681137
2012-10-30,1077.6883553893829
2012-10-31,1083.978392237563
2012-11-01,1082.1845842540056
2012-11-02,1089.979816632459
2012-11-05,1092.0942058274343
2012-11-06,1088.4396976679775
2012-11-07,1096.3045453475747
2012-11-08,1088.7980272863954
2012-11-09,1091.6531835783144
2012-11-12,1082.7212003614218
2012-11-13,1082.660263495615
2012-11-14,1071.4164882297007
2012-11-15,1063.098607276886
2012-11-16,1074.3838733892626
2012-11-19,1079.9771267529968
2012-11-20,1075.29251522045
2012-11-21,1069.3741014371708
2012-11-22,1064.3158430744695
2012-11-23,1060.5274712169119
2012-11-26,1066.1905492102642
2012-11-27,1074.9984810817145
2012-11-28,1075.439949864258
2012-11-29,1073.139288540441
2012-11-30,1070.0406666716297
2012-12-03,1065.6227752522582
2012-12-04,1072.2102258007956
2012-12-05,1069.0972696200022
2012-12-06,1081.7168430587901
2012-12-07,1087.0812798076017
2012-12-10,1088.045833801275
2012-12-11,1079.5494803399495
2012-12-12,1070.6266864250456
2012-12-13,1055.7550251230507
2012-12-14,1056.9345640278495
2012-12-17,1054.5555398344377
2012-12-18,1052.1688233802952
2012-12-19,1064.7150575548196
2012-12-20,1065.1820816459087
2012-12-21,1070.0069512197176
2012-12-24,1059.840144892944
2012-12-25,1063.0279885852087
2012-12-26,1056.6558127419307
2012-12-27,1058.585606840992
2012-12-28,1060.120235902794
2012-12-31,1058.5462061387645
2013-01-01,1058.5462061387645
2013-01-02,1045.5835217432723
2013-01-03,1061.0979132467216
2013-01-04,1076.7443857513904
2013-01-07,1073.3753888183007
2013-01-08,1084.397276096711
2013-01-09,1081.7455457045278
2013-01-10,1071.869600422574
2013-01-11,1060.2878803726048
2013-01-14,1056.6451735443309
2013-01-15,1078.2889669099145
2013-01-16,1073.6397631761122
2013-01-17,1062.5093703309644
2013-01-18,1075.2318368549422
2013-01-21,1068.3478445498858
2013-01-22,1082.0175325042742
2013-01-23,1074.5399340070755
2013-01-24,1056.6853411162792
2013-01-25,1058.6148084319232
2013-01-28,1060.9756778695823
2013-01-29,1064.8401177858789
2013-01-30,1066.826370342975
2013-01-31,1067.8994651210744
2013-02-01,1043.7290308903757
2013-02-04,1058.087617739036
2013-02-05,1039.228047808924
2013-02-06,1061.8286857437572
2013-02-07,1077.2532248575603
2013-02-08,1073.8547039763482
2013-02-11,1065.9860957276878
2013-02-12,1080.43358837868
2013-02-13,1069.5983938386228
2013-02-14,1081.1575218100988
2013-02-15,1064.7283537687892
2013-02-18,1084.4710651691335
2013-02-19,1095.9934190314943
2013-02-20,1108.0396745699456
2013-02-21,1121.1037220654202
2013-02-22,1126.4495290974526
2013-02-25,1128.913807468277
2013-02-26,1154.5238725837512
2013-02-27,1138.2273653266802
2013-02-28,1154.5034486126053
2013-03-01,1160.7217121244323
2013-03-04,1177.496885245533
2013-03-05,1171.5401140778517
2013-03-06,1188.3377602566204
2013-03-07,1173.366212699085
2013-03-08,1174.422496141471
2013-03-11,1190.5790203068952
2013-03-12,1190.8235109982072
2013-03-13,1187.5686750247048
2013-03-14,1192.2950672189027
2013-03-15,1218.7780299130497
2013-03-18,1209.3083082388591
2013-03-19,1240.3771173501739
2013-03-20,1225.8298192568514
2013-03-21,1248.0022764319701
2013-03-22,1229.7456155797786
2013-03-25,1251.3226609260253
2013-03-26,1255.6762680678407
2013-03-27,1270.166223549755
2013-03-28,1260.9419607083935
2013-03-29,1265.2165440941183
2013-04-01,1225.1188807320207
2013-04-02,1215.7472832733272
2013-04-03,1251.2857409077221
2013-04-04,1237.270613238308
2013-04-05,1243.0099663931203
2013-04-08,1256.4138711329524
2013-04-09,1246.8180355598806
2013-04-10,1254.963411733762
2013-04-11,1268.5765301551369
2013-04-12,1280.339612037545
2013-04-15,1281.6594436045054
2013-04-16,1271.4709568057324
2013-04-17,1295.6838644184636
2013-04-18,1271.2110123416735
2013-04-19,1259.0476536253918
2013-04-22,1281.072705892167
2013-04-23,1280.1370520556802
2013-04-24,1297.4248200968773
2013-04-25,1303.1022064975277
2013-04-26,1309.135734810117
2013-04-29,1295.6065717396548
2013-04-30,1307.9413061375567
2013-05-01,1305.2042209693477
2013-05-02,1306.3875249622738
2013-05-03,1289.9477350455704
2013-05-06,1291.0475234641517
2013-05-07,1321.3688488804266
2013-05-08,1322.3793918283582
2013-05-09,1306.3640680274998
2013-05-10,1305.9150791741936
2013-05-13,1313.8777355215814
2013-05-14,1308.0365930627452
2013-05-15,1338.981624977359
2013-05-16,1325.2495706664477
2013-05-17,1324.2889934262291
2013-05-20,1330.4031470614711
2013-05-21,1321.6553697245636
2013-05-22,1316.2552862570778
2013-05-23,1259.1295939307122
2013-05-24,1262.6597295851336
2013-05-27,1239.473417693626
2013-05-28,1227.0596517790727
2013-05-29,1249.1970739453552
2013-05-30,1195.178653715719
2013-05-31,1203.6462115583968
2013-06-03,1181.4626921596202
2013-06-04,1193.8300190406
2013-06-05,1170.4418272368737
2013-06-06,1156.2338394021115
2013-06-07,1152.7838051163553
2013-06-10,1178.5434268355468
2013-06-11,1189.9331041152207
2013-06-12,1193.783493872594
2013-06-13,1161.148372480965
2013-06-14,1171.3521376220679
2013-06-17,1201.7555189221018
2013-06-18,1181.2024886238937
2013-06-19,1209.6050691419455
2013-06-20,1178.423747747886
2013-06-21,1202.1209995667878
2013-06-24,1198.1688174272444
2013-06-25,1187.4411664964025
2013-06-26,1190.5477894616515
2013-06-27,1205.3353309181957
2013-06-28,1235.1867979429696
2013-07-01,1243.9641248512364
2013-07-02,1249.2730147122377
2013-07-03,1267.1398500938126
2013-07-04,1264.839591399513
2013-07-05,1274.5536741805772
2013-07-08,1253.3790447159645
2013-07-09,1284.4573163765963
2013-07-10,1290.2527690672275
2013-07-11,1287.2304134592675
2013-07-12,1283.1118902957926
2013-07-15,1277.9180512434002
2013-07-16,1283.0196720724489
2013-07-17,1283.3370805384843
2013-07-18,1285.0732487229827
2013-07-19,1273.9815783293534
2013-07-22,1283.1597593051918
2013-07-23,1285.0126839184595
2013-07-24,1273.4890724719344
2013-07-25,1264.426953221524
2013-07-26,1247.946215255682
2013-07-29,1217.7576434476905
2013-07-30,1232.369245151317
2013-07-31,1208.4252335580245
2013-08-01,1233.225461297909
2013-08-02,1266.5342067476831
2013-08-05,1260.6998713149187
2013-08-06,1276.415311970745
2013-08-07,1247.5383688013346
2013-08-08,1234.4377466686462
2013-08-09,1233.6082025111534
2013-08-12,1232.495583779485
2013-08-13,1240.0634662955174
2013-08-14,1249.776625637398
2013-08-15,1233.9177139434255
2013-08-16,1221.130997731577
2013-08-19,1221.3359158743667
2013-08-20,1202.1377488825797
2013-08-21,1196.6919434888378
2013-08-22,1186.3175351805373
2013-08-23,1200.3427878056414
2013-08-26,1200.977781407536
2013-08-27,1209.3863042506675
2013-08-28,1192.1885768912189
2013-08-29,1194.9391867100787
2013-08-30,1191.1140375112695
2013-09-02,1187.3244482097048
2013-09-03,1213.8459817699604
2013-09-04,1217.598914833415
2013-09-05,1216.8722953384224
2013-09-06,1216.908347445394
2013-09-09,1226.2311404417578
2013-09-10,1230.5839165996679
2013-09-11,1228.1057877045935
2013-09-12,1232.467700865043
2013-09-13,1233.5174276198609
2013-09-16,1231.683607541225
2013-09-17,1217.9559565948475
2013-09-18,1233.5092402728424
2013-09-19,1227.826198336673
2013-09-20,1233.127308016113
2013-09-23,1246.31535986086
2013-09-24,1243.3816567386077
2013-09-25,1242.0808431217529
2013-09-26,1255.037946882119
2013-09-27,1257.6805294657852
2013-09-30,1239.877902798078
2013-10-01,1239.1541712189658
2013-10-02,1225.7726373419057
2013-10-03,1221.5931075331666
2013-10-04,1216.4867599114482
2013-10-07,1207.5532934042321
2013-10-08,1205.758405394044
2013-10-09,1220.7429712099427
2013-10-10,1224.6937473998491
2013-10-11,1234.1561308083749
2013-10-14,1234.407197287093
2013-10-15,1237.7798800663427
2013-10-16,1236.366439086574
2013-10-17,1244.4925097670603
2013-10-18,1242.556670145072
2013-10-21,1246.8121194154219
2013-10-22,1237.2282106036907
2013-10-23,1229.8631956650045
2013-10-24,1234.9137151882553
2013-10-25,1209.346473917993
2013-10-28,1224.3637860921233
2013-10-29,1220.4018427660208
2013-10-30,1229.0838022109772
2013-10-31,1241.265306897337
2013-11-01,1230.4198954114272
2013-11-04,1230.5052335579965
2013-11-05,1232.319451982847
2013-11-06,1236.7899582266546
2013-11-07,1239.5281568833095
2013-11-08,1234.670434396771
2013-11-11,1238.562394943284
2013-11-12,1250.8908921300851
2013-11-13,1251.1560461247966
2013-11-14,1253.199947152745
2013-11-15,1261.796957516648
2013-11-18,1260.73525279543
2013-11-19,1252.904765625084
2013-11-20,1259.8937051003215
2013-11-21,1257.1733359186665
2013-11-22,1247.9683268931662
2013-11-25,1252.556720031876
2013-11-26,1242.0569004011832
2013-11-27,1226.7159198384413
2013-11-28,1233.94138555609
2013-11-29,1230.7867316106951
2013-12-02,1229.4510072468543
2013-12-03,1235.5316058761662
2013-12-04,1217.661211159723
2013-12-05,1204.4869307332528
2013-12-06,1196.958123685203
2013-12-09,1206.5736306732047
2013-12-10,1204.9044124907468
2013-12-11,1203.7082683913402
2013-12-12,1192.4529714813427
2013-12-13,1188.6054302186608
2013-12-16,1176.201847302374
2013-12-17,1188.6997680523418
2013-12-18,1196.6786733439947
2013-12-19,1202.7675291815522
2013-12-20,1201.0603049236047
2013-12-23,1199.057618557761
2013-12-24,1194.4233696551794
2013-12-25,1193.4208857207345
2013-12-26,1202.1621061836372
2013-12-27,1200.0362872780938
2013-12-30,1208.2900559069928
2013-12-31,1210.5523528072442
2014-01-01,1210.5523528072442
2014-01-02,1222.2068533049614
2014-01-03,1232.7023852249038
2014-01-06,1222.8973298511746
2014-01-07,1216.2399059977738
2014-01-08,1232.8826947263524
2014-01-09,1226.0926026317056
2014-01-10,1225.784924210317
2014-01-13,1236.708216269066
2014-01-14,1209.1479451344633
2014-01-15,1228.4038743294057
2014-01-16,1232.1468340609601
2014-01-17,1237.205448430264
2014-01-20,1235.8830960205582
2014-01-21,1237.7677036588616
2014-01-22,1240.2058358953673
2014-01-23,1224.178205039114
2014-01-24,1222.039763438301
2014-01-27,1193.87906643601
2014-01-28,1185.9785836038157
2014-01-29,1225.7188537148159
2014-01-30,1201.5568532163384
2014-01-31,1218.0565497186026
2014-02-03,1205.1708516416388
2014-02-04,1152.9851878223878
2014-02-05,1171.203343113981
2014-02-06,1151.4305829384878
2014-02-07,1168.766890480009
2014-02-10,1182.885152864935
2014-02-11,1176.284006504843
2014-02-12,1196.8584520433499
2014-02-13,1178.1789773499088
2014-02-14,1166.5889022540653
2014-02-17,1170.8839483759227
2014-02-18,1189.1725069859306
2014-02-19,1189.2888493470514
2014-02-20,1173.5635905350086
2014-02-21,1192.8199084376092
2014-02-24,1195.1731060598395
2014-02-25,1213.812005031658
2014-02-26,1214.1512047093172
2014-02-27,1206.0320940020677
2014-02-28,1189.950344799821
2014-03-03,1187.2073206205773
2014-03-04,1188.5556654811678
2014-03-05,1192.2493851912984
2014-03-06,1184.8202237347352
2014-03-07,1189.6863617530669
2014-03-10,1181.158761652424
2014-03-11,1189.4940295917502
2014-03-12,1167.8630898310548
2014-03-13,1170.261015507378
2014-03-14,1142.0932866636083
2014-03-17,1129.6901399828437
2014-03-18,1143.271939451694
2014-03-19,1143.2258057426816
2014-03-20,1129.1255772929992
2014-03-21,1129.3729454452316
2014-03-24,1150.0108592619683
2014-03-25,1150.8941133323274
2014-03-26,1154.8641208110498
2014-03-27,1176.6295468634682
2014-03-28,1177.1674592203278
2014-03-31,1185.8359959563338
2014-04-01,1173.2973090689263
2014-04-02,1176.0493908770336
2014-04-03,1185.6694485985286
2014-04-04,1191.1876900737775
2014-04-07,1180.5789083467207
2014-04-08,1173.5865816812982
2014-04-09,1156.028807617415
2014-04-10,1153.2469103543767
2014-04-11,1136.7278049167153
2014-04-14,1138.331522977581
2014-04-15,1139.2146657670314
2014-04-16,1158.1168966356543
2014-04-17,1158.2464785292022
2014-04-18,1163.4988040263
2014-04-21,1160.7056609810938
2014-04-22,1155.5032871377941
2014-04-23,1166.0843911586387
2014-04-24,1161.7052306588316
2014-04-25,1168.3678718813806
2014-04-28,1154.8706370594707
2014-04-29,1157.5786465587364
2014-04-30,1166.0730568106083
2014-05-01,1178.952223665594
2014-05-02,1177.2727913040073
2014-05-05,1177.6673911675937
2014-05-06,1179.5294094442418
2014-05-07,1156.6845367305586
2014-05-08,1173.0805753532518
2014-05-09,1187.0317095518792
2014-05-12,1177.8808396544705
2014-05-13,1198.718114987686
2014-05-14,1206.0268207161046
2014-05-15,1206.298348637776
2014-05-16,1190.9244909243414
2014-05-19,1191.2731666442478
2014-05-20,1196.6286606648002
2014-05-21,1197.7858577310046
2014-05-22,1210.4992506023514
2014-05-23,1219.2399596543687
2014-05-26,1229.3505505852493
2014-05-27,1230.1953546181837
2014-05-28,1238.982909730796
2014-05-29,1240.2342710785447
2014-05-30,1234.7893558108597
2014-06-02,1248.0359571032247
2014-06-03,1250.3145222208552
2014-06-04,1254.5189493963037
2014-06-05,1255.0463850716883
2014-06-06,1251.5078738711784
2014-06-09,1253.3872233487602
2014-06-10,1255.4747765714228
2014-06-11,1272.9702946052048
2014-06-12,1271.7525091685852
2014-06-13,1274.7492573349307
2014-06-16,1264.003974007179
2014-06-17,1267.7998947179153
2014-06-18,1273.8954858318002
2014-06-19,1288.8759480402446
2014-06-20,1286.7022559329255
2014-06-23,1286.5562423941278
2014-06-24,1287.1951161197915
2014-06-25,1282.2130586482374
2014-06-26,1291.1727538134112
2014-06-27,1278.746240094902
2014-06-30,1284.8482605405652
2014-07-01,1294.6728052980136
2014-07-02,1300.6788675873804
2014-07-03,1295.275288619412
2014-07-04,1304.0048118376358
2014-07-07,1301.1554196101038
2014-07-08,1301.5863527269223
2014-07-09,1296.349714512873
2014-07-10,1295.396322502423
2014-07-11,1295.649367115575
2014-07-14,1298.7921553474976
2014-07-15,1310.6755063992555
2014-07-16,1316.7244440226025
2014-07-17,1322.4087100916965
2014-07-18,1317.2394882177343
2014-07-21,1317.0770789760616
2014-07-22,1328.3850709524672
2014-07-23,1326.2989041015162
2014-07-24,1318.3818981468448
2014-07-25,1333.1239176958477
2014-07-28,1337.4889140798734
2014-07-29,1339.8123778916922
2014-07-30,1332.8543750605666
2014-07-31,1328.8612733573664
2014-08-01,1323.1614188209837
2014-08-04,1321.78948109993
2014-08-05,1311.3823943019488
2014-08-06,1307.0261851485157
2014-08-07,1317.5129124858543
2014-08-08,1288.8555704183407
2014-08-11,1313.556883968133
2014-08-12,1322.917699705753
2014-08-13,1319.0820487926048
2014-08-14,1330.2375226592342
2014-08-15,1332.2738745679042
2014-08-18,1332.981626661023
2014-08-19,1339.981298651265
2014-08-20,1336.2997970214176
2014-08-21,1337.2817886404398
2014-08-22,1336.3950308784003
2014-08-25,1342.9571262901375
2014-08-26,1333.9877200654105
2014-08-27,1334.248928555286
2014-08-28,1334.7550152178355
2014-08-29,1331.4765449838821
2014-09-01,1333.3453310210248
2014-09-02,1332.8601937217854
2014-09-03,1335.277920019632
2014-09-04,1347.146920564936
2014-09-05,1346.664491207388
2014-09-08,1346.4181873193832
2014-09-09,1335.4750695956216
2014-09-10,1340.943986517941
2014-09-11,1336.7602115115053
2014-09-12,1330.955498627273
2014-09-15,1332.5175074136291
2014-09-16,1330.780751954543
2014-09-17,1323.4321828872664
2014-09-18,1322.7594877379697
2014-09-19,1336.6670216599107
2014-09-22,1340.5213752818436
2014-09-23,1337.8965494136146
2014-09-24,1345.4014874385068
2014-09-25,1370.5172841769593
2014-09-26,1364.3651258327245
2014-09-29,1369.9504301365655
2014-09-30,1361.1039617964354
2014-10-01,1363.5665977031565
2014-10-02,1337.309694192038
2014-10-03,1342.532712709985
2014-10-06,1354.542906223354
2014-10-07,1356.8171757019331
2014-10-08,1340.0901131408286
2014-10-09,1330.241700461847
2014-10-10,1326.9995820927027
2014-10-13,1328.1885485594114
2014-10-14,1305.421400592869
2014-10-15,1316.3009150270004
2014-10-16,1289.6504898945414
2014-10-17,1260.130865302583
2014-10-20,1302.7599160364223
2014-10-21,1293.9006175159425
2014-10-22,1325.1276909566768
2014-10-23,1312.8913254511608
2014-10-24,1320.2343433275232
2014-10-27,1337.858880077779
2014-10-28,1330.6986133234136
2014-10-29,1340.8690037655158
2014-10-30,1354.2956712912062
2014-10-31,1378.5663606796081
2014-11-03,1358.219127929439
2014-11-04,1384.9957892915413
2014-11-05,1386.9531695697428
2014-11-06,1372.9263787728923
2014-11-07,1381.9281743853917
2014-11-10,1377.5466185366295
2014-11-11,1384.4819361706955
2014-11-12,1391.327846746563
2014-11-13,1397.1110268004693
2014-11-14,1396.9470684108433
2014-11-17,1365.171019054777
2014-11-18,1383.7642752249924
2014-11-19,1369.5412895983466
2014-11-20,1366.9558256082446
2014-11-21,1388.0846786937295
2014-11-24,1375.74907075419
2014-11-25,1374.9878274923174
2014-11-26,1369.1436472441608
2014-11-27,1359.3418026418794
2014-11-28,1368.1524570245092
2014-12-01,1381.8130765086519
2014-12-02,1383.8708154031785
2014-12-03,1387.9295447330917
2014-12-04,1383.011535294919
2014-12-05,1380.9265840916366
2014-12-08,1388.2399587228356
2014-12-09,1392.0887107554834
2014-12-10,1369.4983164123828
2014-12-11,1357.8726485352047
2014-12-12,1359.8174464300641
2014-12-15,1354.332617112904
2014-12-16,1335.877460135997
2014-12-17,1341.3072984255139
2014-12-18,1362.2396058007912
2014-12-19,1384.7950840947146
2014-12-22,1385.0457617306943
2014-12-23,1385.1910454766924
2014-12-24,1399.4647279817075
2014-12-25,1396.4687157538053
2014-12-26,1400.8649265547335
2014-12-29,1396.7696302143804
2014-12-30,1398.0011976567005
2014-12-31,1399.299898951624
2015-01-01,1399.2998989516238
2015-01-02,1403.8120971646156
2015-01-05,1415.947440128252
2015-01-06,1393.408516264137
2015-01-07,1398.6175989192914
2015-01-08,1419.8664894192539
2015-01-09,1426.3909411980228
2015-01-12,1431.031041364651
2015-01-13,1439.490276384641
2015-01-14,1452.496865349701
2015-01-15,1499.0712571313634
2015-01-16,1490.148499244852
2015-01-19,1484.8520721815541
2015-01-20,1505.8479671431976
2015-01-21,1510.7250797720455
2015-01-22,1527.265553428271
2015-01-23,1556.3957833475954
2015-01-26,1550.2854346646643
2015-01-27,1573.1923570758804
2015-01-28,1588.4250101550488
2015-01-29,1574.033319259043
2015-01-30,1592.56508835142
2015-02-02,1585.8349010443067
2015-02-03,1548.757913201424
2015-02-04,1574.9314198114723
2015-02-05,1566.337667835999
2015-02-06,1567.081250089165
2015-02-09,1578.6025588469836
2015-02-10,1575.6537673619957
2015-02-11,1563.8834400724265
2015-02-12,1600.0893547073003
2015-02-13,1594.748503171266
2015-02-16,1606.5011769846824
2015-02-17,1602.844339673441
2015-02-18,1626.8806405463067
2015-02-19,1636.7019650690577
2015-02-20,1645.282683563672
2015-02-23,1653.1722485049086
2015-02-24,1654.3978681993822
2015-02-25,1653.4194024497772
2015-02-26,1680.8229661304451
2015-02-27,1680.1447438434489
2015-03-02,1679.7268311621804
2015-03-03,1696.9592160424088
2015-03-04,1703.70995473358
2015-03-05,1717.9347258809107
2015-03-06,1751.7633172393578
2015-03-09,1742.6494464565953
2015-03-10,1756.9089531392958
2015-03-11,1774.245337050743
2015-03-12,1794.6535111047676
2015-03-13,1821.5726704079482
2015-03-16,1805.4657534596226
2015-03-17,1817.9595358454424
2015-03-18,1829.3174329851297
2015-03-19,1826.1013203841799
2015-03-20,1807.8311197202274
2015-03-23,1811.320838374796
2015-03-24,1811.336088160593
2015-03-25,1810.3200794397092
2015-03-26,1800.009514858997
2015-03-27,1799.5893774346116
2015-03-30,1801.971967479563
2015-03-31,1791.0297613112637
2015-04-01,1774.289084041625
2015-04-02,1781.6492762945727
2015-04-03,1792.8949748910627
2015-04-06,1780.7054523106672
2015-04-07,1803.8431110127501
2015-04-08,1837.744035037885
2015-04-09,1862.0210286210838
2015-04-10,1863.3332133908857
2015-04-13,1864.2049866321206
2015-04-14,1866.5292420529645
2015-04-15,1875.828166841009
2015-04-16,1868.1124409425722
2015-04-17,1846.540421697352
2015-04-20,1844.1780292819064
2015-04-21,1873.3476409201237
2015-04-22,1879.1498104028417
2015-04-23,1871.4244111044165
2015-04-24,1863.6124683900327
2015-04-27,1862.7896244941371
2015-04-28,1857.1274893751995
2015-04-29,1826.9866071975089
2015-04-30,1764.0590432966699
2015-05-01,1747.9960644711662
2015-05-04,1756.9641452176484
2015-05-05,1755.0719311419202
2015-05-06,1738.3847799950533
2015-05-07,1733.378312506232
2015-05-08,1743.4639661218764
2015-05-11,1762.9510600447998
2015-05-12,1746.2788537585648
2015-05-13,1740.9804528510108
2015-05-14,1717.1523177580702
2015-05-15,1732.9596011161275
2015-05-18,1755.1632430131451
2015-05-19,1789.258102231016
2015-05-20,1798.5416248923689
2015-05-21,1798.7859952672115
2015-05-22,1808.3094587379217
2015-05-25,1819.009975616301
2015-05-26,1814.288615642019
2015-05-27,1801.9209195077615
2015-05-28,1796.9124584999656
2015-05-29,1786.0238474004227
2015-06-01,1797.9081831400422
2015-06-02,1763.8485781783595
2015-06-03,1733.6302873919008
2015-06-04,1723.8100653025265
2015-06-05,1732.5129846937919
2015-06-08,1715.3320662226813
2015-06-09,1700.9261545487996
2015-06-10,1708.4222419529588
2015-06-11,1727.6328140099565
2015-06-12,1724.6694311652657
2015-06-15,1723.1410115593553
2015-06-16,1716.7094504235044
2015-06-17,1699.7366039152305
2015-06-18,1677.2243449321243
2015-06-19,1704.9247107676435
2015-06-22,1708.4008276066622
2015-06-23,1754.8292917254987
2015-06-24,1751.332613447813
2015-06-25,1748.1102773066002
2015-06-26,1748.7028508702442
2015-06-29,1725.420144364679
2015-06-30,1740.1564702397804
2015-07-01,1742.3995997797388
2015-07-02,1754.2163446951902
2015-07-03,1763.2214675959074
2015-07-06,1745.177409614349
2015-07-07,1800.164885660172
2015-07-08,1746.0644449451052
2015-07-09,1738.0306499104922
2015-07-10,1705.3589122784779
2015-07-13,1758.494659484924
2015-07-14,1783.904962794901
2015-07-15,1799.1481781180469
2015-07-16,1824.3764201510248
2015-07-17,1836.5466539094825
2015-07-20,1830.5736984891516
2015-07-21,1840.2598343246648
2015-07-22,1828.9588309822504
2015-07-23,1831.088707857175
2015-07-24,1831.3909032604993
2015-07-27,1801.2409576271757
2015-07-28,1796.8539517605172
2015-07-29,1810.4750393833363
2015-07-30,1828.158759709903
2015-07-31,1826.660080499557
2015-08-03,1849.8652929459831
2015-08-04,1869.6931459652922
2015-08-05,1873.5178221572971
2015-08-06,1866.8552036732137
2015-08-07,1866.9321237658648
2015-08-10,1879.4235464843646
2015-08-11,1849.8514317470958
2015-08-12,1823.1535445865284
2015-08-13,1830.0458567921937
2015-08-14,1831.2261664841942
2015-08-17,1847.6783756922885
2015-08-18,1847.1551901595305
2015-08-19,1823.8625027668297
2015-08-20,1786.0995413707117
2015-08-21,1736.109243937784
2015-08-24,1654.0331831524502
2015-08-25,1604.2426216571655
2015-08-26,1663.1783080653809
2015-08-27,1699.5363613805073
2015-08-28,1736.426937906762
2015-08-31,1727.1527252344251
2015-09-01,1669.9735141568574
2015-09-02,1659.6459421827517
2015-09-03,1682.5860609533772
2015-09-04,1669.4190231443313
2015-09-07,1665.755079021407
2015-09-08,1616.9176656014045
2015-09-09,1702.637334830767
2015-09-10,1665.3683991761347
2015-09-11,1664.9570260662936
2015-09-14,1658.859014800951
2015-09-15,1661.82947216051
2015-09-16,1657.4562441809674
2015-09-17,1663.14563322241
2015-09-18,1637.4544459474428
2015-09-21,1656.205039693833
2015-09-22,1672.1519115014232
2015-09-23,1664.0495003272752
2015-09-24,1632.2416711364167
2015-09-25,1663.1729564957307
2015-09-28,1669.7709990493288
2015-09-29,1597.8648758089512
2015-09-30,1645.8645030522403
2015-10-01,1667.8639148863815
2015-10-02,1663.1516307678319
2015-10-05,1680.559236936385
2015-10-06,1685.3131181425344
2015-10-07,1699.2073150753104
2015-10-08,1674.6547786479223
2015-10-09,1686.4393302341568
2015-10-12,1689.3866377013892
2015-10-13,1687.117664645901
2015-10-14,1656.576585813429
2015-10-15,1696.5506792347323
2015-10-16,1704.5213162960067
2015-10-19,1703.1370743184132
2015-10-20,1695.3263332236133
2015-10-21,1714.7269993730654
2015-10-22,1729.6364701072669
2015-10-23,1767.9415462430384
2015-10-26,1779.7233134440369
2015-10-27,1776.7890704401282
2015-10-28,1777.4160336648906
2015-10-29,1785.7408446376303
2015-10-30,1796.8830118296494
2015-11-02,1756.8117071076474
2015-11-03,1762.7406622686678
2015-11-04,1782.0307415537254
2015-11-05,1800.7171192759768
2015-11-06,1808.4412767092024
2015-11-09,1827.3383637723664
2015-11-10,1832.9116485957948
2015-11-11,1841.304754967925
2015-11-12,1837.2603928372464
2015-11-13,1835.0832884315753
2015-11-16,1820.52061277
2015-11-17,1837.7244697792303
2015-11-18,1840.1637954664711
2015-11-19,1851.4414680799757
2015-11-20,1867.1095033339861
2015-11-23,1873.5710101247034
2015-11-24,1880.1730712568888
2015-11-25,1871.0721687462028
2015-11-26,1882.7210797451523
2015-11-27,1869.2315217118316
2015-11-30,1846.4123068870208
2015-12-01,1865.7972181655591
2015-12-02,1867.6044687473304
2015-12-03,1824.627314629192
2015-12-04,1789.2868902355988
2015-12-07,1806.4194785461127
2015-12-08,1796.8252849117132
2015-12-09,1777.9826145038403
2015-12-10,1778.5546421683416
2015-12-11,1786.2680303067727
2015-12-14,1767.3596040614639
2015-12-15,1745.328668901335
2015-12-16,1780.5223122252073
2015-12-17,1814.8742760597847
2015-12-18,1804.9638375512911
2015-12-21,1796.1308487125848
2015-12-22,1796.3451156674366
2015-12-23,1809.288242017873
2015-12-24,1791.3238003896663
2015-12-25,1783.5250167961844
2015-12-28,1792.2026205576135
2015-12-29,1822.1605155714565
2015-12-30,1824.8601243925789
2015-12-31,1837.5346576740253
2016-01-01,1837.5346576740249
2016-01-04,1817.998944048333
2016-01-05,1834.9505826339296
2016-01-06,1826.1724836775497
2016-01-07,1799.7011351213125
2016-01-08,1775.5804134216044
2016-01-11,1789.6298371838432
2016-01-12,1735.6118720854513
2016-01-13,1769.4437502302046
2016-01-14,1737.1773307424928
2016-01-15,1744.909024705017
2016-01-18,1737.1583238681676
2016-01-19,1723.2397438723385
2016-01-20,1689.5282719539234
2016-01-21,1637.4874972366417
2016-01-22,1704.1146678934003
2016-01-25,1727.9234919361425
2016-01-26,1698.2895198227866
2016-01-27,1734.284285891999
2016-01-28,1723.2420545522973
2016-01-29,1756.0567800880553
2016-02-01,1771.8426355393935
2016-02-02,1789.6922751093157
2016-02-03,1767.4474401296925
2016-02-04,1736.3032031875782
2016-02-05,1718.0814121159158
2016-02-08,1758.5395743287925
2016-02-09,1667.1293268412192
2016-02-10,1630.6517014015508
2016-02-11,1647.3507780368293
2016-02-12,1574.3717915147326
2016-02-15,1682.715627900722
2016-02-16,1677.0077061347697
2016-02-17,1648.5227927849935
2016-02-18,1690.6361592708581
2016-02-19,1690.8440877121504
2016-02-22,1718.6033756089487
2016-02-23,1715.722170396719
2016-02-24,1728.086292766581
2016-02-25,1732.2892063541858
2016-02-26,1735.2167668292961
2016-02-29,1733.3878781356789
2016-03-01,1734.2421229850931
2016-03-02,1785.5403101576637
2016-03-03,1791.5471206134405
2016-03-04,1776.8490864285789
2016-03-07,1763.4765645400867
2016-03-08,1750.2059963859483
2016-03-09,1731.7404449293897
2016-03-10,1723.5799954529966
2016-03-11,1727.9393274949216
2016-03-14,1752.1730909277323
2016-03-15,1757.5208355873854
2016-03-16,1739.4762783079175
2016-03-17,1733.0771348898434
2016-03-18,1719.9575301899845
2016-03-21,1721.4459494707362
2016-03-22,1755.0954358829097
2016-03-23,1749.9373722499195
2016-03-24,1753.1651350097563
2016-03-25,1760.9314663499197
2016-03-28,1765.0480136251028
2016-03-29,1772.6194490522919
2016-03-30,1739.4564696970572
2016-03-31,1719.4251389883539
2016-04-01,1674.762065478843
2016-04-04,1690.1475287184392
2016-04-05,1663.2800352714726
2016-04-06,1668.4286983630084
2016-04-07,1711.1198122812891
2016-04-08,1712.1497612419673
2016-04-11,1707.9556976398087
2016-04-12,1719.6553351746536
2016-04-13,1755.8738033784118
2016-04-14,1806.8015022603058
2016-04-15,1799.281999147289
2016-04-18,1749.459700847418
2016-04-19,1777.623501780868
2016-04-20,1789.9018504346016
2016-04-21,1823.0306318463176
2016-04-22,1806.1391480987945
2016-04-25,1801.8069315863117
2016-04-26,1787.6336749517225
2016-04-27,1776.1411340057355
2016-04-28,1769.903367829455
2016-04-29,1774.0761006066853
2016-05-02,1733.8107706372434
2016-05-03,1738.5119486274532
2016-05-04,1730.8865433504673
2016-05-05,1737.2082733825018
2016-05-06,1751.3606745907482
2016-05-09,1737.9193954794448
2016-05-10,1761.2912193960826
2016-05-11,1757.6141221558623
2016-05-12,1759.5340493208005
2016-05-13,1757.9728677938815
2016-05-16,1754.4029964423728
2016-05-17,1768.820112377901
2016-05-18,1767.7687640234471
2016-05-19,1769.3394949633941
2016-05-20,1765.492956185929
2016-05-23,1772.4617537724373
2016-05-24,1761.2843692390609
2016-05-25,1771.3085138520748
2016-05-26,1779.1142448242756
2016-05-27,1789.4403668096963
2016-05-30,1787.8631275400162
2016-05-31,1802.1557775271897
2016-06-01,1795.1269168683702
2016-06-02,1779.4716764107689
2016-06-03,1792.7847267187462
2016-06-06,1779.241774203492
2016-06-07,1789.711523764097
2016-06-08,1809.215963596016
2016-06-09,1809.244519021605
2016-06-10,1800.9924479574038
2016-06-13,1756.8553415223023
2016-06-14,1765.0543314521083
2016-06-15,1761.233168980921
2016-06-16,1765.9627297770169
2016-06-17,1750.8132914244252
2016-06-20,1764.3524657349321
2016-06-21,1795.9197109378074
2016-06-22,1780.5290019224299
2016-06-23,1760.7395029591823
2016-06-24,1746.1911523809092
2016-06-27,1836.3252637137314
2016-06-28,1814.706543446271
2016-06-29,1831.8545357882986
2016-06-30,1823.7663208829122
2016-07-01,1834.030185839969
2016-07-04,1849.695525036631
2016-07-05,1869.9649117262697
2016-07-06,1870.7929100463443
2016-07-07,1864.84920709009
2016-07-08,1849.7375499279578
2016-07-11,1860.4381543643897
2016-07-12,1843.2320075425862
2016-07-13,1849.2519560338692
2016-07-14,1848.3485282522245
2016-07-15,1836.4091270992446
2016-07-18,1836.1976447897428
2016-07-19,1864.3417199075911
2016-07-20,1866.8422583905224
2016-07-21,1872.6955557937035
2016-07-22,1866.0947266371604
2016-07-25,1862.8540455978452
2016-07-26,1870.6807703077195
2016-07-27,1861.3862909376624
2016-07-28,1838.0357255178055
2016-07-29,1882.2993717954582
2016-08-01,1889.2732604148891
2016-08-02,1874.989033143671
2016-08-03,1843.3987388472412
2016-08-04,1845.6208515092542
2016-08-05,1835.54216384638
2016-08-08,1838.8025172081664
2016-08-09,1861.0322883990825
2016-08-10,1863.23587867662
2016-08-11,1859.5505411776774
2016-08-12,1880.2718813741833
2016-08-15,1859.963753755843
2016-08-16,1838.0366506840057
2016-08-17,1847.9380856069386
2016-08-18,1811.0886945033028
2016-08-19,1803.6662087763723
2016-08-22,1815.4025520331957
2016-08-23,1829.8912252677412
2016-08-24,1843.8784663649076
2016-08-25,1833.964599179366
2016-08-26,1810.8595936053714
2016-08-29,1815.2572203510488
2016-08-30,1803.2032520496655
2016-08-31,1808.4276346137926
2016-09-01,1814.8706476920881
2016-09-02,1814.2885200386131
2016-09-05,1837.389042243605
2016-09-06,1856.3091368160333
2016-09-07,1868.9101470701619
2016-09-08,1857.7276004765972
2016-09-09,1838.0633802610814
2016-09-12,1831.6893352127156
2016-09-13,1827.7623329987946
2016-09-14,1809.610089138428
2016-09-15,1800.0815262198596
2016-09-16,1831.1118881053335
2016-09-19,1836.457677017689
2016-09-20,1849.5424586031593
2016-09-21,1916.4554498959867
2016-09-22,1897.5403326235703
2016-09-23,1898.4507064562158
2016-09-26,1887.5163408850367
2016-09-27,1922.3731394573147
2016-09-28,1902.5666348160087
2016-09-29,1883.4484194342194
2016-09-30,1865.0115004820823
2016-10-03,1875.4068406272474
2016-10-04,1866.219678893654
2016-10-05,1847.0321382609438
2016-10-06,1850.0626852073433
2016-10-07,1850.5367279008988
2016-10-10,1845.8065134450578
2016-10-11,1870.8250598688585
2016-10-12,1855.535219703103
2016-10-13,1865.5269877209892
2016-10-14,1854.433194663103
2016-10-17,1866.4187711528152
2016-10-18,1878.9581960009723
2016-10-19,1893.8111889649172
2016-10-20,1903.172823318752
2016-10-21,1909.7074483062027
2016-10-24,1907.9401369327284
2016-10-25,1917.84437586432
2016-10-26,1920.506700645152
2016-10-27,1903.7532726725387
2016-10-28,1903.1402405818274
2016-10-31,1901.8072466524873
2016-11-01,1902.000535918136
2016-11-02,1887.7889572461952
2016-11-03,1893.0711090699767
2016-11-04,1867.2580468554036
2016-11-07,1868.2889251446659
2016-11-08,1857.6913410672942
2016-11-09,1814.164831410717
2016-11-10,1867.5609755764156
2016-11-11,1859.832857700571
2016-11-14,1868.2652176450965
2016-11-15,1864.3906005855765
2016-11-16,1887.5508924582161
2016-11-17,1898.7392337266451
2016-11-18,1891.78424424722
2016-11-21,1901.1946544845273
2016-11-22,1907.5598790209092
2016-11-23,1890.4649728413938
2016-11-24,1885.2939002279595
2016-11-25,1889.274855709922
2016-11-28,1917.1663034374137
2016-11-29,1904.0719204165835
2016-11-30,1891.5949968035961
2016-12-01,1887.5789619261752
2016-12-02,1877.6447316456288
2016-12-05,1840.4019696174485
2016-12-06,1849.3006906085172
2016-12-07,1858.0603350119789
2016-12-08,1895.5941593079137
2016-12-09,1908.3989561254366
2016-12-12,1911.3793875977449
2016-12-13,1931.6338509007917
2016-12-14,1929.8851511992646
2016-12-15,1918.3707268320688
2016-12-16,1930.8579148505391
2016-12-19,1956.7287816513908
2016-12-20,1958.4027999542147
2016-12-21,1945.32619392502
2016-12-22,1944.9773349371844
2016-12-23,1948.6077359345034
2016-12-26,1947.5610528533684
2016-12-27,1938.634135058158
2016-12-28,1950.4592627996199
2016-12-29,1936.8028144762766
2016-12-30,1923.748464244814
2017-01-02,1923.748464244814
2017-01-03,1931.0255732399298
2017-01-04,1959.3413304846245
2017-01-05,1971.9157442464696
2017-01-06,1966.299031149331
2017-01-09,1970.651009313638
2017-01-10,1965.8724188040758
2017-01-11,1972.2214664627727
2017-01-12,1958.9119362845029
2017-01-13,1963.0860218206117
2017-01-16,1967.6152543607523
2017-01-17,1944.6293323360042
2017-01-18,1941.3329608262334
2017-01-19,1935.4169116686694
2017-01-20,1930.6915918986563
2017-01-23,1927.207745937568
2017-01-24,1913.6529228054446
2017-01-25,1919.4462316013792
2017-01-26,1936.2399800964743
2017-01-27,1930.597730350524
2017-01-30,1950.5370662224684
2017-01-31,1926.3605232084808
2017-02-01,1925.2492063255006
2017-02-02,1914.8374930414054
2017-02-03,1921.3905101701775
2017-02-06,1934.9593749132448
2017-02-07,1942.9862882920565
2017-02-08,1951.0420444938131
2017-02-09,1927.8287051993343
2017-02-10,1962.1944754916578
2017-02-13,1969.1413798432923
2017-02-14,1944.9788328488696
2017-02-15,1950.4189040356498
2017-02-16,1949.7792961696443
2017-02-17,1963.13787082269
2017-02-20,1961.8236048973233
2017-02-21,1977.557211166523
2017-02-22,1981.6712200429108
2017-02-23,1992.3219380116648
2017-02-24,1996.3247572417206
2017-02-27,1980.8300922065068
2017-02-28,1983.366421990903
2017-03-01,1978.9618647189393
2017-03-02,1986.3754523093025
2017-03-03,1967.8576303311233
2017-03-06,1968.0246123323086
2017-03-07,1972.3387765770294
2017-03-08,1960.2446435130855
2017-03-09,1955.8850551473327
2017-03-10,1964.352359023042
2017-03-13,1977.9056121464378
2017-03-14,1978.4335504090748
2017-03-15,1978.5907188474214
2017-03-16,1985.6011565519868
2017-03-17,1980.6846580489666
2017-03-20,1979.9680995690067
2017-03-21,1982.781711312535
2017-03-22,1969.5120655878309
2017-03-23,1974.6574351543647
2017-03-24,1992.3461801681692
2017-03-27,1968.287376252028
2017-03-28,1996.0801495159424
2017-03-29,2013.1878607156677
2017-03-30,1988.3759981722958
2017-03-31,1975.511483830905
2017-04-03,2005.4807480326415
2017-04-04,2007.6405683182918
2017-04-05,1997.4796012899099
2017-04-06,1973.6249164529615
2017-04-07,1998.0620993619677
2017-04-10,2000.1276758836589
2017-04-11,2019.2238143338318
2017-04-12,2013.922634806663
2017-04-13,2006.7324298152685
2017-04-14,1989.2777596210196
2017-04-17,2016.339345420352
2017-04-18,2009.8835904677444
2017-04-19,1996.2563224623464
2017-04-20,1976.2112417447202
2017-04-21,2007.5835230162284
2017-04-24,1981.5482267106977
2017-04-25,1965.1087287459893
2017-04-26,1973.3736014759563
2017-04-27,1978.8279105024992
2017-04-28,1964.065869146067
2017-05-01,1958.8828977493026
2017-05-02,1963.1385350683743
2017-05-03,1958.3883204730673
2017-05-04,1945.0101415713495
2017-05-05,1939.0400434167468
2017-05-08,1993.9850350563158
2017-05-09,1979.1770309454712
2017-05-10,1990.97033022603
2017-05-11,1997.5985072316066
2017-05-12,1999.287563457837
2017-05-15,1989.333501730154
2017-05-16,1986.2283498576508
2017-05-17,2000.6461144922844
2017-05-18,1998.0889932462032
2017-05-19,1973.2054370228395
2017-05-22,1976.0662393648795
2017-05-23,1980.2891496211373
2017-05-24,1978.0190546509045
2017-05-25,1983.2522605870495
2017-05-26,1988.3060863797427
2017-05-29,1994.4105723328094
2017-05-30,1999.7100644802842
2017-05-31,1988.9265041341775
2017-06-01,2004.3942867414253
2017-06-02,2026.0774097103226
2017-06-05,2041.8986873346748
2017-06-06,2043.8895502443136
2017-06-07,2041.2610377083017
2017-06-08,2023.147283355691
2017-06-09,2007.9998629804832
2017-06-12,2028.217111047348
2017-06-13,2030.9650947595821
2017-06-14,2040.8628486308558
2017-06-15,2042.8353970707742
2017-06-16,2036.4346894455794
2017-06-19,2046.4002767577222
2017-06-20,2053.2278674947393
2017-06-21,2050.2053444950675
2017-06-22,2050.465323177278
2017-06-23,2041.5744472224878
2017-06-26,2038.3582997515698
2017-06-27,2008.2568341668539
2017-06-28,1991.5499321833786
2017-06-29,1978.6751412665058
2017-06-30,1969.7725700540557
2017-07-03,1961.3232552590384
2017-07-04,1959.3935970442649
2017-07-05,1964.4537337790327
2017-07-06,1952.0201763554523
2017-07-07,1926.6103558554698
2017-07-10,1930.6382154744526
2017-07-11,1932.9404305215496
2017-07-12,1945.1387244622315
2017-07-13,1945.6965737295943
2017-07-14,1957.333876496555
2017-07-17,1950.207127180012
2017-07-18,1941.0279229880432
2017-07-19,1961.355796472794
2017-07-20,1954.5552402804926
2017-07-21,1953.463187694981
2017-07-24,1945.136235757452
2017-07-25,1928.2951064503645
2017-07-26,1924.5319362524697
2017-07-27,1933.3128926919046
2017-07-28,1930.9289543108512
2017-07-31,1925.5859665475673
2017-08-01,1947.6359716487336
2017-08-02,1936.1196069571158
2017-08-03,1942.6130656359474
2017-08-04,1947.0176297899895
2017-08-07,1947.03392115703
2017-08-08,1951.1583709231038
2017-08-09,1946.702276158341
2017-08-10,1959.4634676034957
2017-08-11,1956.4196367601921
2017-08-14,1935.5240150007296
2017-08-15,1946.4513699370627
2017-08-16,1946.8631987188253
2017-08-17,1952.1695090539024
2017-08-18,1956.0114752917955
2017-08-21,1946.182015275361
2017-08-22,1936.4028040019377
2017-08-23,1942.482942761028
2017-08-24,1928.5596429440182
2017-08-25,1920.5975043979277
2017-08-28,1916.5443766503047
2017-08-29,1914.1772675717923
2017-08-30,1917.8789099887913
2017-08-31,1933.8548769889205
2017-09-01,1934.370650016434
2017-09-04,1921.3444623772002
2017-09-05,1916.9011326458344
2017-09-06,1921.2744976745728
2017-09-07,1923.7054080731843
2017-09-08,1928.8537683411319
2017-09-11,1935.9590326848438
2017-09-12,1935.3399115805798
2017-09-13,1935.9002067308907
2017-09-14,1936.1393246873831
2017-09-15,1914.017920116664
2017-09-18,1906.4455789767148
2017-09-19,1926.0522808136714
2017-09-20,1917.9344919387247
2017-09-21,1912.9413521887473
2017-09-22,1913.6950199253113
2017-09-25,1944.9720851644834
2017-09-26,1959.0269894048486
2017-09-27,1953.8349013722504
2017-09-28,1951.2967971081166
2017-09-29,1945.3377452347252
2017-10-02,1951.2829625006746
2017-10-03,1961.327690709752
2017-10-04,1960.413600969628
2017-10-05,1971.2948576567785
2017-10-06,1963.7944077198604
2017-10-09,1965.1354407425972
2017-10-10,1975.7979913132788
2017-10-11,1974.5779362162568
2017-10-12,1977.2950730718226
2017-10-13,1995.422139330146
2017-10-16,2016.8447192124365
2017-10-17,2017.4179113281339
2017-10-18,2008.0624090153633
2017-10-19,2005.499975633546
2017-10-20,2003.0892192350282
2017-10-23,2014.583008991611
2017-10-24,2020.9450697188422
2017-10-25,2001.056551082271
2017-10-26,2015.3384565297574
2017-10-27,2056.6557861266283
2017-10-30,2055.9790816897385
2017-10-31,2039.7822175530716
2017-11-01,2063.0847536746182
2017-11-02,2062.133552359427
2017-11-03,2064.638121316691
2017-11-06,2072.5453646468886
2017-11-07,2098.6992503002584
2017-11-08,2106.063659060462
2017-11-09,2094.4697079221446
2017-11-10,2077.8405476362477
2017-11-13,2051.734653444806
2017-11-14,2028.545266999495
2017-11-15,1994.485698007772
2017-11-16,2024.6538293140172
2017-11-17,2033.9838541140205
2017-11-20,2032.4196217769136
2017-11-21,2041.2769982961538
2017-11-22,2044.0854672515627
2017-11-23,2041.2774385584598
2017-11-24,2024.9780754191474
2017-11-27,2033.0341269437424
2017-11-28,2043.5497594702526
2017-11-29,2050.6202066086607
2017-11-30,2054.357408762495
2017-12-01,2049.4168700190153
2017-12-04,2045.9985169281192
2017-12-05,2056.9000443188315
2017-12-06,2052.2479020338433
2017-12-07,2068.4059792488006
2017-12-08,2081.661787836155
2017-12-11,2086.8661787805286
2017-12-12,2089.955809882617
2017-12-13,2098.552767225547
2017-12-14,2103.0099947155472
2017-12-15,2088.0101016259696
2017-12-18,2100.7758956838397
2017-12-19,2079.736128777497
2017-12-20,2059.448332339829
2017-12-21,2055.6617137881854
2017-12-22,2063.7978310010853
2017-12-25,2067.177335263752
2017-12-26,2062.002234781889
2017-12-27,2055.8757663115825
2017-12-28,2046.678295327837
2017-12-29,2031.5205059500943
2018-01-01,2031.5205059500943
2018-01-02,2034.4000886619006
2018-01-03,2033.5047272073632
2018-01-04,2056.513455260639
2018-01-05,2067.2429581388765
2018-01-08,2082.196727047908
2018-01-09,2109.749891086898
2018-01-10,2119.591156193634
2018-01-11,2102.0820775694615
2018-01-12,2066.051306849268
2018-01-15,2065.912754905776
2018-01-16,2079.84327339012
2018-01-17,2073.769168626077
2018-01-18,2055.448968664795
2018-01-19,2072.757646324537
2018-01-22,2069.0968343942272
2018-01-23,2087.2196046389645
2018-01-24,2093.658311561113
2018-01-25,2073.0260390107983
2018-01-26,2084.0881041599996
2018-01-29,2085.623072872042
2018-01-30,2058.660083129289
2018-01-31,2020.1840562285045
2018-02-01,2049.121754437525
2018-02-02,2034.7556896497185
2018-02-05,2002.7461004084473
2018-02-06,1955.014033121212
2018-02-07,1969.2990094207366
2018-02-08,1989.5894534201934
2018-02-09,1975.4079516663662
2018-02-12,1973.5249038488037
2018-02-13,1962.996037249774
2018-02-14,1961.2861754967369
2018-02-15,1971.624292616192
2018-02-16,2003.9667405838952
2018-02-19,2041.9784597305552
2018-02-20,2028.8617939132046
2018-02-21,2017.1371075129803
2018-02-22,2012.4962176306303
2018-02-23,2034.7031551799653
2018-02-26,2050.4504089733764
2018-02-27,2055.8359675217307
2018-02-28,2056.9201040833855
2018-03-01,2029.8372169489376
2018-03-02,2004.50507230778
2018-03-05,1996.1970467379122
2018-03-06,1999.3213182244654
2018-03-07,1992.1000990751845
2018-03-08,2008.547738325071
2018-03-09,1996.9000932983345
2018-03-12,2027.4749529910566
2018-03-13,2026.284605998017
2018-03-14,2035.2291526728504
2018-03-15,2045.5687735735776
2018-03-16,2048.808487909323
2018-03-19,2030.127308780408
2018-03-20,2027.6466984905978
2018-03-21,2029.9293444014695
2018-03-22,2052.6772230610973
2018-03-23,1997.7914671394437
2018-03-26,1989.849524537913
2018-03-27,2031.621715501898
2018-03-28,2028.642941757463
2018-03-29,2041.6778358589859
2018-03-30,2049.033709645643
2018-04-02,2039.8264057299054
2018-04-03,2042.7494814059735
2018-04-04,2050.06107296026
2018-04-05,2068.2191459174605
2018-04-06,2065.5289771348093
2018-04-09,2071.525506287267
2018-04-10,2057.2488900487283
2018-04-11,2037.015488691749
2018-04-12,2036.6474398620226
2018-04-13,2028.5568481846335
2018-04-16,2043.810189824595
2018-04-17,2049.5820784164302
2018-04-18,2065.868166593378
2018-04-19,2061.028974298009
2018-04-20,2067.873445323039
2018-04-23,2055.0599667712563
2018-04-24,2057.885829332886
2018-04-25,2068.2576984426855
2018-04-26,2085.895139543058
2018-04-27,2105.1979636424962
2018-04-30,2102.043967269648
2018-05-01,2110.732044429309
2018-05-02,2104.061009307553
2018-05-03,2122.71418132991
2018-05-04,2125.264334075032
2018-05-07,2132.1212726901254
2018-05-08,2149.2543044083104
2018-05-09,2123.627864544136
2018-05-10,2119.1677203815957
2018-05-11,2126.0288447022685
2018-05-14,2127.1485568863122
2018-05-15,2132.21201791398
2018-05-16,2137.838233920076
2018-05-17,2134.3939625738667
2018-05-18,2146.345722464507
2018-05-21,2138.8543194197737
2018-05-22,2133.6810041791464
2018-05-23,2157.9313205413873
2018-05-24,2163.3937468515746
2018-05-25,2172.858678195822
2018-05-28,2179.3975902791717
2018-05-29,2197.5015511402016
2018-05-30,2164.9410435433665
2018-05-31,2165.3996610569125
2018-06-01,2145.786260993723
2018-06-04,2160.500282094866
2018-06-05,2165.3149247400656
2018-06-06,2143.097010080047
2018-06-07,2141.5386264831373
2018-06-08,2161.182130316902
2018-06-11,2149.4219099485827
2018-06-12,2163.734399066453
2018-06-13,2174.825036440028
2018-06-14,2186.571279054543
2018-06-15,2202.572499645232
2018-06-18,2187.6657316906126
2018-06-19,2181.124814537674
2018-06-20,2190.4368194595545
2018-06-21,2180.0612381534297
2018-06-22,2171.385568590551
2018-06-25,2145.2869595757643
2018-06-26,2145.8613663143556
2018-06-27,2157.1480258750807
2018-06-28,2148.7003015574205
2018-06-29,2124.4053377375385
2018-07-02,2088.2223929134516
2018-07-03,2080.0283559263853
2018-07-04,2099.8245443061473
2018-07-05,2072.271126719697
2018-07-06,2073.903344897113
2018-07-09,2082.1395606039964
2018-07-10,2075.6629868327896
2018-07-11,2061.4535072107606
2018-07-12,2056.33542870531
2018-07-13,2077.4502744029323
2018-07-16,2070.536641647524
2018-07-17,2092.4435096047973
2018-07-18,2108.1497466397077
2018-07-19,2099.0076809373045
2018-07-20,2108.9442282487294
2018-07-23,2112.4357925759596
2018-07-24,2117.8361266723077
2018-07-25,2128.173022418905
2018-07-26,2145.950103968839
2018-07-27,2161.1094691457033
2018-07-30,2137.77369483532
2018-07-31,2110.664319335705
2018-08-01,2121.756003981032
2018-08-02,2120.443517158746
2018-08-03,2115.432502698261
2018-08-06,2108.844554775644
2018-08-07,2119.736093160721
2018-08-08,2111.332125558238
2018-08-09,2109.6757811136113
2018-08-10,2125.056402690831
2018-08-13,2096.2531061528407
2018-08-14,2136.7690476231337
2018-08-15,2146.6123567975897
2018-08-16,2113.924344252696
2018-08-17,2122.3016606645547
2018-08-20,2110.8060683940803
2018-08-21,2083.821571223758
2018-08-22,2072.5858436614812
2018-08-23,2068.3527909324866
2018-08-24,2074.5320717836426
2018-08-27,2084.376815180348
2018-08-28,2072.986568269595
2018-08-29,2072.064013217306
2018-08-30,2080.8011424850783
2018-08-31,2093.546386384957
2018-09-03,2085.5573141660343
2018-09-04,2091.241187850017
2018-09-05,2060.2685485021834
2018-09-06,2055.2574328534506
2018-09-07,2066.115359745
2018-09-10,2064.805724578079
2018-09-11,2077.5015763924357
2018-09-12,2077.484800274589
2018-09-13,2077.437326889227
2018-09-14,2080.540317050746
2018-09-17,2079.229013944355
2018-09-18,2110.732530467
2018-09-19,2137.672724780245
2018-09-20,2118.307734118749
2018-09-21,2124.6150227088424
2018-09-24,2119.3888608140583
2018-09-25,2137.55704769681
2018-09-26,2151.9366019019953
2018-09-27,2138.964136867412
2018-09-28,2164.372511054854
2018-10-01,2155.965755096253
2018-10-02,2177.961124817737
2018-10-03,2156.0613968835355
2018-10-04,2151.1878331499324
2018-10-05,2153.7889708778607
2018-10-08,2172.958273020261
2018-10-09,2146.4092024216484
2018-10-10,2154.452789874286
2018-10-11,2099.979890992323
2018-10-12,2083.9855712462822
2018-10-15,2057.7453540159645
2018-10-16,2061.261970188875
2018-10-17,2104.2607962983225
2018-10-18,2106.08543935926
2018-10-19,2096.1151188138524
2018-10-22,2098.0736591868417
2018-10-23,2058.8791845354003
2018-10-24,2072.131516810718
2018-10-25,2025.8411685001613
2018-10-26,2044.5529901811221
2018-10-29,2020.7419741145059
2018-10-30,2036.9348698138954
2018-10-31,2072.4256071042428
2018-11-01,2030.668733707345
2018-11-02,2052.281480848656
2018-11-05,2027.684185688221
2018-11-06,2047.9595729339644
2018-11-07,2034.3869067583937
2018-11-08,2073.5346025159433
2018-11-09,2085.6516798724506
2018-11-12,2112.691773768655
2018-11-13,2068.5794665194785
2018-11-14,2063.8884812877573
2018-11-15,2078.744022111725
2018-11-16,2071.99538626089
2018-11-19,2072.6572878631227
2018-11-20,2070.558400512054
2018-11-21,2053.432651005464
2018-11-22,2077.899728354563
2018-11-23,2093.1450465516536
2018-11-26,2082.6741280297547
2018-11-27,2093.4717058841625
2018-11-28,2098.413985709366
2018-11-29,2093.9396780147554
2018-11-30,2116.618767641349
2018-12-03,2125.1394781959575
2018-12-04,2097.032033024993
2018-12-05,2098.3354586505334
2018-12-06,2077.363530221114
2018-12-07,2092.8964720713648
2018-12-10,2053.648845294166
2018-12-11,2052.1712968638444
2018-12-12,2075.956810181916
2018-12-13,2080.3353352518902
2018-12-14,2073.02086309038
2018-12-17,2085.738670697888
2018-12-18,2048.0304703463094
2018-12-19,2030.1015335962152
2018-12-20,2007.0632141347262
2018-12-21,1983.6929625098721
2018-12-24,1994.911422461631
2018-12-25,1914.0448560476289
2018-12-26,1939.4057810924892
2018-12-27,2018.6364434296718
2018-12-28,2002.9670126708384
2018-12-31,2016.3665785494343
2019-01-01,2016.3665785494338
2019-01-02,2037.8415336290202
2019-01-03,2063.8007247765186
2019-01-04,2042.7346579886803
2019-01-07,2068.5707117806605
2019-01-08,2063.492952702556
2019-01-09,2082.603947778858
2019-01-10,2073.2054205547256
2019-01-11,2079.325810273276
2019-01-14,2082.868203132097
2019-01-15,2080.291542499552
2019-01-16,2085.479167343688
2019-01-17,2086.1861749726645
2019-01-18,2092.8563112841675
2019-01-21,2098.0077797570166
2019-01-22,2101.860698422122
2019-01-23,2080.1667004662004
2019-01-24,2089.0976241395283
2019-01-25,2082.7798637547667
2019-01-28,2066.1103851478892
2019-01-29,2084.4070082925286
2019-01-30,2069.806678747107
2019-01-31,2090.3283544044775
2019-02-01,2080.936496598373
2019-02-04,2095.415162286776
2019-02-05,2104.5571212920004
2019-02-06,2106.670576847356
2019-02-07,2088.7340246526896
2019-02-08,2068.7496235485064
2019-02-11,2065.6769861848447
2019-02-12,2092.6519434262173
2019-02-13,2100.1548724095233
2019-02-14,2109.0622977764233
2019-02-15,2107.722096262499
2019-02-18,2121.6220965468656
2019-02-19,2127.5864899052635
2019-02-20,2130.0826619351888
2019-02-21,2133.23234024645
2019-02-22,2127.9716460185628
2019-02-25,2131.7725582234934
2019-02-26,2133.350226795596
2019-02-27,2133.198425513061
2019-02-28,2111.3981723441766
2019-03-01,2107.7488225416205
2019-03-04,2122.156250339102
2019-03-05,2119.759594896852
2019-03-06,2115.732923571379
2019-03-07,2129.6978711080014
2019-03-08,2111.090221883462
2019-03-11,2124.3202960269737
2019-03-12,2135.1927581258064
2019-03-13,2118.08639238686
2019-03-14,2106.5763205716335
2019-03-15,2123.3562493161294
2019-03-18,2130.951128931336
2019-03-19,2116.1156717754834
2019-03-20,2116.1241479068726
2019-03-21,2125.5088802626906
2019-03-22,2160.321740108408
2019-03-25,2105.261396256019
2019-03-26,2157.337406678829
2019-03-27,2168.7369023274036
2019-03-28,2133.329118490133
2019-03-29,2143.6382848718986
2019-04-01,2158.323292895783
2019-04-02,2139.0948494362992
2019-04-03,2130.218579946278
2019-04-04,2123.2463482295384
2019-04-05,2118.3242039004253
2019-04-08,2114.0612273848
2019-04-09,2106.680540209627
2019-04-10,2100.4938257907675
2019-04-11,2091.791188627214
2019-04-12,2068.564731466522
2019-04-15,2085.2741695938744
2019-04-16,2085.914641256969
2019-04-17,2079.589146801006
2019-04-18,2074.085959534411
2019-04-19,2063.114695776765
2019-04-22,2071.9001602440844
2019-04-23,2092.1051170904084
2019-04-24,2078.3491557071716
2019-04-25,2108.7384255685806
2019-04-26,2102.41215529976
2019-04-29,2096.8660086257255
2019-04-30,2097.448384784028
2019-05-01,2094.959363082145
2019-05-02,2098.8406045341517
2019-05-03,2103.5596057936127
2019-05-06,2109.0703003819426
2019-05-07,2115.255245626662
2019-05-08,2084.06465667566
2019-05-09,2065.905242284827
2019-05-10,2063.343623893069
2019-05-13,2067.9044411924447
2019-05-14,2057.6940926593993
2019-05-15,2065.172114954053
2019-05-16,2068.913192565387
2019-05-17,2093.5060311821444
2019-05-20,2103.943129791342
2019-05-21,2085.3430355143437
2019-05-22,2080.729821557406
2019-05-23,2104.969538385699
2019-05-24,2103.5875720327695
2019-05-27,2109.632456410306
2019-05-28,2105.583769781307
2019-05-29,2097.3522630951784
2019-05-30,2078.570220758348
2019-05-31,2083.2303801321
2019-06-03,2072.254039701559
2019-06-04,2056.495517513784
2019-06-05,2088.1017092150273
2019-06-06,2083.0846640139857
2019-06-07,2077.685058110714
2019-06-10,2094.9096189943084
2019-06-11,2095.9149355180366
2019-06-12,2092.9764892545436
2019-06-13,2091.9276304222994
2019-06-14,2107.7832566808693
2019-06-17,2092.4810209656885
2019-06-18,2090.8393560580685
2019-06-19,2108.4467212829513
2019-06-20,2116.3300442225946
2019-06-21,2090.594282198544
2019-06-24,2084.0813331798427
2019-06-25,2093.4382261927676
2019-06-26,2074.6135895674947
2019-06-27,2082.7259058779605
2019-06-28,2076.3456742217063
2019-07-01,2106.3433210673315
2019-07-02,2123.387602936029
2019-07-03,2128.894820213448
2019-07-04,2140.96015815777
2019-07-05,2140.8969067492835
2019-07-08,2118.0773381259846
2019-07-09,2118.9004473405657
2019-07-10,2115.0998659651314
2019-07-11,2125.2147082270876
2019-07-12,2132.603474024716
2019-07-15,2131.5938973314765
2019-07-16,2119.714337094141
2019-07-17,2121.8729013167913
2019-07-18,2086.39471773521
2019-07-19,2123.2737567457043
2019-07-22,2102.8032835999716
2019-07-23,2120.2891712695955
2019-07-24,2126.278756675189
2019-07-25,2111.9776057452846
2019-07-26,2114.639974226006
2019-07-29,2114.3016262870424
2019-07-30,2122.807111179919
2019-07-31,2109.9785471757255
2019-08-01,2132.9535160861624
2019-08-02,2128.4463679768287
2019-08-05,2099.1034606928347
2019-08-06,2087.764344449047
2019-08-07,2105.8802296877498
2019-08-08,2100.979376998961
2019-08-09,2121.4606945074042
2019-08-12,2125.191581342071
2019-08-13,2090.0227781412377
2019-08-14,2119.492605799887
2019-08-15,2103.584868764703
2019-08-16,2105.4681451322017
2019-08-19,2118.2479157268417
2019-08-20,2133.812211176761
2019-08-21,2117.372997255262
2019-08-22,2121.1623636786426
2019-08-23,2130.6633833824253
2019-08-26,2102.69637308793
2019-08-27,2119.10418577491
2019-08-28,2129.5607902543516
2019-08-29,2119.873321023273
2019-08-30,2152.89842407297
2019-09-02,2149.0490556402024
2019-09-03,2165.1241100280367
2019-09-04,2144.774521950616
2019-09-05,2149.1130310187796
2019-09-06,2153.1700867971435
2019-09-09,2162.5582688511604
2019-09-10,2162.57486726672
2019-09-11,2192.786410204045
2019-09-12,2197.8964886682884
2019-09-13,2207.198709379561
2019-09-16,2225.589008520244
2019-09-17,2218.202505219395
2019-09-18,2211.734822869649
2019-09-19,2232.9960822549283
2019-09-20,2248.4612059795904
2019-09-23,2262.8490777040224
2019-09-24,2276.059771683274
2019-09-25,2282.2980516719917
2019-09-26,2283.22437513381
2019-09-27,2261.5392068854107
2019-09-30,2246.127019477323
2019-10-01,2263.3041020540277
2019-10-02,2270.3432637717337
2019-10-03,2243.5888915522264
2019-10-04,2248.290047041468
2019-10-07,2245.764158535882
2019-10-08,2263.433263670415
2019-10-09,2250.1668016319036
2019-10-10,2230.1891991433145
2019-10-11,2227.431968821505
2019-10-14,2233.049284456535
2019-10-15,2253.064364554301
2019-10-16,2263.6218616036326
2019-10-17,2241.1737926845303
2019-10-18,2229.0616054653833
2019-10-21,2238.5545693071845
2019-10-22,2241.4652816319867
2019-10-23,2258.3190794556212
2019-10-24,2264.2544926554538
2019-10-25,2270.9190061381646
2019-10-28,2255.0017741151682
2019-10-29,2263.8528518814946
2019-10-30,2271.3863883488475
2019-10-31,2277.4496735328553
2019-11-01,2275.2358885493622
2019-11-04,2270.42871278879
2019-11-05,2303.0022832026807
2019-11-06,2299.6780586425953
2019-11-07,2306.9528669680667
2019-11-08,2317.1402592542277
2019-11-11,2322.299154293645
2019-11-12,2328.2441974211183
2019-11-13,2328.312648238786
2019-11-14,2319.4688040777687
2019-11-15,2315.3579401610978
2019-11-18,2316.0952132333714
2019-11-19,2316.3113731740814
2019-11-20,2318.7020804635354
2019-11-21,2323.874834049169
2019-11-22,2329.0303520272796
2019-11-25,2337.1954708663584
2019-11-26,2334.014045804696
2019-11-27,2334.5638177826545
2019-11-28,2324.477040543387
2019-11-29,2306.0630397080163
2019-12-02,2323.854032948173
2019-12-03,2321.1637718498796
2019-12-04,2316.958621790982
2019-12-05,2320.383624529384
2019-12-06,2327.9624071101507
2019-12-09,2330.7591626122335
2019-12-10,2320.4329205874137
2019-12-11,2317.683441723002
2019-12-12,2294.1483170375463
2019-12-13,2311.1583847974653
2019-12-16,2302.243527933623
2019-12-17,2316.136114617736
2019-12-18,2315.996176999775
2019-12-19,2316.5960072956577
2019-12-20,2317.3223350109038
2019-12-23,2314.605301103245
2019-12-24,2310.943663031762
2019-12-25,2303.048761660103
2019-12-26,2304.0106534460165
2019-12-27,2297.101551210095
2019-12-30,2286.475609242121
2019-12-31,2288.605943337836
2020-01-01,2288.605943337836
2020-01-02,2301.9825667966534
2020-01-03,2314.7495992631507
2020-01-06,2273.9022698055496
2020-01-07,2317.327109255438
2020-01-08,2296.209325829893
2020-01-09,2310.317109773976
2020-01-10,2312.034279009973
2020-01-13,2300.0098783188
2020-01-14,2304.7993997601097
2020-01-15,2290.5300652777028
2020-01-16,2292.230725731434
2020-01-17,2301.0449727938967
2020-01-20,2309.9253609856723
2020-01-21,2300.5670252625882
2020-01-22,2312.495492570605
2020-01-23,2316.380105722702
2020-01-24,2322.509104352696
2020-01-27,2309.5261950810755
2020-01-28,2297.161425536927
2020-01-29,2304.9971648663904
2020-01-30,2281.4514552132655
2020-01-31,2294.624905668815
2020-02-03,2284.241589096421
2020-02-04,2285.7626895977023
2020-02-05,2302.823803397467
2020-02-06,2341.7915166174093
2020-02-07,2342.73762696709
2020-02-10,2336.3149835848167
2020-02-11,2334.1989357737075
2020-02-12,2323.508869649656
2020-02-13,2332.0690898819566
2020-02-14,2317.663051753656
2020-02-17,2295.133360544883
2020-02-18,2282.4838604352813
2020-02-19,2274.856300265881
2020-02-20,2240.5954703226002
2020-02-21,2237.7462764365205
2020-02-24,2257.8397573347447
2020-02-25,2197.556205611216
2020-02-26,2172.2369259292154
2020-02-27,2111.7078650603394
2020-02-28,2083.200577287278
2020-03-02,2072.917372407758
2020-03-03,2047.568402271104
2020-03-04,2060.6732833790497
2020-03-05,2086.6013994470227
2020-03-06,2039.2145150206131
2020-03-09,1986.8660252090594
2020-03-10,1996.2678251018126
2020-03-11,1969.5786026417445
2020-03-12,1922.4952546237798
2020-03-13,1803.1971875890417
2020-03-16,1793.4757217201388
2020-03-17,1858.5928664887692
2020-03-18,1882.8339938595996
2020-03-19,1939.4624740133588
2020-03-20,1919.4077819802424
2020-03-23,1901.2733498151904
2020-03-24,1902.78653402396
2020-03-25,2005.5646855760062
2020-03-26,1977.525220434445
2020-03-27,2073.264562136468
2020-03-30,2086.398188036447
2020-03-31,2045.8776430233092
2020-04-01,1998.9330736435522
2020-04-02,1970.9251234844346
2020-04-03,1975.5552719839072
2020-04-06,2030.3597971733038
2020-04-07,2038.988098951742
2020-04-08,2088.211814207104
2020-04-09,2048.6975331464673
2020-04-10,2063.6301268886446
2020-04-13,2058.204013871175
2020-04-14,2089.7840162733332
2020-04-15,2118.0623385070317
2020-04-16,2106.7350917064973
2020-04-17,2113.990444116098
2020-04-20,2097.102096215562
2020-04-21,2090.4312151771383
2020-04-22,2088.572868545998
2020-04-23,2106.0250614038464
2020-04-24,2105.6100461780843
2020-04-27,2126.481184900218
2020-04-28,2131.15228580308
2020-04-29,2134.014077155984
2020-04-30,2098.126271872016
2020-05-01,2055.48685434471
2020-05-04,2072.4219822278787
2020-05-05,2093.2156831504
2020-05-06,2112.549931976566
2020-05-07,2086.096943499864
2020-05-08,2118.317651150648
2020-05-11,2141.616640955176
2020-05-12,2134.292849614717
2020-05-13,2143.866365528525
2020-05-14,2117.6449150902577
2020-05-15,2116.45535062781
2020-05-18,2109.4761348950374
2020-05-19,2110.837461294775
2020-05-20,2124.4316071760427
2020-05-21,2115.6150442323806
2020-05-22,2120.3795552173297
2020-05-25,2147.5090722872233
2020-05-26,2170.4348158369294
2020-05-27,2181.1507431666596
2020-05-28,2199.837191201347
2020-05-29,2171.6655625370977
2020-06-01,2174.1907380507014
2020-06-02,2163.2846666509704
2020-06-03,2157.3074960071276
2020-06-04,2136.6402159196195
2020-06-05,2123.6909238359885
2020-06-08,2156.51112018557
2020-06-09,2169.8643630640404
2020-06-10,2178.515261194159
2020-06-11,2158.7393387194656
2020-06-12,2151.3278525493774
2020-06-15,2104.9212636270295
2020-06-16,2169.764004300905
2020-06-17,2167.0031670811372
2020-06-18,2170.295643820055
2020-06-19,2176.5303160517497
2020-06-22,2158.502009337249
2020-06-23,2166.615958073023
2020-06-24,2155.3832755851613
2020-06-25,2147.7008330335148
2020-06-26,2163.522868178435
2020-06-29,2116.9837811362263
2020-06-30,2121.665145723951
2020-07-01,2092.5587626335628
2020-07-02,2107.9110448122415
2020-07-03,2116.346040151825
2020-07-06,2128.8132330072644
2020-07-07,2121.0597652828633
2020-07-08,2099.5690186306147
2020-07-09,2110.9001760345
2020-07-10,2087.4798162019424
2020-07-13,2107.776658264843
2020-07-14,2088.717383492536
2020-07-15,2119.6173276264135
2020-07-16,2095.5200725757445
2020-07-17,2092.592427820907
2020-07-20,2089.2111013137983
2020-07-21,2089.3078680735525
2020-07-22,2048.3283476788097
2020-07-23,2051.707500695564
2020-07-24,2068.540478659877
2020-07-27,2065.3177831066473
2020-07-28,2060.0958597702274
2020-07-29,2026.6447133248494
2020-07-30,1999.9379273159632
2020-07-31,1938.2965640706707
2020-08-03,1971.724970782886
2020-08-04,2015.368940833382
2020-08-05,1988.5630201248916
2020-08-06,1981.5910276640773
2020-08-07,1989.996906728777
2020-08-10,1995.7909867804026
2020-08-11,2021.9597510598683
2020-08-12,2036.3715447973752
2020-08-13,2053.4570143492842
2020-08-14,2066.545770195508
2020-08-17,2045.4113022575082
2020-08-18,2055.895437665033
2020-08-19,2064.1664694990345
2020-08-20,2055.392096608329
2020-08-21,2070.8471763559446
2020-08-24,2069.985487945618
2020-08-25,2070.961982955064
2020-08-26,2075.215377499275
2020-08-27,2061.1058031262223
2020-08-28,2051.8469983462173
2020-08-31,2041.8554982003182
2020-09-01,2033.540067060687
2020-09-02,2059.9499945850825
2020-09-03,2065.9395441374404
2020-09-04,2051.483882123256
2020-09-07,2032.184553264868
2020-09-08,2055.721314870234
2020-09-09,2029.9178981334992
2020-09-10,2037.3996892103542
2020-09-11,2063.048777614425
2020-09-14,2073.7131566811513
2020-09-15,2058.079049086531
2020-09-16,2079.2359733667877
2020-09-17,2078.8629676971163
2020-09-18,2085.806639267143
2020-09-21,2101.7532383870557
2020-09-22,2100.0513109124677
2020-09-23,2111.330292785534
2020-09-24,2102.296190070003
2020-09-25,2107.5655586682765
2020-09-28,2138.8994694899725
2020-09-29,2121.759188468929
2020-09-30,2090.182547409505
2020-10-01,2086.4047984429385
2020-10-02,2072.451852752915
2020-10-05,2086.786708213386
2020-10-06,2091.595208428664
2020-10-07,2085.118832703158
2020-10-08,2092.8393069714384
2020-10-09,2080.0144044711983
2020-10-12,2083.8094797121466
2020-10-13,2097.3756479103668
2020-10-14,2103.455954879762
2020-10-15,2096.5859509908764
2020-10-16,2071.6322418737095
2020-10-19,2079.391507466174
2020-10-20,2047.2189713342852
2020-10-21,2070.2474442971734
2020-10-22,2043.5384154052406
2020-10-23,2053.3669738672115
2020-10-26,2048.445681169899
2020-10-27,2056.933631974345
2020-10-28,2074.166015900642
2020-10-29,2075.3546671306285
2020-10-30,2042.8324177937968
2020-11-02,2081.573142771681
2020-11-03,2069.533527955835
2020-11-04,2091.454709328539
2020-11-05,2117.83036150474
2020-11-06,2124.6089374695607
2020-11-09,2112.2021406118884
2020-11-10,2142.45947431951
2020-11-11,2181.5645488348146
2020-11-12,2178.2458840361664
2020-11-13,2159.117989739206
2020-11-16,2186.1773261878748
2020-11-17,2190.9725740084073
2020-11-18,2189.205075064478
2020-11-19,2210.6790552749403
2020-11-20,2200.021059388074
2020-11-23,2192.689464577953
2020-11-24,2214.7614455500275
2020-11-25,2213.9970932426527
2020-11-26,2218.810976177003
2020-11-27,2218.834647228487
2020-11-30,2168.9412223988647
2020-12-01,2154.9113724678664
2020-12-02,2144.6085009797966
2020-12-03,2146.4856835013843
2020-12-04,2138.701671206323
2020-12-07,2124.938083601155
2020-12-08,2127.844971400596
2020-12-09,2145.7119983627085
2020-12-10,2129.268849021682
2020-12-11,2155.458601278744
2020-12-14,2152.521856528592
2020-12-15,2144.055338408037
2020-12-16,2141.1561631604036
2020-12-17,2153.471963422533
2020-12-18,2145.7890814538196
2020-12-21,2138.928444014415
2020-12-22,2113.6035075699247
2020-12-23,2126.698948699681
2020-12-24,2134.299590447762
2020-12-25,2137.5815432274476
2020-12-28,2143.4397863200206
2020-12-29,2176.7632168741834
2020-12-30,2159.6443761782457
2020-12-31,2171.117293872789
2021-01-01,2171.1172938727786
2021-01-04,2155.024883695848
2021-01-05,2153.191255011806
2021-01-06,2144.1202748885153
2021-01-07,2160.7659143415153
2021-01-08,2200.6995983793245
2021-01-11,2209.1658010144165
2021-01-12,2212.9819305861733
2021-01-13,2214.864683714227
2021-01-14,2243.5734618458237
2021-01-15,2232.9136093642837
2021-01-18,2230.3238402023394
2021-01-19,2220.5476107902887
2021-01-20,2214.586636865002
2021-01-21,2215.004050585054
2021-01-22,2206.7771387424204
2021-01-25,2223.132149908605
2021-01-26,2207.847319545837
2021-01-27,2227.8035867656254
2021-01-28,2194.29339549939
2021-01-29,2152.176788858563
2021-02-01,2168.7207959024436
2021-02-02,2183.8507420369483
2021-02-03,2215.2843698797997
2021-02-04,2196.1811405473154
2021-02-05,2209.868607839037
2021-02-08,2250.290128389699
2021-02-09,2256.139533487576
2021-02-10,2251.003792705479
2021-02-11,2249.4359725627046
2021-02-12,2248.8555973503176
2021-02-15,2255.8151995707262
2021-02-16,2257.33223621623
2021-02-17,2256.8534218482523
2021-02-18,2248.9633784525918
2021-02-19,2220.2559809794666
2021-02-22,2227.6799621244586
2021-02-23,2222.9090487951985
2021-02-24,2175.692873681036
2021-02-25,2166.3330872177594
2021-02-26,2116.002944559133
2021-03-01,2163.635561304656
2021-03-02,2148.138463766448
2021-03-03,2148.770589987683
2021-03-04,2125.1643888492554
2021-03-05,2154.2898585030453
2021-03-08,2150.253277076126
2021-03-09,2173.8283907081204
2021-03-10,2178.117468606093
2021-03-11,2168.476009526973
2021-03-12,2181.3376375517146
2021-03-15,2202.843860883071
2021-03-16,2222.226263170626
2021-03-17,2222.019261127293
2021-03-18,2243.018265034428
2021-03-19,2249.218669080235
2021-03-22,2234.4024758029577
2021-03-23,2232.645367178701
2021-03-24,2197.9756370532727
2021-03-25,2230.019474479698
2021-03-26,2251.6250273796654
2021-03-29,2272.082758119291
2021-03-30,2252.610005073603
2021-03-31,2214.030083185438
2021-04-01,2207.833563429337
2021-04-02,2213.1399333714753
2021-04-05,2224.0019427415855
2021-04-06,2192.068623419328
2021-04-07,2191.3218110442226
2021-04-08,2184.394374328788
2021-04-09,2187.3384783631914
2021-04-12,2185.550568817564
2021-04-13,2180.8014366417774
2021-04-14,2171.2238949011557
2021-04-15,2181.2734080906785
2021-04-16,2180.761178414238
2021-04-19,2179.4986740370305
2021-04-20,2145.2390937233827
2021-04-21,2112.77401881946
2021-04-22,2149.6319565217104
2021-04-23,2144.969356622436
2021-04-26,2141.712209593827
2021-04-27,2117.466669799577
2021-04-28,2105.7657904916614
2021-04-29,2101.082277813519
2021-04-30,2104.0210199510952
2021-05-03,2104.9787569963482
2021-05-04,2107.094338553625
2021-05-05,2111.543279083448
2021-05-06,2130.8360638730783
2021-05-07,2125.688406436765
2021-05-10,2134.719205273748
2021-05-11,2102.7089525826273
2021-05-12,2068.8501597348077
2021-05-13,2032.6170145473266
2021-05-14,2073.3450120724333
2021-05-17,2064.5675726473937
2021-05-18,2078.2917587408233
2021-05-19,2081.127871059727
2021-05-20,2067.570898031612
2021-05-21,2078.458119062919
2021-05-24,2080.768254022976
2021-05-25,2078.491863046977
2021-05-26,2081.5488643910253
2021-05-27,2070.3642765949835
2021-05-28,2095.9957255616223
2021-05-31,2076.834228099008
2021-06-01,2065.693097504491
2021-06-02,2072.868281625351
2021-06-03,2093.6067641912946
2021-06-04,2099.9327871953496
2021-06-07,2107.488696261278
2021-06-08,2113.9577087243256
2021-06-09,2108.3858703558594
2021-06-10,2107.771077327255
2021-06-11,2124.923115522942
2021-06-14,2122.2300334102565
2021-06-15,2141.209601206047
2021-06-16,2143.3720080334942
2021-06-17,2153.2791347369493
2021-06-18,2157.988767925625
2021-06-21,2104.676016200621
2021-06-22,2160.190558571063
2021-06-23,2141.927699658206
2021-06-24,2142.55658288929
2021-06-25,2148.5469992034414
2021-06-28,2158.469624974748
2021-06-29,2156.5877737171418
2021-06-30,2152.259934298903
2021-07-01,2133.2509509414162
2021-07-02,2156.169177669097
2021-07-05,2155.5980419797643
2021-07-06,2171.5429523441194
2021-07-07,2166.156180790391
2021-07-08,2162.086293454609
2021-07-09,2139.6401818118034
2021-07-12,2172.561525984498
2021-07-13,2192.3262345780136
2021-07-14,2201.1574087562135
2021-07-15,2177.468285623145
2021-07-16,2162.740780572251
2021-07-19,2163.4955483361214
2021-07-20,2150.045302547912
2021-07-21,2149.8766205369548
2021-07-22,2153.0501362649466
2021-07-23,2150.2322017291617
2021-07-26,2165.6551068540903
2021-07-27,2183.9577350211675
2021-07-28,2166.1320315054436
2021-07-29,2157.4887693646015
2021-07-30,2126.361769394929
2021-08-02,2179.0383639827774
2021-08-03,2177.187452408123
2021-08-04,2158.8950644635015
2021-08-05,2166.941044258207
2021-08-06,2169.3996883790182
2021-08-09,2172.952146973203
2021-08-10,2184.013988352272
2021-08-11,2198.1341967893254
2021-08-12,2198.9559510478825
2021-08-13,2203.265046803284
2021-08-16,2188.864951286224
2021-08-17,2190.535823287595
2021-08-18,2195.2880069970315
2021-08-19,2192.600905925383
2021-08-20,2193.9665506416604
2021-08-23,2218.251711484712
2021-08-24,2226.4939180289557
2021-08-25,2215.5860885582733
2021-08-26,2215.600860041827
2021-08-27,2200.270196346755
2021-08-30,2217.8270786007643
2021-08-31,2226.588942703084
2021-09-01,2239.785031646828
2021-09-02,2244.6717824329644
2021-09-03,2277.245140985423
2021-09-06,2301.713823531236
2021-09-07,2319.6132525842345
2021-09-08,2334.868766619354
2021-09-09,2332.0333333408767
2021-09-10,2353.6103612374422
2021-09-13,2364.7839245032596
2021-09-14,2385.3706133504948
2021-09-15,2376.324746265915
2021-09-16,2378.8726981554955
2021-09-17,2389.51040685384
2021-09-20,2401.8937776084676
2021-09-21,2374.9155260802477
2021-09-22,2338.7785898112643
2021-09-23,2324.884379294806
2021-09-24,2366.6879195526576
2021-09-27,2356.1286551230646
2021-09-28,2333.706213718711
2021-09-29,2305.416371006103
2021-09-30,2320.9560906594515
2021-10-01,2283.7389854646776
2021-10-04,2270.6852241456104
2021-10-05,2229.8737365838424
2021-10-06,2241.945040011255
2021-10-07,2227.8840482458
2021-10-08,2237.424726053169
2021-10-11,2242.116538637718
2021-10-12,2218.8884142245065
2021-10-13,2213.4041088795157
2021-10-14,2218.8648039670215
2021-10-15,2243.4116017724423
2021-10-18,2223.76182518954
2021-10-19,2227.037446212864
2021-10-20,2223.743929759425
2021-10-21,2206.7454939919935
2021-10-22,2210.9921215805125
2021-10-25,2204.3617477158446
2021-10-26,2217.8249242693214
2021-10-27,2227.6287338124457
2021-10-28,2204.054205856752
2021-10-29,2209.6539156539807
2021-11-01,2243.9378580432967
2021-11-02,2238.8185668353585
2021-11-03,2232.4557948674687
2021-11-04,2272.322112907154
2021-11-05,2264.832930972778
2021-11-08,2247.9152378360736
2021-11-09,2239.0882182295836
2021-11-10,2228.3972257806595
2021-11-11,2238.9285361588895
2021-11-12,2268.832592820612
2021-11-15,2283.352962862957
2021-11-16,2286.8063059198694
2021-11-17,2284.9142343242015
2021-11-18,2278.9388647660794
2021-11-19,2303.491911134388
2021-11-22,2306.031701854684
2021-11-23,2297.545444572732
2021-11-24,2274.496732775915
2021-11-25,2279.5133955073075
2021-11-26,2265.755469915129
2021-11-29,2231.2267312000367
2021-11-30,2210.683373299687
2021-12-01,2204.2064461164787
2021-12-02,2204.0053580421695
2021-12-03,2233.8768395021675
2021-12-06,2223.5409586077167
2021-12-07,2262.8316045763063
2021-12-08,2254.7503772601935
2021-12-09,2267.440041467387
2021-12-10,2247.5501279960936
2021-12-13,2259.17670415308
2021-12-14,2261.8957165379907
2021-12-15,2268.542302440367
2021-12-16,2295.655460798896
2021-12-17,2276.468246203376
2021-12-20,2244.6503626747412
2021-12-21,2266.6778976482956
2021-12-22,2246.3247714175877
2021-12-23,2257.990341600204
2021-12-24,2245.0627403315943
2021-12-27,2226.4421694165035
2021-12-28,2262.5352716088223
2021-12-29,2240.016165246615
2021-12-30,2229.9459081047526
2021-12-31,2221.906180507822
2022-01-03,2234.8335933188
2022-01-04,2249.649966382385
2022-01-05,2251.6995622334375
2022-01-06,2221.1993759704515
2022-01-07,2206.1590669198226
2022-01-10,2222.0910048167607
2022-01-11,2201.519560879717
2022-01-12,2221.7901742048566
2022-01-13,2206.285646774837
2022-01-14,2190.9500982435607
2022-01-17,2189.8133322572317
2022-01-18,2194.87233560502
2022-01-19,2150.5543520645797
2022-01-20,2179.145864531433
2022-01-21,2184.8958864324018
2022-01-24,2192.489948680322
2022-01-25,2177.938885573989
2022-01-26,2158.9446175501907
2022-01-27,2118.4871608269336
2022-01-28,2150.5798336172834
2022-01-31,2152.9039397143483
2022-02-01,2161.0408881917847
2022-02-02,2189.9044058748814
2022-02-03,2145.4799753721295
2022-02-04,2146.16364554049
2022-02-07,2150.4473791133487
2022-02-08,2155.881368292034
2022-02-09,2169.8066774262
2022-02-10,2162.2437165539573
2022-02-11,2175.7862071923887
2022-02-14,2167.047666197439
2022-02-15,2143.1008663245257
2022-02-16,2176.02427444221
2022-02-17,2167.410796025181
2022-02-18,2163.841118901413
2022-02-21,2160.825328193921
2022-02-22,2129.7147240132417
2022-02-23,2132.151249011171
2022-02-24,2142.0241507389082
2022-02-25,2128.8025680283404
2022-02-28,2149.0959152793703
2022-03-01,2186.6073466337957
2022-03-02,2152.924776876641
2022-03-03,2176.987070464095
2022-03-04,2189.495224959062
2022-03-07,2154.97131188186
2022-03-08,2117.7164140675236
2022-03-09,2075.6992940351442
2022-03-10,2143.219437006279
2022-03-11,2106.0498671396
2022-03-14,2089.6401983730507
2022-03-15,2108.8396115831015
2022-03-16,2129.1134894351026
2022-03-17,2143.063335427696
2022-03-18,2153.1531426117863
2022-03-21,2153.410011054657
2022-03-22,2151.3690463428898
2022-03-23,2194.128122151849
2022-03-24,2174.1754206233654
2022-03-25,2181.786995164801
2022-03-28,2149.913184112868
2022-03-29,2156.4822410893926
2022-03-30,2143.946585501196
2022-03-31,2135.5298287481687
2022-04-01,2127.644868724599
2022-04-04,2151.216152649603
2022-04-05,2141.852076742192
2022-04-06,2114.695359913264
2022-04-07,2096.505631953247
2022-04-08,2102.639079392362
2022-04-11,2073.087619682436
2022-04-12,2061.564887075977
2022-04-13,2078.3103835732627
2022-04-14,2105.95210945548
2022-04-15,2094.682358597891
2022-04-18,2061.5934822338554
2022-04-19,2036.0025014853697
2022-04-20,2059.8030683687534
2022-04-21,2061.235683277692
2022-04-22,2058.8130269732073
2022-04-25,2061.9884384590478
2022-04-26,2087.7390680323433
2022-04-27,2080.4135310116885
2022-04-28,2068.751056290387
2022-04-29,2085.4398324004355
2022-05-02,2077.0492799770113
2022-05-03,2079.201706586952
2022-05-04,2076.191843911641
2022-05-05,2075.509224559491
2022-05-06,2081.0045214265133
2022-05-09,2053.280773658738
2022-05-10,2048.1141827828924
2022-05-11,2040.4882372899187
2022-05-12,2072.498692783603
2022-05-13,2079.262954698695
2022-05-16,2086.712769618587
2022-05-17,2058.4837163644456
2022-05-18,2094.007324097664
2022-05-19,2070.8597363423683
2022-05-20,2074.3096560916997
2022-05-23,2082.802865897307
2022-05-24,2076.0501392365813
2022-05-25,2075.154549246822
2022-05-26,2066.6385019990485
2022-05-27,2073.0749041073536
2022-05-30,2081.591526308176
2022-05-31,2068.1263682177746
2022-06-01,2078.2426764293364
2022-06-02,2055.440761226742
2022-06-03,2046.3403132844198
2022-06-06,2046.9641010248365
2022-06-07,2036.152082940669
2022-06-08,2032.7513555554078
2022-06-09,2041.8796142431634
2022-06-10,2043.5203684408884
2022-06-13,2043.4626856412674
2022-06-14,2008.5783225935309
2022-06-15,1984.8739226497319
2022-06-16,2011.5550362014671
2022-06-17,1963.0164200735478
2022-06-20,1941.3966176923177
2022-06-21,1948.7590412524507
2022-06-22,1950.5405898349607
2022-06-23,1992.1305421078007
2022-06-24,1993.298533868593
2022-06-27,1999.604343839883
2022-06-28,2020.8977434176404
2022-06-29,2011.9661388544548
2022-06-30,2017.128484999813
2022-07-01,2017.7328536494733
2022-07-04,2030.5558144911545
2022-07-05,2072.51073692695
2022-07-06,2070.8593793819996
2022-07-07,2099.5762071230583
2022-07-08,2096.5498957805885
2022-07-11,2124.9788162915675
2022-07-12,2123.7026325700917
2022-07-13,2101.5092054314564
2022-07-14,2094.308439892561
2022-07-15,2090.6638366413063
2022-07-18,2075.2629740161287
2022-07-19,2064.296535235924
2022-07-20,2107.405908419704
2022-07-21,2119.114794279618
2022-07-22,2142.0142879280183
2022-07-25,2129.1523515654776
2022-07-26,2142.254772670616
2022-07-27,2136.167999923339
2022-07-28,2177.5206859022874
2022-07-29,2174.731499362816
2022-08-01,2202.921110958086
2022-08-02,2184.1695752091123
2022-08-03,2155.3026996922576
2022-08-04,2152.3466834085493
2022-08-05,2142.048797257987
2022-08-08,2141.486117559745
2022-08-09,2130.957856498353
2022-08-10,2146.7636843214677
2022-08-11,2141.383417556623
2022-08-12,2174.181296417128
2022-08-15,2209.9155840040694
2022-08-16,2193.8146856065086
2022-08-17,2203.5842978630417
2022-08-18,2201.286010572426
2022-08-19,2188.1608953521045
2022-08-22,2209.5132238237247
2022-08-23,2197.7471209220766
2022-08-24,2180.2837984804396
2022-08-25,2193.5359408665804
2022-08-26,2177.525594356045
2022-08-29,2130.2037485326136
2022-08-30,2152.0663345309736
2022-08-31,2136.3820622707085
2022-09-01,2114.898659115984
2022-09-02,2091.035489799141
2022-09-05,2103.3233257087804
2022-09-06,2068.565203401388
2022-09-07,2028.8023501333437
2022-09-08,2074.0026605626435
2022-09-09,2087.9266777714465
2022-09-12,2083.7670465146252
2022-09-13,2086.9690753888417
2022-09-14,2075.978567410848
2022-09-15,2068.2356588640814
2022-09-16,2064.6545768940173
2022-09-19,2063.386126473397
2022-09-20,2068.0361958677936
2022-09-21,2060.944549932524
2022-09-22,2099.165487550016
2022-09-23,2105.3255415665067
2022-09-26,2059.5499654375503
2022-09-27,2070.816078788438
2022-09-28,2052.1759465076975
2022-09-29,2060.6438822022906
2022-09-30,2026.0350286776622
2022-10-03,2023.3923983517955
2022-10-04,2056.8804986462137
2022-10-05,2078.797673849866
2022-10-06,2081.1384273951858
2022-10-07,2075.245253277993
2022-10-10,2084.3097170516116
2022-10-11,2052.790147947283
2022-10-12,2041.414430346007
2022-10-13,2014.0444306538247
2022-10-14,2035.488771336368
2022-10-17,1998.015261826317
2022-10-18,2005.1918120599873
2022-10-19,2010.9532244599748
2022-10-20,1995.8971283191895
2022-10-21,1984.389588125419
2022-10-24,1979.9063823729666
2022-10-25,1994.6405945704832
2022-10-26,2006.2485899050687
2022-10-27,2010.525800800737
2022-10-28,1995.2996845451703
2022-10-31,2016.3284198033268
2022-11-01,2028.3512642921007
2022-11-02,2039.071830519121
2022-11-03,2048.172161046853
2022-11-04,2005.124501388211
2022-11-07,2013.5041668221052
2022-11-08,2032.6502520759702
2022-11-09,2019.4377290352209
2022-11-10,2048.8565192206897
2022-11-11,2084.245148758019
2022-11-14,2044.2929847960022
2022-11-15,2058.715809131026
2022-11-16,2045.8480575015622
2022-11-17,2053.8696478936886
2022-11-18,2067.1301630246226
2022-11-21,2066.4217755989116
2022-11-22,2092.8215439723526
2022-11-23,2098.717589854848
2022-11-24,2134.6205974184386
2022-11-25,2121.0652355418283
2022-11-28,2117.2977180175876
2022-11-29,2122.1293733666957
2022-11-30,2104.8638520165546
2022-12-01,2108.2823295464627
2022-12-02,2084.441709544734
2022-12-05,2054.2464837952334
2022-12-06,2061.1245071225158
2022-12-07,2062.8375396135384
2022-12-08,2053.1024419086066
2022-12-09,2069.4090146803783
2022-12-12,2056.348399143569
2022-12-13,2076.6999288862967
2022-12-14,2090.02214585297
2022-12-15,2045.356957051116
2022-12-16,2047.7056584204752
2022-12-19,2037.0189897984517
2022-12-20,2096.3416613675986
2022-12-21,2086.2076703648445
2022-12-22,2101.690078499208
2022-12-23,2086.914810808984
2022-12-26,2086.176221766718
2022-12-27,2079.476040965548
2022-12-28,2075.197644068527
2022-12-29,2066.976465834139
2022-12-30,2079.8546254037524
2023-01-02,2079.8546254037583
2023-01-03,2122.04684146408
2023-01-04,2066.8702566463758
2023-01-05,2045.371173592835
2023-01-06,2049.2781141002383
2023-01-09,2030.4261175531567
2023-01-10,2025.1245662101314
2023-01-11,2030.1701020866412
2023-01-12,2070.272828067931
2023-01-13,2098.5626559887587
2023-01-16,2068.958772370351
2023-01-17,2086.150230127254
2023-01-18,2106.070039135017
2023-01-19,2095.7346288490025
2023-01-20,2076.418880226872
2023-01-23,2071.3914299688627
2023-01-24,2104.407653661486
2023-01-25,2117.9889579543765
2023-01-26,2112.6631353550065
2023-01-27,2125.5867691479675
2023-01-30,2112.353527167564
2023-01-31,2116.9792878564003
2023-02-01,2112.2828784032054
2023-02-02,2109.4139994222396
2023-02-03,2083.644128353774
2023-02-06,2093.363568803644
2023-02-07,2135.5282039709673
2023-02-08,2130.5125695513348
2023-02-09,2129.300581186337
2023-02-10,2146.467027641177
2023-02-13,2108.012162770014
2023-02-14,2126.5407472781735
2023-02-15,2105.890936513012
2023-02-16,2112.7442090161044
2023-02-17,2107.9402646809895
2023-02-20,2120.715488416912
2023-02-21,2108.1672264788103
2023-02-22,2100.050680880847
2023-02-23,2102.5447719092126
2023-02-24,2095.551609458805
2023-02-27,2092.195781388799
2023-02-28,2088.7667719790898
2023-03-01,2077.950351420208
2023-03-02,2078.2061046496706
2023-03-03,2106.446083219858
2023-03-06,2107.605324687989
2023-03-07,2122.544052237423
2023-03-08,2138.0256793739845
2023-03-09,2166.996656378182
2023-03-10,2140.368836407522
2023-03-13,2121.3923929012685
2023-03-14,2060.5545445613852
2023-03-15,2133.906430287477
2023-03-16,2093.1087599494795
2023-03-17,2121.10832832836
2023-03-20,2086.3824767708174
2023-03-21,2066.606198256712
2023-03-22,2083.365797465107
2023-03-23,2081.929990854806
2023-03-24,2110.1292453991255
2023-03-27,2102.007943013296
2023-03-28,2109.2575784521737
2023-03-29,2110.635682825525
2023-03-30,2094.9166756012446
2023-03-31,2112.2495630776407
2023-04-03,2136.1986086712104
2023-04-04,2138.4043197800065
2023-04-05,2128.814507465184
2023-04-06,2104.960991026597
2023-04-07,2100.7467934446217
2023-04-10,2097.021226537634
2023-04-11,2099.9335049206047
2023-04-12,2106.783093188835
2023-04-13,2110.1883892013
2023-04-14,2113.771967418745
2023-04-17,2121.638633311756
2023-04-18,2142.706251203773
2023-04-19,2134.247553858562
2023-04-20,2135.655789396585
2023-04-21,2129.4495651335747
2023-04-24,2122.9724524399735
2023-04-25,2151.060170113742
2023-04-26,2136.6067277377933
2023-04-27,2137.3770863739815
2023-04-28,2127.910857964572
2023-05-01,2143.0757062410844
2023-05-02,2152.81375079936
2023-05-03,2159.6050324578327
2023-05-04,2190.0072968579984
2023-05-05,2172.5873996287014
2023-05-08,2171.665027213902
2023-05-09,2204.5631843689325
2023-05-10,2197.6243900537434
2023-05-11,2203.258450260125
2023-05-12,2215.58824674775
2023-05-15,2225.9729212922216
2023-05-16,2233.1452024289083
2023-05-17,2233.6417670231103
2023-05-18,2231.4253701688285
2023-05-19,2228.790375535534
2023-05-22,2244.075381893972
2023-05-23,2240.161805635426
2023-05-24,2227.8601456297197
2023-05-25,2210.1175472519735
2023-05-26,2200.350115264347
2023-05-29,2214.3986419719918
2023-05-30,2211.685539778329
2023-05-31,2204.6491267370507
2023-06-01,2219.4015445601244
2023-06-02,2235.895949799641
2023-06-05,2266.9797263182545
2023-06-06,2289.5160263390053
2023-06-07,2259.199817013339
2023-06-08,2248.2957917758154
2023-06-09,2274.1525377909375
2023-06-12,2278.026175144407
2023-06-13,2278.438894903633
2023-06-14,2293.2570208229417
2023-06-15,2262.0730433359363
2023-06-16,2250.221686272615
2023-06-19,2242.127366516027
2023-06-20,2242.1991346156847
2023-06-21,2232.970620207782
2023-06-22,2232.6265053896086
2023-06-23,2211.0496344670178
2023-06-26,2201.8750197746267
2023-06-27,2183.119026143029
2023-06-28,2217.785495771679
2023-06-29,2211.487247013758
2023-06-30,2199.8608895195243
2023-07-03,2221.891765897952
2023-07-04,2208.5417548792443
2023-07-05,2211.7192579545067
2023-07-06,2193.9050621120273
2023-07-07,2191.510806405189
2023-07-10,2184.9940294751455
2023-07-11,2192.9274365386273
2023-07-12,2194.1602557037145
2023-07-13,2192.5659606558247
2023-07-14,2172.8138375192507
2023-07-17,2165.055939593549
2023-07-18,2180.8181853408005
2023-07-19,2194.4571295935884
2023-07-20,2179.735060539685
2023-07-21,2171.0493219606133
2023-07-24,2201.3429327903345
2023-07-25,2208.7259864511707
2023-07-26,2217.7041447448782
2023-07-27,2231.8465171977637
2023-07-28,2231.32013030688
2023-07-31,2232.274203178422
2023-08-01,2235.800029339665
2023-08-02,2213.270382791518
2023-08-03,2206.173744108494
2023-08-04,2197.8304541803263
2023-08-07,2204.4591966958374
2023-08-08,2223.020020714493
2023-08-09,2201.09872672322
2023-08-10,2208.4836443611553
2023-08-11,2212.556915023985
2023-08-14,2196.3348303411944
2023-08-15,2202.6163261712873
2023-08-16,2181.9325992572985
2023-08-17,2176.695234137099
2023-08-18,2174.9181924652144
2023-08-21,2161.1735501147405
2023-08-22,2192.941697799944
2023-08-23,2222.925846468121
2023-08-24,2219.388379172136
2023-08-25,2203.842328329901
2023-08-28,2224.237934888854
2023-08-29,2228.2720046174527
2023-08-30,2220.9732774615914
2023-08-31,2255.395448203694
2023-09-01,2271.3631966073476
2023-09-04,2287.690843996914
2023-09-05,2287.9132949662094
2023-09-06,2300.0919179533157
2023-09-07,2311.6075841747934
2023-09-08,2284.1573549326204
2023-09-11,2303.226961336306
2023-09-12,2316.938677889867
2023-09-13,2308.1378821690814
2023-09-14,2352.9793440492463
2023-09-15,2363.2573840285095
2023-09-18,2364.143164567135
2023-09-19,2363.750305020094
2023-09-20,2336.3256843889853
2023-09-21,2336.8736329013964
2023-09-22,2317.957281069835
2023-09-25,2327.6044081307027
2023-09-26,2322.797818237593
2023-09-27,2336.7838318083054
2023-09-28,2310.6541088308454
2023-09-29,2282.2333670208886
2023-10-02,2279.4330660030682
2023-10-03,2261.947861521954
2023-10-04,2212.654991144599
2023-10-05,2252.134242186811
2023-10-06,2242.8026493498146
2023-10-09,2253.9136033197888
2023-10-10,2280.8453227031646
2023-10-11,2262.326199877059
2023-10-12,2286.7867294584344
2023-10-13,2267.5464567045196
2023-10-16,2227.9979957194923
2023-10-17,2236.8532242800666
2023-10-18,2249.739485836473
2023-10-19,2224.518779947799
2023-10-20,2211.0143547814305
2023-10-23,2192.22736278566
2023-10-24,2199.0520151059377
2023-10-25,2213.854359284478
2023-10-26,2202.059320108125
2023-10-27,2229.36803283874
2023-10-30,2210.743817919388
2023-10-31,2216.261289817018
2023-11-01,2281.404343026514
2023-11-02,2278.9756180765
2023-11-03,2271.4651363416424
2023-11-06,2283.1187412072645
2023-11-07,2250.0064453781742
2023-11-08,2208.855665198313
2023-11-09,2236.339469148978
2023-11-10,2247.9455852420087
2023-11-13,2247.4734789220884
2023-11-14,2235.3444434495987
2023-11-15,2239.5105963935216
2023-11-16,2235.2086926417655
2023-11-17,2273.2437713877816
2023-11-20,2268.4915952241595
2023-11-21,2271.5926273277328
2023-11-22,2268.240157287061
2023-11-23,2261.9163149166434
2023-11-24,2266.6013514624074
2023-11-27,2267.9055174939645
2023-11-28,2269.748517358296
2023-11-29,2265.659601271017
2023-11-30,2282.2140577601563
2023-12-01,2308.954444127048
2023-12-04,2308.975727786395
2023-12-05,2305.0145795644285
2023-12-06,2343.129102840063
2023-12-07,2380.3498184340615
2023-12-08,2350.91300364696
2023-12-11,2356.595812245989
2023-12-12,2353.902698934552
2023-12-13,2351.787717741959
2023-12-14,2337.400947412612
2023-12-15,2341.477892192044
2023-12-18,2299.3931778088254
2023-12-19,2284.3863011363965
2023-12-20,2298.2187188505522
2023-12-21,2301.692369579906
2023-12-22,2303.2078867468113
2023-12-25,2308.9227157762934
2023-12-26,2299.7745188442764
2023-12-27,2309.9871277075977
2023-12-28,2329.425307497059
2023-12-29,2346.100401215965
2024-01-01,2346.1004012159547
2024-01-02,2352.2476999857154
2024-01-03,2332.9941698844395
2024-01-04,2329.639432205071
2024-01-05,2350.4617453888877
2024-01-08,2355.8840388883727
2024-01-09,2376.046378084666
2024-01-10,2376.987270086897
2024-01-11,2405.6081840997695
2024-01-12,2434.58046716276
2024-01-15,2449.4933393818847
2024-01-16,2427.16503415701
2024-01-17,2400.92876358291
2024-01-18,2392.52309686471
2024-01-19,2389.9902832171356
2024-01-22,2426.4314659073807
2024-01-23,2428.6532645849557
2024-01-24,2422.1065114263456
2024-01-25,2422.31520675687
2024-01-26,2382.289996471652
2024-01-29,2428.132632338908
2024-01-30,2411.041700294383
2024-01-31,2460.648937669667
2024-02-01,2452.384470109687
2024-02-02,2426.6711826535934
2024-02-05,2447.0055174026006
2024-02-06,2430.7681953616275
2024-02-07,2433.760648511465
2024-02-08,2413.71851880678
2024-02-09,2404.530940684162
2024-02-12,2406.6786855077785
2024-02-13,2439.337221040088
2024-02-14,2416.85224903454
2024-02-15,2416.4550175965073
2024-02-16,2443.6693222556605
2024-02-19,2459.737970215149
2024-02-20,2446.871315361445
2024-02-21,2442.1667022282886
2024-02-22,2451.411162462407
2024-02-23,2448.431272242611
2024-02-26,2451.034681891274
2024-02-27,2457.0768250853853
2024-02-28,2454.0691958594352
2024-02-29,2477.283065955346
2024-03-01,2491.8659653037016
2024-03-04,2471.7311067717874
2024-03-05,2487.326201153543
2024-03-06,2497.5700017966465
2024-03-07,2518.931900352275
2024-03-08,2541.4588190546483
2024-03-11,2509.979043485569
2024-03-12,2488.2541617299503
2024-03-13,2473.3360655578704
2024-03-14,2490.921286047465
2024-03-15,2485.1595418720567
2024-03-18,2525.8349939784785
2024-03-19,2528.3344517803466
2024-03-20,2513.821645787915
2024-03-21,2540.439894068075
2024-03-22,2568.4058636513946
2024-03-25,2525.6231755098574
2024-03-26,2521.585804678096
2024-03-27,2545.3129716422213
2024-03-28,2519.4598655769614
2024-03-29,2531.830571301573
2024-04-01,2507.9413334791257
2024-04-02,2492.557685372279
2024-04-03,2469.312356518715
2024-04-04,2478.7070095254453
2024-04-05,2477.497639446627
2024-04-08,2482.2939597358422
2024-04-09,2496.442371295893
2024-04-10,2490.6788291074995
2024-04-11,2494.802077663571
2024-04-12,2530.2417670343802
2024-04-15,2502.6910404228756
2024-04-16,2462.751620771592
2024-04-17,2429.182158140697
2024-04-18,2435.2520416334723
2024-04-19,2406.2236589809854
2024-04-22,2458.668776934324
2024-04-23,2453.1291018402794
2024-04-24,2472.5513100090793
2024-04-25,2419.3787899456106
2024-04-26,2411.6517909931104
2024-04-29,2413.275865281999
2024-04-30,2452.296538002242
2024-05-01,2439.481099387027
2024-05-02,2495.9298141812797
2024-05-03,2496.659209786705
2024-05-06,2476.3978981007394
2024-05-07,2474.98921973962
2024-05-08,2424.5987462207595
2024-05-09,2430.3168953771224
2024-05-10,2446.5992678577977
2024-05-13,2428.4789527709145
2024-05-14,2425.3213315769617
2024-05-15,2420.027267323844
2024-05-16,2418.887766145996
2024-05-17,2418.5084214651642
2024-05-20,2428.106519238916
2024-05-21,2427.9865934576783
2024-05-22,2404.298123246162
2024-05-23,2408.2648155991274
2024-05-24,2398.4361679946624
2024-05-27,2418.3005909340495
2024-05-28,2414.5874327673328
2024-05-29,2392.2157770161643
2024-05-30,2392.529923598541
2024-05-31,2418.787185907053
2024-06-03,2455.917490464955
2024-06-04,2468.5004391649377
2024-06-05,2425.30986244453
2024-06-06,2431.632323655879
2024-06-07,2427.8282889657653
2024-06-10,2461.550760003188
2024-06-11,2449.8541550262526
2024-06-12,2425.601662682624
2024-06-13,2401.7257429723873
2024-06-14,2420.1682919159575
2024-06-17,2371.55120365717
2024-06-18,2376.406093181034
2024-06-19,2379.703148343795
2024-06-20,2369.282012383513
2024-06-21,2370.5909678641674
2024-06-24,2373.531196793954
2024-06-25,2423.795630837738
2024-06-26,2422.7984962294345
2024-06-27,2411.306595164094
2024-06-28,2418.788061154318
2024-07-01,2416.3452423516537
2024-07-02,2443.181208012892
2024-07-03,2439.401306994519
2024-07-04,2459.4569862726303
2024-07-05,2447.8228590197286
2024-07-08,2436.0011024323735
2024-07-09,2448.869931684108
2024-07-10,2458.301686839026
2024-07-11,2512.2978999146776
2024-07-12,2492.9818100858142
2024-07-15,2488.8232251896106
2024-07-16,2489.414362840851
2024-07-17,2527.6126678913556
2024-07-18,2510.642513975688
2024-07-19,2498.4722155378363
2024-07-22,2492.288353349274
2024-07-23,2521.3175513807982
2024-07-24,2525.940966832981
2024-07-25,2472.3307988447923
2024-07-26,2471.833924352347
2024-07-29,2522.125227112752
2024-07-30,2507.900422020999
2024-07-31,2604.6665898170877
2024-08-01,2541.9056487913176
2024-08-02,2451.9227205920274
2024-08-05,2250.2997706463734
2024-08-06,2403.825299621028
2024-08-07,2405.364062449019
2024-08-08,2397.421390754394
2024-08-09,2416.2405005971077
2024-08-12,2393.138700842276
2024-08-13,2452.4139703548476
2024-08-14,2462.3258370599524
2024-08-15,2449.014448543752
2024-08-16,2521.5474758716173
2024-08-19,2508.2004375999145
2024-08-20,2540.859549250733
2024-08-21,2538.9076091413417
2024-08-22,2544.553264699593
2024-08-23,2566.6190059863216
2024-08-26,2570.735606943034
2024-08-27,2588.943294046362
2024-08-28,2599.9173936027605
2024-08-29,2604.9887446341327
2024-08-30,2608.9319356171673
2024-09-02,2583.550414948626
2024-09-03,2641.4607135296087
2024-09-04,2589.810834632978
2024-09-05,2590.200377067906
2024-09-06,2594.900436598128
2024-09-09,2595.468923328861
2024-09-10,2595.959954074432
2024-09-11,2576.8085191043815
2024-09-12,2601.0372710304146
2024-09-13,2594.8031611291094
2024-09-16,2590.5990356717566
2024-09-17,2566.934690491122
2024-09-18,2561.3224629289048
2024-09-19,2579.8288675477315
2024-09-20,2565.3393120161822
2024-09-23,2580.200457338203
2024-09-24,2587.467391969383
2024-09-25,2554.6548223565533
2024-09-26,2603.7568620898937
2024-09-27,2666.0382048043457
2024-09-30,2590.5888143627108
2024-10-01,2633.4744475967136
2024-10-02,2563.1445443751068
2024-10-03,2586.1569380590877
2024-10-04,2580.51462521322
2024-10-07,2617.386008164197
2024-10-08,2588.8038149211784
2024-10-09,2588.5440591904735
2024-10-10,2608.6047208007976
2024-10-11,2584.0086315242206
2024-10-14,2580.67343707533
2024-10-15,2604.189606385946
2024-10-16,2580.1942385600532
2024-10-17,2586.0927258527586
2024-10-18,2588.4530618873473
2024-10-21,2573.5983914810176
2024-10-22,2544.5979797236646
2024-10-23,2507.8276155769413
2024-10-24,2517.9397827757675
2024-10-25,2492.5358859826924
2024-10-28,2509.7576700255427
2024-10-29,2532.1961155612785
2024-10-30,2534.4614048648655
2024-10-31,2538.5405534245842
2024-11-01,2496.2093324938073
2024-11-04,2500.4504711944583
2024-11-05,2513.1061611879877
2024-11-06,2544.506170713736
2024-11-07,2570.3448074532303
2024-11-08,2595.5980114716704
2024-11-11,2585.504999877463
2024-11-12,2584.38679203508
2024-11-13,2551.7227407815512
2024-11-14,2536.718256889018
2024-11-15,2571.423388679069
2024-11-18,2541.5023669984917
2024-11-19,2563.90901645573
2024-11-20,2540.4470131590856
2024-11-21,2548.0536639191605
2024-11-22,2572.7052288417244
2024-11-25,2577.2398908768673
2024-11-26,2581.763352489136
2024-11-27,2589.2348079668586
2024-11-28,2603.5954960122162
2024-11-29,2623.458304953122
2024-12-02,2675.881827514491
2024-12-03,2706.763952716211
2024-12-04,2667.49609345338
2024-12-05,2658.998723034303
2024-12-06,2660.161663645986
2024-12-09,2642.040865104629
2024-12-10,2640.972860963325
2024-12-11,2647.6750210613613
2024-12-12,2676.085345364299
2024-12-13,2624.4327552482596
2024-12-16,2596.1456063639007
2024-12-17,2604.7849759092387
2024-12-18,2591.8372785752103
2024-12-19,2549.073476444528
2024-12-20,2552.563903675516
2024-12-23,2559.8665453661074
2024-12-24,2558.074187699335
2024-12-25,2558.18403169507
2024-12-26,2564.1098000152765
2024-12-27,2603.5200042816855
2024-12-30,2606.363309056536
2024-12-31,2613.4466823679263
2025-01-01,2613.4466823679254
2025-01-02,2633.8784818173253
2025-01-03,2626.200456503842
2025-01-06,2572.120550087399
2025-01-07,2589.6820133528354
2025-01-08,2575.2013034728056
2025-01-09,2558.854915103077
2025-01-10,2554.887609996455
2025-01-13,2568.938269765002
2025-01-14,2519.861100334635
2025-01-15,2553.7713948417168
2025-01-16,2561.5261262820545
2025-01-17,2541.0197747193656
2025-01-20,2544.322655516021
2025-01-21,2553.1041721997553
2025-01-22,2539.6137337845043
2025-01-23,2556.2548693791477
2025-01-24,2540.4589746862857
2025-01-27,2591.4639993653614
2025-01-28,2602.854391493773
2025-01-29,2626.536163431656
2025-01-30,2642.9592530338277
2025-01-31,2642.3507684770448
2025-02-03,2612.9676398696356
2025-02-04,2610.6276430507755
2025-02-05,2645.1556071546843
2025-02-06,2673.00540166892
2025-02-07,2671.1044061119173
2025-02-10,2668.96648924578
2025-02-11,2646.674160680655
2025-02-12,2606.4862695423963
2025-02-13,2648.413553278783
2025-02-14,2637.327349062878
2025-02-17,2658.731755417119
2025-02-18,2662.83038254528
2025-02-19,2666.0074482489717
2025-02-20,2658.388751679716
2025-02-21,2671.1154511532527
2025-02-24,2672.1888384356353
2025-02-25,2678.8999354878115
2025-02-26,2669.5572194165347
2025-02-27,2694.1444397923065
2025-02-28,2646.537905596548
2025-03-03,2676.1294966238092
2025-03-04,2692.1513050872472
2025-03-05,2624.7720010202656
2025-03-06,2640.761963507675
2025-03-07,2602.62698090834
2025-03-10,2617.1739893903045
2025-03-11,2570.1337694190156
2025-03-12,2569.978394265117
2025-03-13,2597.8853304942136
2025-03-14,2583.718281989273
2025-03-17,2593.84993260625
2025-03-18,2604.0186733546957
2025-03-19,2616.234426114456
2025-03-20,2644.089340446174
2025-03-21,2656.590134825889
2025-03-24,2621.1908186176665
2025-03-25,2647.1503444181276
2025-03-26,2646.5835113323083
2025-03-27,2650.255834453418
2025-03-28,2635.635850787115
2025-03-31,2571.407229798814
2025-04-01,2585.997447368367
2025-04-02,2545.2602425902264
2025-04-03,2511.0366198780043
2025-04-04,2507.745054690169
2025-04-07,2331.5900338117904
2025-04-08,2438.652858301644
2025-04-09,2392.987273831493
2025-04-10,2522.2667669823754
2025-04-11,2429.0855871780145
2025-04-14,2455.941404593984
2025-04-15,2491.650082075461
2025-04-16,2486.515938770563
2025-04-17,2522.277522217485
2025-04-18,2558.712697208239
2025-04-21,2529.182193548948
2025-04-22,2542.8186523945596
2025-04-23,2578.1161772798764
2025-04-24,2559.2084463299757
2025-04-25,2554.7141319586376
2025-04-28,2595.0159884689347
2025-04-29,2602.82688511982
2025-04-30,2616.9655765836696
2025-05-01,2598.808752637383
2025-05-02,2617.6715195825077
2025-05-05,2628.680045342538
2025-05-06,2645.0950147681015
2025-05-07,2636.3438875978973
2025-05-08,2624.967242569452
2025-05-09,2657.9506999765936
2025-05-12,2621.383381413368
2025-05-13,2627.5089787920247
2025-05-14,2621.1967557315115
2025-05-15,2620.8673202820037
2025-05-16,2636.8488312663962
2025-05-19,2630.879712845465
2025-05-20,2621.3228015336226
2025-05-21,2616.619053113325
2025-05-22,2618.243280689232
2025-05-23,2637.7411596114016
2025-05-26,2643.6697285478413
2025-05-27,2634.226493719077
2025-05-28,2631.8270958387457
2025-05-29,2654.8234904085975
2025-05-30,2655.084337448963
2025-06-02,2649.351277015399
2025-06-03,2628.264754872954
2025-06-04,2632.2331379301027
2025-06-05,2596.017693222503
2025-06-06,2599.708491835155
2025-06-09,2613.684906527091
2025-06-10,2610.0616838794344
2025-06-11,2598.9986292742933
2025-06-12,2588.9515755990415
2025-06-13,2567.863958611288
2025-06-16,2573.070345456472
2025-06-17,2568.5794881382444
2025-06-18,2598.7029647725676
2025-06-19,2581.198436257638
2025-06-20,2545.0253217458976
2025-06-23,2520.293507719521
2025-06-24,2546.6890729709085
2025-06-25,2520.902042989836
2025-06-26,2537.9384501937216
2025-06-27,2553.499746950854
2025-06-30,2574.0456322236932
2025-07-01,2562.2489655311547
2025-07-02,2560.158850508043
2025-07-03,2541.3049692541285
2025-07-04,2543.366230701105
2025-07-07,2521.8540451879476
2025-07-08,2502.836806874656
2025-07-09,2513.5830645988126
2025-07-10,2503.4918092955277
2025-07-11,2493.298113500284
2025-07-14,2492.1373157730613
2025-07-15,2481.2220555778545
2025-07-16,2490.656620241762
2025-07-17,2513.4392205442186
2025-07-18,2494.1157396023273
2025-07-21,2501.6492728625617
2025-07-22,2502.8570265677918
2025-07-23,2566.5271591686055
2025-07-24,2591.9859223948906
2025-07-25,2562.6147598621237
2025-07-28,2558.9952480502366
2025-07-29,2568.0177373870556
2025-07-30,2576.7460668601384
2025-07-31,2577.198208890119
2025-08-01,2612.0207449615887
2025-08-04,2608.809443551328
2025-08-05,2613.8123440767076
2025-08-06,2628.3623005830727
2025-08-07,2643.538202163679
2025-08-08,2658.5376450210833
2025-08-11,2667.9120277014963
2025-08-12,2680.9531247073587
2025-08-13,2697.2823870898733
2025-08-14,2680.219515485434
2025-08-15,2711.7285410611858
2025-08-18,2715.7914647776406
2025-08-19,2725.7318375900077
2025-08-20,2744.4790684583786
2025-08-21,2714.3703397287163
2025-08-22,2722.7410041452954
2025-08-25,2705.488915526747
2025-08-26,2677.5347492218816
2025-08-27,2685.5914765115112
2025-08-28,2696.202753136184
2025-08-29,2676.8674080836267
2025-09-01,2672.113032981087
2025-09-02,2689.471290743704
2025-09-03,2666.1408408750444
2025-09-04,2687.392263887945
2025-09-05,2711.9061368951748
2025-09-08,2722.4690827261306
2025-09-09,2720.208109477682
2025-09-10,2726.541530340283
2025-09-11,2729.891737641831
2025-09-12,2727.3448317305833
2025-09-15,2724.7669557192194
2025-09-16,2721.7832769244797
2025-09-17,2711.4638203355357
2025-09-18,2699.5655073679377
2025-09-19,2690.7875079574774
2025-09-22,2687.635008857861
2025-09-23,2683.981935957031
2025-09-24,2682.7656794324876
2025-09-25,2682.0743784309157
2025-09-26,2686.7321493731392
2025-09-29,2659.3974415083867
