Date,EM (EMERGING MARKETS)+CHINA A ONSHORE
2004-12-02,1007.9207904216616
2004-12-03,999.1237012514265
2004-12-06,996.7065161913623
2004-12-07,990.1718192585114
2004-12-08,989.0005626471748
2004-12-09,983.3337769255184
2004-12-10,979.216142864635
2004-12-13,979.8559183759312
2004-12-14,990.0802554002827
2004-12-15,991.8998162495234
2004-12-16,1005.8688135560391
2004-12-17,1006.7332531108577
2004-12-20,1001.4738528926925
2004-12-21,1009.2205454859791
2004-12-22,1009.99726554992
2004-12-23,1004.1275039959739
2004-12-24,1004.1955413600652
2004-12-27,999.9807145499243
2004-12-28,1004.2289083103115
2004-12-29,1008.6564495223978
2004-12-30,1009.6874146146761
2004-12-31,1018.1464193015689
2005-01-03,1028.504109114354
2005-01-04,1023.6713854089655
2005-01-05,1011.5814513843687
2005-01-06,1006.3578081211425
2005-01-07,1017.2867378044564
2005-01-10,1015.9685515226026
2005-01-11,1015.3968480696451
2005-01-12,1005.9421151791108
2005-01-13,1017.2607646257741
2005-01-14,1030.878442429834
2005-01-17,1037.0587013581796
2005-01-18,1035.9354942373614
2005-01-19,1036.3245367138843
2005-01-20,1034.266159974919
2005-01-21,1034.441653710417
2005-01-24,1035.2341872846998
2005-01-25,1043.1738505460664
2005-01-26,1042.56923536689
2005-01-27,1046.3414286563814
2005-01-28,1051.743688208729
2005-01-31,1061.2116603395036
2005-02-01,1062.9347635947815
2005-02-02,1066.9834542415376
2005-02-03,1077.810920280201
2005-02-04,1086.5758557976162
2005-02-07,1099.3509022504936
2005-02-08,1101.2030838069866
2005-02-09,1104.2065970887786
2005-02-10,1094.5500488248947
2005-02-11,1100.7016796005455
2005-02-14,1106.7237005694265
2005-02-15,1109.6007843570876
2005-02-16,1108.1401815007553
2005-02-17,1103.980242953761
2005-02-18,1107.8390218311088
2005-02-21,1110.8238516737322
2005-02-22,1106.8197836679396
2005-02-23,1108.1150336943354
2005-02-24,1118.638043153989
2005-02-25,1127.7439292233946
2005-02-28,1133.1244544919502
2005-03-01,1137.1991351029824
2005-03-02,1130.4774353051648
2005-03-03,1132.968517932954
2005-03-04,1128.5892728444705
2005-03-07,1138.2686879437974
2005-03-08,1125.611899920268
2005-03-09,1124.3454988209812
2005-03-10,1108.7292591625048
2005-03-11,1110.7429582432703
2005-03-14,1104.6315454852006
2005-03-15,1090.6580146770089
2005-03-16,1077.9610120145949
2005-03-17,1078.176038701898
2005-03-18,1084.6627990985307
2005-03-21,1085.7959525575488
2005-03-22,1078.351877827399
2005-03-23,1075.5943635591254
2005-03-24,1077.4426642563433
2005-03-25,1081.6097493996638
2005-03-28,1083.5096885609214
2005-03-29,1067.5664624558976
2005-03-30,1065.3653921523105
2005-03-31,1078.9363680717904
2005-04-01,1098.1735085008381
2005-04-04,1098.7245405411193
2005-04-05,1098.3653697518282
2005-04-06,1103.3726533413358
2005-04-07,1103.5474494015677
2005-04-08,1109.400122202084
2005-04-11,1096.9865382802832
2005-04-12,1099.9860503527404
2005-04-13,1103.6300519194413
2005-04-14,1089.7499317738789
2005-04-15,1065.1309029719455
2005-04-18,1040.3889187610698
2005-04-19,1051.0760897743592
2005-04-20,1049.5110572342817
2005-04-21,1048.7228558976449
2005-04-22,1054.8214677316557
2005-04-25,1067.6327808577012
2005-04-26,1073.285350570877
2005-04-27,1063.6573002110117
2005-04-28,1056.8462240936485
2005-04-29,1058.158578693667
2005-05-02,1067.7376109498061
2005-05-03,1064.3644470117395
2005-05-04,1075.7523307484262
2005-05-05,1086.747129955425
2005-05-06,1100.2830726220814
2005-05-09,1099.5238870990925
2005-05-10,1089.855364417049
2005-05-11,1087.3247377567618
2005-05-12,1088.9447666306512
2005-05-13,1090.0137772651706
2005-05-16,1090.049223091091
2005-05-17,1088.0843686402989
2005-05-18,1096.862576447101
2005-05-19,1109.1365025191965
2005-05-20,1112.862981128177
2005-05-23,1105.7027875455697
2005-05-24,1109.9137340836228
2005-05-25,1105.8866295291612
2005-05-26,1113.3511168641132
2005-05-27,1123.404835084293
2005-05-30,1134.6069001484436
2005-05-31,1137.31592000119
2005-06-01,1140.8474541439662
2005-06-02,1147.355304320982
2005-06-03,1157.0942192273267
2005-06-06,1156.6523809418652
2005-06-07,1154.9617388760466
2005-06-08,1157.624932967428
2005-06-09,1164.8048938982356
2005-06-10,1177.765324328128
2005-06-13,1187.9345774354765
2005-06-14,1189.4299678737802
2005-06-15,1190.9754238244284
2005-06-16,1199.3487563161511
2005-06-17,1194.9449597660064
2005-06-20,1204.4360369030612
2005-06-21,1200.2604250603151
2005-06-22,1210.9160810102628
2005-06-23,1214.8189914242328
2005-06-24,1205.2975068142134
2005-06-27,1197.0542574773688
2005-06-28,1206.3633045104048
2005-06-29,1204.3462379955347
2005-06-30,1198.7383189991597
2005-07-01,1218.0583751577178
2005-07-04,1219.6464101305257
2005-07-05,1213.7351179857342
2005-07-06,1216.4867609516114
2005-07-07,1208.2842159218487
2005-07-08,1212.205047889251
2005-07-11,1218.872912553867
2005-07-12,1223.7864266546212
2005-07-13,1236.9769695050556
2005-07-14,1244.7205734371103
2005-07-15,1241.0303063450222
2005-07-18,1241.3283230781
2005-07-19,1253.6264926549375
2005-07-20,1257.4016903884403
2005-07-21,1256.053643989134
2005-07-22,1263.5566551248203
2005-07-25,1267.844776931116
2005-07-26,1265.2345686471951
2005-07-27,1270.5020271834271
2005-07-28,1278.6775858451947
2005-07-29,1276.3190210320467
2005-08-01,1279.1494859844724
2005-08-02,1295.3142499106086
2005-08-03,1291.7398363255616
2005-08-04,1286.9671996366967
2005-08-05,1285.7861495428992
2005-08-08,1283.3764705556557
2005-08-09,1288.222493119685
2005-08-10,1296.413986366744
2005-08-11,1293.4023622330315
2005-08-12,1289.0414210691893
2005-08-15,1296.6666747527863
2005-08-16,1294.0832272416633
2005-08-17,1293.025372284407
2005-08-18,1289.5478384427486
2005-08-19,1284.9651246924298
2005-08-22,1292.962569848388
2005-08-23,1289.9153814510282
2005-08-24,1274.3973832005595
2005-08-25,1273.249671236738
2005-08-26,1267.3773001180562
2005-08-29,1262.524157037725
2005-08-30,1272.697109601272
2005-08-31,1274.0542225066838
2005-09-01,1279.099496163376
2005-09-02,1285.2954677405003
2005-09-05,1290.539447596082
2005-09-06,1296.5787640457484
2005-09-07,1304.791735217744
2005-09-08,1311.5077186698895
2005-09-09,1317.331964155669
2005-09-12,1337.6415268336461
2005-09-13,1334.8687182210374
2005-09-14,1336.5439416106374
2005-09-15,1350.6835783445692
2005-09-16,1355.4414755452062
2005-09-19,1368.7020108594832
2005-09-20,1374.4280397696368
2005-09-21,1374.4184276223957
2005-09-22,1372.045133782492
2005-09-23,1370.2100543631439
2005-09-26,1384.0697435090244
2005-09-27,1391.4271525635017
2005-09-28,1396.1000800733464
2005-09-29,1407.8276445177544
2005-09-30,1414.0948282223032
2005-10-03,1432.0270366988702
2005-10-04,1433.3032681118611
2005-10-05,1408.711684389529
2005-10-06,1356.348288728566
2005-10-07,1359.7175775726548
2005-10-10,1377.3772724539142
2005-10-11,1391.220773074731
2005-10-12,1367.9849586611483
2005-10-13,1348.669935690807
2005-10-14,1324.2671651310989
2005-10-17,1335.51535222722
2005-10-18,1336.6698435028316
2005-10-19,1304.1271069550573
2005-10-20,1308.7138773312038
2005-10-21,1309.6799597041033
2005-10-24,1324.0296551282534
2005-10-25,1310.0688820176051
2005-10-26,1316.610636288809
2005-10-27,1293.9748916472295
2005-10-28,1293.4155781195789
2005-10-31,1331.470649600174
2005-11-01,1348.7143619004974
2005-11-02,1357.4970427541857
2005-11-03,1373.407720410858
2005-11-04,1391.8260638598101
2005-11-07,1393.1922077523757
2005-11-08,1395.4876694058626
2005-11-09,1408.295585406103
2005-11-10,1407.8856434368008
2005-11-11,1423.690630487888
2005-11-14,1426.6985698406106
2005-11-15,1424.7660144817019
2005-11-16,1433.5083183997208
2005-11-17,1438.3078394307074
2005-11-18,1448.4932665055253
2005-11-21,1446.792980927383
2005-11-22,1436.5715393668481
2005-11-23,1450.8228450441497
2005-11-24,1457.1582387406086
2005-11-25,1465.3745925519254
2005-11-28,1459.7684314326168
2005-11-29,1457.4567612846856
2005-11-30,1459.3153072893138
2005-12-01,1478.0494733614335
2005-12-02,1494.680098458411
2005-12-05,1492.7848627075743
2005-12-06,1501.4571628727458
2005-12-07,1512.2614734184356
2005-12-08,1490.16966518682
2005-12-09,1488.014291483209
2005-12-12,1483.2305886206545
2005-12-13,1491.8470239534297
2005-12-14,1481.9038378198848
2005-12-15,1487.876610259722
2005-12-16,1480.2452159273662
2005-12-19,1490.4829942144302
2005-12-20,1503.2020512266508
2005-12-21,1524.6293796974307
2005-12-22,1520.5199877936643
2005-12-23,1527.7124107915693
2005-12-26,1527.8336097694664
2005-12-27,1534.098407268383
2005-12-28,1519.3922543242695
2005-12-29,1541.7377912709487
2005-12-30,1545.1437593125181
2006-01-02,1546.9431695990497
2006-01-03,1552.662679756482
2006-01-04,1567.9408207462698
2006-01-05,1574.6700301542405
2006-01-06,1582.169015810408
2006-01-09,1607.1640688963034
2006-01-10,1602.135333044866
2006-01-11,1606.4540110076168
2006-01-12,1623.6680675777286
2006-01-13,1617.0637286737945
2006-01-16,1620.404580886783
2006-01-17,1607.3838137262558
2006-01-18,1578.3287174962402
2006-01-19,1607.1968355488018
2006-01-20,1611.6234653554757
2006-01-23,1582.7585252205345
2006-01-24,1604.1706630628394
2006-01-25,1622.5524080785813
2006-01-26,1629.615349950241
2006-01-27,1659.0586960187343
2006-01-30,1664.2269137561764
2006-01-31,1667.35599823218
2006-02-01,1678.1706605042727
2006-02-02,1664.9553302879744
2006-02-03,1653.9661862628666
2006-02-06,1683.583734704855
2006-02-07,1674.213126346147
2006-02-08,1649.387286558602
2006-02-09,1664.4235912683068
2006-02-10,1675.8095457175261
2006-02-13,1654.7807198611808
2006-02-14,1662.462043466075
2006-02-15,1659.9173333168956
2006-02-16,1673.607094888735
2006-02-17,1689.4208101746708
2006-02-20,1700.0668419925437
2006-02-21,1702.324756710204
2006-02-22,1698.2501389920817
2006-02-23,1704.359916980911
2006-02-24,1715.0969891135305
2006-02-27,1725.6470952589443
2006-02-28,1699.5525672546955
2006-03-01,1709.2965181554214
2006-03-02,1710.2581886262412
2006-03-03,1692.0670944899825
2006-03-06,1686.516718415272
2006-03-07,1653.2651284200729
2006-03-08,1629.6665996445383
2006-03-09,1630.1361553842344
2006-03-10,1641.1795132445143
2006-03-13,1656.2605522263452
2006-03-14,1646.454125597826
2006-03-15,1666.3301375075584
2006-03-16,1659.714510404635
2006-03-17,1665.044651559574
2006-03-20,1670.4037076907798
2006-03-21,1665.0788382005435
2006-03-22,1654.1577033908386
2006-03-23,1672.8646502813644
2006-03-24,1671.5292746767896
2006-03-27,1677.8221005863413
2006-03-28,1657.3169001475078
2006-03-29,1671.6522629437131
2006-03-30,1675.1525639042566
2006-03-31,1689.4434095735066
2006-04-03,1717.9293762794673
2006-04-04,1712.5351417311292
2006-04-05,1719.681472331334
2006-04-06,1736.3245470514335
2006-04-07,1746.8419572298328
2006-04-10,1742.8817979103665
2006-04-11,1733.734348903066
2006-04-12,1727.8704387764024
2006-04-13,1729.2668732869888
2006-04-14,1742.1945481703642
2006-04-17,1730.3290575423218
2006-04-18,1753.6614293378823
2006-04-19,1768.3212760212655
2006-04-20,1775.1751676910767
2006-04-21,1779.4943583776512
2006-04-24,1769.69382284218
2006-04-25,1755.7185710113395
2006-04-26,1768.4701360955803
2006-04-27,1744.0355881311475
2006-04-28,1741.5090852399524
2006-05-01,1745.2679226169857
2006-05-02,1765.4092494788838
2006-05-03,1776.92084297242
2006-05-04,1775.006335098899
2006-05-05,1779.5274490175404
2006-05-08,1807.6331488138087
2006-05-09,1803.0984062919445
2006-05-10,1795.8741783095002
2006-05-11,1780.23339588691
2006-05-12,1743.1395936072975
2006-05-15,1682.6843916454982
2006-05-16,1673.9139202335023
2006-05-17,1680.388682104017
2006-05-18,1629.6042370735522
2006-05-19,1635.262048020989
2006-05-22,1550.735402124743
2006-05-23,1568.5989778283597
2006-05-24,1550.4585444400777
2006-05-25,1553.1030599957217
2006-05-26,1598.7985636761532
2006-05-29,1604.906120238414
2006-05-30,1557.5923937699013
2006-05-31,1549.9530562748141
2006-06-01,1557.3683685289766
2006-06-02,1572.503794520714
2006-06-05,1557.7265756299125
2006-06-06,1542.4883097778986
2006-06-07,1507.7661357816635
2006-06-08,1467.4410133254573
2006-06-09,1481.9453847495943
2006-06-12,1467.4853443488637
2006-06-13,1411.1355820150359
2006-06-14,1420.1068950028186
2006-06-15,1450.5136937031355
2006-06-16,1486.2817462862092
2006-06-19,1488.0376141075471
2006-06-20,1469.1516461476535
2006-06-21,1471.9977872644295
2006-06-22,1488.578378739691
2006-06-23,1490.0239891643862
2006-06-26,1487.706920117776
2006-06-27,1495.9977745490119
2006-06-28,1507.8205471805302
2006-06-29,1539.0414493735427
2006-06-30,1556.4448406796112
2006-07-03,1579.1964206393895
2006-07-04,1586.6151017996035
2006-07-05,1562.495076220118
2006-07-06,1567.460967559397
2006-07-07,1562.2931040485246
2006-07-10,1581.6574829515594
2006-07-11,1574.6220950171842
2006-07-12,1582.451359802236
2006-07-13,1541.0890584401598
2006-07-14,1525.4595166396866
2006-07-17,1515.8373815540479
2006-07-18,1521.932118934842
2006-07-19,1531.5679341333478
2006-07-20,1548.2343616582345
2006-07-21,1534.1683904053775
2006-07-24,1545.2345500898336
2006-07-25,1562.5556354237044
2006-07-26,1566.6209579983763
2006-07-27,1581.694317610875
2006-07-28,1576.0213855016827
2006-07-31,1574.3737817707113
2006-08-01,1562.2476691545653
2006-08-02,1568.5623289245523
2006-08-03,1571.9123109548843
2006-08-04,1570.5150881313134
2006-08-07,1568.8404168129011
2006-08-08,1581.2820893338373
2006-08-09,1589.7729009422198
2006-08-10,1597.0798487178388
2006-08-11,1599.46191238655
2006-08-14,1596.5527367845887
2006-08-15,1597.8580976712065
2006-08-16,1613.0504624488533
2006-08-17,1617.683878450376
2006-08-18,1610.3799027917976
2006-08-21,1588.5362021135445
2006-08-22,1611.5632693688601
2006-08-23,1600.7587904932366
2006-08-24,1591.4183615912702
2006-08-25,1599.89402382471
2006-08-28,1595.7742803339993
2006-08-29,1611.2924512705235
2006-08-30,1613.5284559091906
2006-08-31,1610.439089146219
2006-09-01,1619.4615841135926
2006-09-04,1635.945539784004
2006-09-05,1642.3024159149757
2006-09-06,1628.518192105497
2006-09-07,1615.0288813700126
2006-09-08,1622.0467028794424
2006-09-11,1589.2235443635057
2006-09-12,1600.2947752378036
2006-09-13,1616.4167390855953
2006-09-14,1611.120887556605
2006-09-15,1630.0505401783323
2006-09-18,1647.9687186513086
2006-09-19,1644.886324324141
2006-09-20,1637.555405439425
2006-09-21,1629.4466447169523
2006-09-22,1599.3176240435055
2006-09-25,1603.0209373489379
2006-09-26,1620.9558260205845
2006-09-27,1633.483775986449
2006-09-28,1646.19708281826
2006-09-29,1645.1338659385574
2006-10-02,1641.0435299408512
2006-10-03,1631.2237445220799
2006-10-04,1635.1497547298045
2006-10-05,1655.921899893416
2006-10-06,1667.4096642521954
2006-10-09,1665.117201708499
2006-10-10,1681.2833472736288
2006-10-11,1678.9756126612117
2006-10-12,1689.4773909237101
2006-10-13,1722.1989149933504
2006-10-16,1728.321118986836
2006-10-17,1713.8724666964947
2006-10-18,1724.9797751971114
2006-10-19,1716.7253459155959
2006-10-20,1715.2509339944365
2006-10-23,1714.497228870521
2006-10-24,1723.3726236432758
2006-10-25,1727.1009844693956
2006-10-26,1726.50570229376
2006-10-27,1714.7149627964263
2006-10-30,1699.2406751973247
2006-10-31,1710.6076806959488
2006-11-01,1726.5166826621276
2006-11-02,1725.5546488246787
2006-11-03,1746.2454846295616
2006-11-06,1755.522946842461
2006-11-07,1756.7653742689588
2006-11-08,1757.6682933494715
2006-11-09,1766.497290937578
2006-11-10,1757.189509831108
2006-11-13,1757.9221247947908
2006-11-14,1773.547172946477
2006-11-15,1777.5874203460808
2006-11-16,1783.4071108576886
2006-11-17,1767.8067017513483
2006-11-20,1772.0997252357358
2006-11-21,1785.2532650796095
2006-11-22,1789.0703135284843
2006-11-23,1790.826227549468
2006-11-24,1774.4522529317344
2006-11-27,1771.700212250376
2006-11-28,1748.3248337118325
2006-11-29,1775.7094844176506
2006-11-30,1779.337121632501
2006-12-01,1772.6972684808802
2006-12-04,1784.6000300239075
2006-12-05,1804.8864395597082
2006-12-06,1808.0578469516922
2006-12-07,1810.7740013627122
2006-12-08,1792.428907281534
2006-12-11,1804.2700420815315
2006-12-12,1789.893199683364
2006-12-13,1793.8632139635176
2006-12-14,1823.6064235417343
2006-12-15,1846.2797323043521
2006-12-18,1860.3301296962254
2006-12-19,1819.6021592641378
2006-12-20,1839.9831323000737
2006-12-21,1841.484795434041
2006-12-22,1842.355046484054
2006-12-25,1843.0836370634145
2006-12-26,1849.1616562543556
2006-12-27,1876.5511022769226
2006-12-28,1883.497412460522
2006-12-29,1886.4722097904696
2007-01-01,1886.6860186502522
2007-01-02,1899.7718553893344
2007-01-03,1901.3745177515414
2007-01-04,1891.3734558868289
2007-01-05,1880.9462641733126
2007-01-08,1873.0647884917455
2007-01-09,1856.9211704519346
2007-01-10,1847.9592816275094
2007-01-11,1867.6051322132507
2007-01-12,1878.448522361907
2007-01-15,1910.4018773050645
2007-01-16,1912.3029810313658
2007-01-17,1904.695256340862
2007-01-18,1911.3160540429462
2007-01-19,1917.2631506308817
2007-01-22,1935.8222357921275
2007-01-23,1929.7915594826084
2007-01-24,1961.4388834777164
2007-01-25,1947.3380224405346
2007-01-26,1941.6785712983683
2007-01-29,1927.4323574073944
2007-01-30,1931.9119493257224
2007-01-31,1918.564963309077
2007-02-01,1937.1969344235595
2007-02-02,1951.2534121356275
2007-02-05,1961.406104558875
2007-02-06,1973.6211365555152
2007-02-07,1967.5853094631605
2007-02-08,1959.8600741149723
2007-02-09,1963.7809390897569
2007-02-12,1950.9698127815798
2007-02-13,1952.5941798758188
2007-02-14,1965.994784831598
2007-02-15,1982.0439208909277
2007-02-16,1989.8446022664227
2007-02-19,1991.399218059087
2007-02-20,1984.092039143145
2007-02-21,1989.8296980528612
2007-02-22,2005.536465550967
2007-02-23,1989.5563302184917
2007-02-26,1991.7246551510937
2007-02-27,1908.5951775891476
2007-02-28,1889.5295301665908
2007-03-01,1865.7899301122102
2007-03-02,1858.425981009617
2007-03-05,1802.155150553907
2007-03-06,1843.5973015598104
2007-03-07,1845.8128109666677
2007-03-08,1883.8616008433585
2007-03-09,1897.2935109731636
2007-03-12,1899.217321391115
2007-03-13,1886.6648926302096
2007-03-14,1848.4792854885893
2007-03-15,1870.741004390373
2007-03-16,1858.3655507262679
2007-03-19,1883.9267947600233
2007-03-20,1895.1273662832673
2007-03-21,1916.113668572168
2007-03-22,1932.6406275383274
2007-03-23,1944.991922188763
2007-03-26,1947.617594809312
2007-03-27,1940.7060266822577
2007-03-28,1923.1406866106968
2007-03-29,1947.516018262514
2007-03-30,1959.5753896473648
2007-04-02,1953.3365938205009
2007-04-03,1973.7749728108715
2007-04-04,1994.8379848267143
2007-04-05,1993.6908691415288
2007-04-06,1995.8754962301257
2007-04-09,2022.8179128222882
2007-04-10,2021.1275591483563
2007-04-11,2031.438273803345
2007-04-12,2026.2652111817881
2007-04-13,2034.0782813546582
2007-04-16,2056.4065437712743
2007-04-17,2051.4475038487303
2007-04-18,2046.9575846368432
2007-04-19,2011.8703258112462
2007-04-20,2051.977042732128
2007-04-23,2067.9799907899196
2007-04-24,2059.277997380523
2007-04-25,2059.218507157216
2007-04-26,2071.8263978543646
2007-04-27,2048.7385773841615
2007-04-30,2047.4203100576444
2007-05-01,2053.638476683235
2007-05-02,2063.201497120135
2007-05-03,2089.282302988501
2007-05-04,2102.392986280302
2007-05-07,2105.191543251997
2007-05-08,2118.037051809606
2007-05-09,2126.624527411907
2007-05-10,2126.488016379249
2007-05-11,2118.455421034725
2007-05-14,2132.2714947312606
2007-05-15,2103.7560743833133
2007-05-16,2135.7945952771715
2007-05-17,2153.2976100291103
2007-05-18,2157.7705566420595
2007-05-21,2183.661227879538
2007-05-22,2193.0480932155447
2007-05-23,2191.2383684305405
2007-05-24,2174.852886460488
2007-05-25,2178.5673986082784
2007-05-28,2191.122423709629
2007-05-29,2190.5196460356724
2007-05-30,2166.360614837119
2007-05-31,2194.4322331318353
2007-06-01,2223.2324909037916
2007-06-04,2196.471299677289
2007-06-05,2200.9859284502922
2007-06-06,2188.275613076039
2007-06-07,2195.379964260346
2007-06-08,2191.2588645548285
2007-06-11,2214.944287150133
2007-06-12,2228.2290104197073
2007-06-13,2239.1984166063057
2007-06-14,2274.7695853936502
2007-06-15,2292.439775267201
2007-06-18,2319.3581587503236
2007-06-19,2320.039885296048
2007-06-20,2316.5042367798837
2007-06-21,2328.240210550461
2007-06-22,2306.6990474812083
2007-06-25,2276.9550449284884
2007-06-26,2268.081454506304
2007-06-27,2270.027442137022
2007-06-28,2272.2879640057968
2007-06-29,2264.5644065400584
2007-07-02,2269.410921251905
2007-07-03,2308.318197232873
2007-07-04,2312.23071915374
2007-07-05,2304.5483871842525
2007-07-06,2327.729981173455
2007-07-09,2361.7710091707586
2007-07-10,2337.6568437689098
2007-07-11,2325.966017786718
2007-07-12,2358.6479624309427
2007-07-13,2387.159426247422
2007-07-16,2367.7877076844834
2007-07-17,2372.275156362447
2007-07-18,2355.371987407876
2007-07-19,2375.0685359944873
2007-07-20,2396.9974738380442
2007-07-23,2436.388184032655
2007-07-24,2423.9837956701126
2007-07-25,2434.9516898002857
2007-07-26,2388.244301892788
2007-07-27,2333.963265463998
2007-07-30,2353.8215967368187
2007-07-31,2390.523338644892
2007-08-01,2309.553336369095
2007-08-02,2332.2389885137136
2007-08-03,2326.8884125605796
2007-08-06,2290.3086543101595
2007-08-07,2305.290295199446
2007-08-08,2347.3445126021034
2007-08-09,2348.2908325054536
2007-08-10,2281.430415147536
2007-08-13,2311.0377368227987
2007-08-14,2295.870243944276
2007-08-15,2266.0816306845395
2007-08-16,2163.07455107465
2007-08-17,2140.054282935928
2007-08-20,2233.090864774894
2007-08-21,2233.697999753282
2007-08-22,2282.2819976506125
2007-08-23,2312.26394764583
2007-08-24,2315.9261616470767
2007-08-27,2353.759227141027
2007-08-28,2336.8762618612486
2007-08-29,2325.560447111034
2007-08-30,2359.714763976036
2007-08-31,2411.8674999470763
2007-09-03,2434.557076893687
2007-09-04,2433.4222733344122
2007-09-05,2412.565420758485
2007-09-06,2426.412288596309
2007-09-07,2394.9784929791313
2007-09-10,2373.4032920133627
2007-09-11,2369.595563771375
2007-09-12,2369.5353866340506
2007-09-13,2402.077747643566
2007-09-14,2419.485166732619
2007-09-17,2410.4261335804918
2007-09-18,2425.680221205768
2007-09-19,2475.752685630808
2007-09-20,2472.199381155122
2007-09-21,2483.407430472941
2007-09-24,2510.569927214491
2007-09-25,2492.3776591842675
2007-09-26,2506.2526328233057
2007-09-27,2544.225589713028
2007-09-28,2546.374059137179
2007-10-01,2566.063661158031
2007-10-02,2629.1350699300233
2007-10-03,2617.337852964893
2007-10-04,2600.0025116310276
2007-10-05,2634.5214849428435
2007-10-08,2661.8805100656505
2007-10-09,2677.15908815581
2007-10-10,2683.4674279172777
2007-10-11,2706.3898483830794
2007-10-12,2693.18502852738
2007-10-15,2713.077809380983
2007-10-16,2702.466042647156
2007-10-17,2699.9891396815033
2007-10-18,2668.6781450000153
2007-10-19,2646.2829404450094
2007-10-22,2604.0738160643346
2007-10-23,2652.4960785931116
2007-10-24,2651.18985132605
2007-10-25,2651.384963979287
2007-10-26,2688.0767829835277
2007-10-29,2742.0306535496075
2007-10-30,2733.749207574684
2007-10-31,2744.562692202858
2007-11-01,2727.035353359593
2007-11-02,2675.653187828843
2007-11-05,2629.5792614409597
2007-11-06,2645.405589212694
2007-11-07,2625.55027011375
2007-11-08,2568.4617393430344
2007-11-09,2558.667344098132
2007-11-12,2499.827800248755
2007-11-13,2498.798865345077
2007-11-14,2567.0090851279942
2007-11-15,2547.2183773378983
2007-11-16,2508.7172619670164
2007-11-19,2472.9037393169324
2007-11-20,2460.20662574368
2007-11-21,2380.9328349943135
2007-11-22,2355.173228304348
2007-11-23,2370.2994803998577
2007-11-26,2385.888811391552
2007-11-27,2355.374730574922
2007-11-28,2393.779540476807
2007-11-29,2444.4035292047542
2007-11-30,2477.595855868113
2007-12-03,2485.723705608047
2007-12-04,2479.812473366776
2007-12-05,2545.472564027985
2007-12-06,2569.9679628110953
2007-12-07,2573.660105448622
2007-12-10,2560.7026755806714
2007-12-11,2569.2640084916766
2007-12-12,2555.8760961343323
2007-12-13,2504.2594869395753
2007-12-14,2509.8185945585246
2007-12-17,2439.44988601511
2007-12-18,2443.7704898290244
2007-12-19,2468.1815387576557
2007-12-20,2480.4101269280623
2007-12-21,2516.206027575448
2007-12-24,2557.2635616528137
2007-12-25,2558.628833961337
2007-12-26,2555.3225467237216
2007-12-27,2560.6231362040435
2007-12-28,2533.3565352608675
2007-12-31,2545.549499140982
2008-01-01,2546.1689005378944
2008-01-02,2514.661447283905
2008-01-03,2506.1912695235137
2008-01-04,2497.0056650608417
2008-01-07,2482.5075041930722
2008-01-08,2502.3550822216557
2008-01-09,2529.011624379442
2008-01-10,2511.4588501064686
2008-01-11,2491.6530010762335
2008-01-14,2488.012349872351
2008-01-15,2454.116829069027
2008-01-16,2386.1913244010602
2008-01-17,2363.4171899550543
2008-01-18,2370.372394413693
2008-01-21,2258.786342615312
2008-01-22,2159.2197219708482
2008-01-23,2210.3170456857483
2008-01-24,2240.5473857611546
2008-01-25,2295.3981746270406
2008-01-28,2216.8005626099894
2008-01-29,2249.5690172645277
2008-01-30,2223.9347550695156
2008-01-31,2208.8288309774757
2008-02-01,2254.515302661286
2008-02-04,2322.615435053402
2008-02-05,2323.0247635644887
2008-02-06,2281.115060383897
2008-02-07,2289.0222821955836
2008-02-08,2289.9764159678753
2008-02-11,2270.4566614694786
2008-02-12,2285.40460519678
2008-02-13,2299.064461395819
2008-02-14,2337.6955670922307
2008-02-15,2319.7464322772253
2008-02-18,2348.130862225354
2008-02-19,2362.587092001075
2008-02-20,2346.7425403902225
2008-02-21,2348.565459939254
2008-02-22,2325.303175541277
2008-02-25,2328.1737530402997
2008-02-26,2337.2339556156744
2008-02-27,2344.559925434314
2008-02-28,2334.643606781603
2008-02-29,2297.6580485033883
2008-03-03,2266.1847516095095
2008-03-04,2238.8675272884843
2008-03-05,2241.2699252079424
2008-03-06,2235.759882983789
2008-03-07,2187.038115607768
2008-03-10,2132.6920418074033
2008-03-11,2179.4824657111894
2008-03-12,2166.5998408340106
2008-03-13,2095.925093362777
2008-03-14,2078.0802351852117
2008-03-17,1965.66470441355
2008-03-18,1981.5143213972274
2008-03-19,2010.9373469103853
2008-03-20,2016.904704216807
2008-03-21,2029.480761416868
2008-03-24,2053.501413623178
2008-03-25,2082.5740052736596
2008-03-26,2066.855629284387
2008-03-27,2048.910676075598
2008-03-28,2075.7199107705246
2008-03-31,2041.4941660778197
2008-04-01,2072.9852741197697
2008-04-02,2105.9099495954606
2008-04-03,2118.7657526033345
2008-04-04,2108.214321664135
2008-04-07,2153.054974857949
2008-04-08,2145.905056888065
2008-04-09,2116.6909318136763
2008-04-10,2133.9721060890233
2008-04-11,2134.473445602668
2008-04-14,2090.2065696687746
2008-04-15,2108.379382412112
2008-04-16,2105.1098467721863
2008-04-17,2118.5500233988955
2008-04-18,2135.291138385234
2008-04-21,2127.2080897347523
2008-04-22,2125.9671658957127
2008-04-23,2155.02822776342
2008-04-24,2194.562638129996
2008-04-25,2204.5556422609457
2008-04-28,2210.6915509882565
2008-04-29,2196.6074460189834
2008-04-30,2233.994861909116
2008-05-01,2253.44525236166
2008-05-02,2284.93119139688
2008-05-05,2284.91158389298
2008-05-06,2280.626268765194
2008-05-07,2274.6973297029463
2008-05-08,2262.8716023414518
2008-05-09,2245.986314837473
2008-05-12,2247.7271491701676
2008-05-13,2266.228042063284
2008-05-14,2282.0202468767857
2008-05-15,2300.00540954119
2008-05-16,2318.9530643415787
2008-05-19,2339.115208937551
2008-05-20,2279.8589139500586
2008-05-21,2266.3187023587093
2008-05-22,2251.278369166582
2008-05-23,2219.024198775386
2008-05-26,2186.630276669938
2008-05-27,2192.8116493228713
2008-05-28,2219.4680843051824
2008-05-29,2236.902219177941
2008-05-30,2250.9801159281055
2008-06-02,2251.075702732354
2008-06-03,2232.213144986929
2008-06-04,2200.5066350466223
2008-06-05,2203.201804640711
2008-06-06,2171.996352266303
2008-06-09,2148.151515275922
2008-06-10,2112.2247758389767
2008-06-11,2089.128576646463
2008-06-12,2087.920206488468
2008-06-13,2085.080628664476
2008-06-16,2088.7732934989795
2008-06-17,2092.6272616363985
2008-06-18,2094.838089006406
2008-06-19,2062.0196076719994
2008-06-20,2022.7654964797089
2008-06-23,2020.2035829537333
2008-06-24,1998.2804298445537
2008-06-25,2035.6608377784064
2008-06-26,2002.5989583997368
2008-06-27,1965.941538543168
2008-06-30,1968.24517117872
2008-07-01,1931.990212336574
2008-07-02,1901.8426981255886
2008-07-03,1888.001358902761
2008-07-04,1884.386606083292
2008-07-07,1911.7949335821183
2008-07-08,1887.2646061834123
2008-07-09,1912.5221943708614
2008-07-10,1901.7677095149816
2008-07-11,1896.7665659453387
2008-07-14,1900.369194549324
2008-07-15,1840.9093559630887
2008-07-16,1851.274728396815
2008-07-17,1866.8661063760787
2008-07-18,1863.6456384953506
2008-07-21,1900.856490132966
2008-07-22,1894.622854892398
2008-07-23,1932.5249145972898
2008-07-24,1931.7419449440583
2008-07-25,1899.9902020426039
2008-07-28,1892.914507494507
2008-07-29,1892.475476056727
2008-07-30,1933.1189451068906
2008-07-31,1926.327805335737
2008-08-01,1914.0473957722602
2008-08-04,1867.6293099965012
2008-08-05,1861.9154224675065
2008-08-06,1892.4929778938815
2008-08-07,1890.703278047029
2008-08-08,1892.9233074974306
2008-08-11,1886.5833149138102
2008-08-12,1883.421959541713
2008-08-13,1874.9763603911433
2008-08-14,1888.862712801993
2008-08-15,1894.4333529204223
2008-08-18,1861.3933066686702
2008-08-19,1834.669397010292
2008-08-20,1879.2768161607555
2008-08-21,1845.5194135521695
2008-08-22,1849.1959049732327
2008-08-25,1842.866797757608
2008-08-26,1832.250570601934
2008-08-27,1850.7429554397743
2008-08-28,1855.376488269644
2008-08-29,1858.9625137652524
2008-09-01,1831.4608245431095
2008-09-02,1827.0132604563273
2008-09-03,1802.4676476338404
2008-09-04,1779.6392787652992
2008-09-05,1753.263195953994
2008-09-08,1805.8874150533445
2008-09-09,1756.3511561080297
2008-09-10,1749.5773845086653
2008-09-11,1724.9133675742264
2008-09-12,1723.0727321146007
2008-09-15,1668.7223217820558
2008-09-16,1597.4813519500976
2008-09-17,1555.1665216843512
2008-09-18,1530.1391268349605
2008-09-19,1680.0779612950546
2008-09-22,1681.4738871994373
2008-09-23,1621.880012753112
2008-09-24,1631.4261834717813
2008-09-25,1650.937228146253
2008-09-26,1633.8458456183312
2008-09-29,1568.501853953311
2008-09-30,1633.1957213201936
2008-10-01,1637.0449891638632
2008-10-02,1612.0562993094397
2008-10-03,1579.0534406388117
2008-10-06,1472.5793699834185
2008-10-07,1434.30090756449
2008-10-08,1327.6561283423116
2008-10-09,1348.4569243141223
2008-10-10,1302.6506490927136
2008-10-13,1384.1665573721498
2008-10-14,1444.796527427746
2008-10-15,1354.7783307661723
2008-10-16,1275.4114701736562
2008-10-17,1256.8610145833138
2008-10-20,1319.840444694386
2008-10-21,1310.3187551896945
2008-10-22,1244.7084804912445
2008-10-23,1206.9309776583568
2008-10-24,1134.2037524218513
2008-10-27,1106.4539079058086
2008-10-28,1172.996635892639
2008-10-29,1177.8414657633907
2008-10-30,1287.6891740657452
2008-10-31,1319.4284904998842
2008-11-03,1337.723183304443
2008-11-04,1350.2298475169366
2008-11-05,1341.951084834617
2008-11-06,1282.8269168723184
2008-11-07,1299.6187029869154
2008-11-10,1345.5202842172127
2008-11-11,1317.4122035926287
2008-11-12,1277.4370020009246
2008-11-13,1262.0466391556167
2008-11-14,1271.4281161094907
2008-11-17,1260.127520463371
2008-11-18,1204.6276934142606
2008-11-19,1194.7780585920193
2008-11-20,1154.3626106353483
2008-11-21,1161.2232491070326
2008-11-24,1159.0584842906474
2008-11-25,1173.434706411091
2008-11-26,1208.2439362579332
2008-11-27,1237.7506756434314
2008-11-28,1253.5952576299464
2008-12-01,1238.3454074527556
2008-12-02,1203.0989321936365
2008-12-03,1219.0375005700755
2008-12-04,1214.386734617838
2008-12-05,1215.3338951440035
2008-12-08,1277.7293532614328
2008-12-09,1276.4518079079933
2008-12-10,1321.978558788704
2008-12-11,1304.7684631591167
2008-12-12,1249.8944882795581
2008-12-15,1244.276674112568
2008-12-16,1255.3890846818203
2008-12-17,1232.1925830590071
2008-12-18,1230.8191493936422
2008-12-19,1264.41240874721
2008-12-22,1235.3478195868393
2008-12-23,1202.7156636876591
2008-12-24,1192.107651648499
2008-12-25,1188.494257458407
2008-12-26,1180.1235732784323
2008-12-29,1175.5555742555466
2008-12-30,1196.5360599589208
2008-12-31,1218.749630257125
2009-01-01,1220.868141131884
2009-01-02,1241.057495528663
2009-01-05,1308.1582986749058
2009-01-06,1354.698419804448
2009-01-07,1304.7819768417937
2009-01-08,1262.6493681558245
2009-01-09,1272.332336142937
2009-01-12,1253.7599680098406
2009-01-13,1261.3765928953233
2009-01-14,1255.2419173936376
2009-01-15,1233.5701205311252
2009-01-16,1241.0714621521838
2009-01-19,1245.0612299717377
2009-01-20,1237.543567154874
2009-01-21,1235.9116609555783
2009-01-22,1228.9530068026395
2009-01-23,1230.3533226163272
2009-01-26,1214.8246111883059
2009-01-27,1217.0854562947113
2009-01-28,1239.4503741671172
2009-01-29,1251.6438423287518
2009-01-30,1272.3380401575257
2009-02-02,1251.6170263536808
2009-02-03,1258.0323526939485
2009-02-04,1293.6787138365896
2009-02-05,1297.13826763268
2009-02-06,1346.8839008069826
2009-02-09,1345.4437351542147
2009-02-10,1345.579915753195
2009-02-11,1345.0521412389203
2009-02-12,1336.4481238000283
2009-02-13,1354.5961360509048
2009-02-16,1359.5853078276664
2009-02-17,1320.7041185941957
2009-02-18,1303.9891643905487
2009-02-19,1301.0424724823658
2009-02-20,1276.500918043612
2009-02-23,1287.1905987270904
2009-02-24,1258.944615122758
2009-02-25,1269.7169666984678
2009-02-26,1251.7629440963121
2009-02-27,1237.6584056237305
2009-03-02,1202.7967140167316
2009-03-03,1205.6080989526831
2009-03-04,1257.001934121357
2009-03-05,1249.3767013094707
2009-03-06,1236.5178861789823
2009-03-09,1223.3862569538533
2009-03-10,1251.2994890731268
2009-03-11,1266.4397136912717
2009-03-12,1270.6669643339615
2009-03-13,1283.8042081521885
2009-03-16,1300.1797920468302
2009-03-17,1316.0974341764168
2009-03-18,1307.3884442677174
2009-03-19,1278.655131090514
2009-03-20,1285.4333706530056
2009-03-23,1340.3398815666212
2009-03-24,1350.6086091951418
2009-03-25,1354.4144491639697
2009-03-26,1383.1817494181262
2009-03-27,1395.8350924104718
2009-03-30,1351.7620823189695
2009-03-31,1359.4633937682997
2009-04-01,1389.384593253389
2009-04-02,1431.0331066715646
2009-04-03,1439.8583696826574
2009-04-06,1453.0530675890825
2009-04-07,1454.7330505987284
2009-04-08,1438.5236744524418
2009-04-09,1488.724751088891
2009-04-10,1503.570604459351
2009-04-13,1505.7662989003131
2009-04-14,1525.2311602898317
2009-04-15,1532.9106196408707
2009-04-16,1540.9518705136147
2009-04-17,1544.9049121158416
2009-04-20,1546.7082464965993
2009-04-21,1527.2317040906605
2009-04-22,1513.2478177383116
2009-04-23,1532.3494174480293
2009-04-24,1521.9621533771685
2009-04-27,1502.0910390155325
2009-04-28,1489.9926395095094
2009-04-29,1519.5798151147965
2009-04-30,1557.5043140083471
2009-05-01,1557.4694561869974
2009-05-04,1629.4037716680027
2009-05-05,1636.9080680984846
2009-05-06,1661.8545405454558
2009-05-07,1652.8822981634883
2009-05-08,1665.5188359468254
2009-05-11,1639.2931195426224
2009-05-12,1639.2769921369927
2009-05-13,1625.7353503642726
2009-05-14,1606.0383039618876
2009-05-15,1621.7775295636177
2009-05-18,1674.4793504107947
2009-05-19,1695.9211222359786
2009-05-20,1690.907112916745
2009-05-21,1658.5208286534748
2009-05-22,1641.786911018858
2009-05-25,1643.157964333846
2009-05-26,1629.7813628455049
2009-05-27,1667.4070576023437
2009-05-28,1679.7819718784133
2009-05-29,1675.1008818232172
2009-06-01,1736.35377591294
2009-06-02,1708.253133793857
2009-06-03,1708.1927413561764
2009-06-04,1705.4785921716064
2009-06-05,1735.591345940247
2009-06-08,1728.1839885670306
2009-06-09,1709.9715283131436
2009-06-10,1745.4319280175694
2009-06-11,1738.3856096037218
2009-06-12,1740.6385995845817
2009-06-15,1730.3040702541398
2009-06-16,1713.5803585233925
2009-06-17,1693.8231096382933
2009-06-18,1677.8385604391997
2009-06-19,1696.9492847496226
2009-06-22,1676.9261069435072
2009-06-23,1638.6296290435132
2009-06-24,1672.6355616406468
2009-06-25,1702.6892221076607
2009-06-26,1705.0835655353112
2009-06-29,1716.4176126170767
2009-06-30,1712.9142325557018
2009-07-01,1728.7226549628897
2009-07-02,1734.3659028012762
2009-07-03,1741.0966243531232
2009-07-06,1729.580733212186
2009-07-07,1715.8880471151115
2009-07-08,1708.59399879644
2009-07-09,1707.914684827328
2009-07-10,1702.6230034931787
2009-07-13,1675.8689146524534
2009-07-14,1716.2161358324086
2009-07-15,1751.9097356749571
2009-07-16,1761.703232906483
2009-07-17,1780.5267213409493
2009-07-20,1818.6983467486104
2009-07-21,1817.936902496936
2009-07-22,1819.7418997729485
2009-07-23,1847.2095640228258
2009-07-24,1857.7853264537396
2009-07-27,1880.7775152168836
2009-07-28,1893.699387939713
2009-07-29,1863.3370273718144
2009-07-30,1890.8929897115909
2009-07-31,1905.0835640529754
2009-08-03,1916.6200520255454
2009-08-04,1912.3696179228507
2009-08-05,1899.5219443347448
2009-08-06,1896.3256949413903
2009-08-07,1901.6546241877704
2009-08-10,1910.4874824286069
2009-08-11,1896.8680631078428
2009-08-12,1862.9010675850252
2009-08-13,1883.9466294648284
2009-08-14,1875.9339873501383
2009-08-17,1816.6199370297622
2009-08-18,1826.8708170537693
2009-08-19,1792.205694422834
2009-08-20,1828.555799403737
2009-08-21,1841.3198720455725
2009-08-24,1870.6064350693443
2009-08-25,1852.719402069989
2009-08-26,1860.78126343249
2009-08-27,1845.7919186154838
2009-08-28,1829.5964005312887
2009-08-31,1789.031104958042
2009-09-01,1800.9454788454061
2009-09-02,1794.198938348817
2009-09-03,1826.79588400884
2009-09-04,1855.0078665016315
2009-09-07,1865.7439219659527
2009-09-08,1877.6731188092515
2009-09-09,1870.1157109216988
2009-09-10,1881.59943563462
2009-09-11,1895.8964402727242
2009-09-14,1883.8014643254535
2009-09-15,1905.3760243279362
2009-09-16,1923.413855829925
2009-09-17,1933.4777539672546
2009-09-18,1921.9509863161422
2009-09-21,1917.9782648846158
2009-09-22,1912.5952466028828
2009-09-23,1900.2540604169667
2009-09-24,1892.9920379754674
2009-09-25,1892.3971917100362
2009-09-28,1885.3708699516856
2009-09-29,1911.0034555109721
2009-09-30,1906.4600257724087
2009-10-01,1909.1942768601039
2009-10-02,1886.420383385575
2009-10-05,1893.2295002200053
2009-10-06,1910.4072801581547
2009-10-07,1924.0694788596263
2009-10-08,1932.2898330991852
2009-10-09,1960.6686801392761
2009-10-12,1960.229821005595
2009-10-13,1964.0066289388292
2009-10-14,1992.864435949712
2009-10-15,1994.8531594352062
2009-10-16,1987.2656906329405
2009-10-19,2006.3247644733615
2009-10-20,2003.5020531791695
2009-10-21,1988.0628270706352
2009-10-22,1973.3725882960698
2009-10-23,1989.6210784693208
2009-10-26,1997.515128739788
2009-10-27,1970.420218935074
2009-10-28,1927.5929496829074
2009-10-29,1920.0362495828406
2009-10-30,1920.0861756700988
2009-11-02,1918.4778202133095
2009-11-03,1928.0982854946096
2009-11-04,1948.4736354288775
2009-11-05,1949.5967858798351
2009-11-06,1964.5707120255854
2009-11-09,1987.5405066472633
2009-11-10,1999.472596070389
2009-11-11,2011.2284450529976
2009-11-12,2003.6609357831023
2009-11-13,2011.6595898704156
2009-11-16,2044.0850182575355
2009-11-17,2059.9756012897733
2009-11-18,2044.8420030368204
2009-11-19,2039.0262676631846
2009-11-20,2033.9991496097512
2009-11-23,2040.2413037747679
2009-11-24,2023.0993632932573
2009-11-25,2028.6919414076222
2009-11-26,1987.9369563958537
2009-11-27,1950.0928528920367
2009-11-30,1979.5380106404614
2009-12-01,2008.5468657700123
2009-12-02,2029.1347754740868
2009-12-03,2034.2781926833509
2009-12-04,2060.5144291922948
2009-12-07,2067.75044109078
2009-12-08,2057.7693868268893
2009-12-09,2037.598480840408
2009-12-10,2048.2526529497
2009-12-11,2074.5640191001676
2009-12-14,2084.45917551218
2009-12-15,2088.319556580835
2009-12-16,2079.656093015552
2009-12-17,2071.139611828795
2009-12-18,2061.713054264802
2009-12-21,2051.07280995221
2009-12-22,2065.4534962711023
2009-12-23,2073.206625451902
2009-12-24,2098.290078812983
2009-12-25,2097.878615879933
2009-12-28,2111.079619300535
2009-12-29,2110.0802652373027
2009-12-30,2131.787602980101
2009-12-31,2142.3575910855716
2010-01-01,2142.3575910855716
2010-01-04,2151.0625741292665
2010-01-05,2175.8838980334526
2010-01-06,2189.208566005241
2010-01-07,2177.526366982631
2010-01-08,2182.6095466396405
2010-01-11,2169.889737809769
2010-01-12,2165.6468695918493
2010-01-13,2143.0439688647007
2010-01-14,2156.6153233766145
2010-01-15,2170.2667060186104
2010-01-18,2173.9673166503376
2010-01-19,2191.506456186885
2010-01-20,2174.952218838315
2010-01-21,2157.2929436988215
2010-01-22,2109.3689795065825
2010-01-25,2091.442293916905
2010-01-26,2058.1593770778163
2010-01-27,2039.301469319617
2010-01-28,2073.495814370253
2010-01-29,2071.3519905314324
2010-02-01,2067.2573974415163
2010-02-02,2069.2196612834437
2010-02-03,2105.597111835034
2010-02-04,2078.405823561847
2010-02-05,2034.5403027354982
2010-02-08,2023.0370058896463
2010-02-09,2046.3699462410402
2010-02-10,2064.242747402729
2010-02-11,2098.1132047505957
2010-02-12,2099.7183247496764
2010-02-15,2107.4158420468184
2010-02-16,2105.313643568291
2010-02-17,2135.715289859423
2010-02-18,2136.5188595994396
2010-02-19,2136.389582212648
2010-02-22,2140.7710033315416
2010-02-23,2135.093148875587
2010-02-24,2122.9390105233038
2010-02-25,2123.432967983933
2010-02-26,2126.824972815148
2010-03-01,2180.734389000051
2010-03-02,2187.982995710816
2010-03-03,2183.1195615869274
2010-03-04,2175.7691428554676
2010-03-05,2201.731947284379
2010-03-08,2218.5571170319427
2010-03-09,2232.5605173149866
2010-03-10,2228.8334912121895
2010-03-11,2219.853053624829
2010-03-12,2206.1171529152916
2010-03-15,2199.6377205259805
2010-03-16,2200.4800958110354
2010-03-17,2238.6754969509752
2010-03-18,2252.9860932137904
2010-03-19,2262.1779893788107
2010-03-22,2248.3626077016493
2010-03-23,2252.4303212722107
2010-03-24,2279.9546811263613
2010-03-25,2271.0372179067654
2010-03-26,2273.517949029912
2010-03-29,2290.742640063118
2010-03-30,2310.8495835423264
2010-03-31,2291.913279840205
2010-04-01,2328.537650636425
2010-04-02,2332.7760012514736
2010-04-05,2353.0618720104185
2010-04-06,2379.219967519114
2010-04-07,2391.3188316218016
2010-04-08,2372.4694825357046
2010-04-09,2375.659642347993
2010-04-12,2340.152815206402
2010-04-13,2338.3734528244113
2010-04-14,2352.443545726858
2010-04-15,2363.3219601022674
2010-04-16,2341.0324811939927
2010-04-19,2287.8201894519743
2010-04-20,2310.5935791044367
2010-04-21,2338.760635736161
2010-04-22,2339.671947563466
2010-04-23,2334.513228872393
2010-04-26,2359.856053420681
2010-04-27,2324.922492998093
2010-04-28,2314.885258763262
2010-04-29,2318.621304793379
2010-04-30,2321.0052224133533
2010-05-03,2321.0041077200967
2010-05-04,2306.6605881404594
2010-05-05,2300.716543594215
2010-05-06,2268.737600724365
2010-05-07,2228.6136438411627
2010-05-10,2275.8349261427416
2010-05-11,2278.9199162136806
2010-05-12,2299.9981604650425
2010-05-13,2346.0856066313686
2010-05-14,2339.328829224139
2010-05-17,2293.6593329152324
2010-05-18,2294.5126247874723
2010-05-19,2242.317665734396
2010-05-20,2180.5697790461923
2010-05-21,2156.6443045233254
2010-05-24,2213.6206605712114
2010-05-25,2156.756630721314
2010-05-26,2218.111358727844
2010-05-27,2260.1024899125628
2010-05-28,2272.7760599058656
2010-05-31,2290.7323663412303
2010-06-01,2243.6408057005337
2010-06-02,2265.4353763318554
2010-06-03,2294.309441294549
2010-06-04,2305.865934266749
2010-06-07,2270.8950922876807
2010-06-08,2272.006944790194
2010-06-09,2272.958645745962
2010-06-10,2283.8557224082715
2010-06-11,2307.400221565633
2010-06-14,2299.1300672245056
2010-06-15,2308.382637355796
2010-06-16,2318.08014591853
2010-06-17,2315.243354084879
2010-06-18,2312.948668248856
2010-06-21,2378.029693265518
2010-06-22,2375.266606719263
2010-06-23,2365.246100290965
2010-06-24,2335.5207666014544
2010-06-25,2327.2972810473184
2010-06-28,2323.7030689604994
2010-06-29,2278.6650424510217
2010-06-30,2248.909466389339
2010-07-01,2188.681680842337
2010-07-02,2172.4289425238194
2010-07-05,2180.716095986063
2010-07-06,2203.8228708065462
2010-07-07,2209.7900690427136
2010-07-08,2221.820929027313
2010-07-09,2263.1673268004647
2010-07-12,2277.9904802539695
2010-07-13,2265.7119026748674
2010-07-14,2266.2726908141085
2010-07-15,2222.165412029624
2010-07-16,2198.1922716366485
2010-07-19,2198.1241515453307
2010-07-20,2238.8593370759863
2010-07-21,2272.497777827555
2010-07-22,2278.788866288227
2010-07-23,2311.6249593837774
2010-07-26,2302.0666091930366
2010-07-27,2302.382837299771
2010-07-28,2308.3960486743877
2010-07-29,2303.2958991239693
2010-07-30,2307.809084395564
2010-08-02,2328.3860632440774
2010-08-03,2308.8125092926584
2010-08-04,2328.325103417069
2010-08-05,2324.3504912624744
2010-08-06,2307.0501295741497
2010-08-09,2328.491983885443
2010-08-10,2315.9894268598014
2010-08-11,2316.2724686231886
2010-08-12,2309.3638515242465
2010-08-13,2338.7699425338064
2010-08-16,2342.3368726339195
2010-08-17,2358.583936126866
2010-08-18,2361.4684241944915
2010-08-19,2361.8853765783315
2010-08-20,2374.2842651844358
2010-08-23,2376.1746805400994
2010-08-24,2350.1940831085126
2010-08-25,2329.043134386981
2010-08-26,2316.8069517537197
2010-08-27,2329.986599659605
2010-08-30,2349.8606077472455
2010-08-31,2340.6634673254734
2010-09-01,2354.426760036347
2010-09-02,2370.5122054980216
2010-09-03,2381.3458605980227
2010-09-06,2401.3516496797724
2010-09-07,2420.835849225068
2010-09-08,2415.254333902354
2010-09-09,2418.7550468353925
2010-09-10,2431.5618741413073
2010-09-13,2451.024537032024
2010-09-14,2436.2350124648533
2010-09-15,2423.646951061456
2010-09-16,2389.144353620888
2010-09-17,2409.5427999237468
2010-09-20,2415.945282873368
2010-09-21,2408.007301250784
2010-09-22,2365.245461580448
2010-09-23,2377.8391644750272
2010-09-24,2363.7353137446626
2010-09-27,2389.6507085307444
2010-09-28,2373.0238682344525
2010-09-29,2378.150669510344
2010-09-30,2386.8301675348016
2010-10-01,2389.331392656755
2010-10-04,2409.112411375016
2010-10-05,2392.433449944755
2010-10-06,2401.3529857550393
2010-10-07,2385.670576795361
2010-10-08,2400.5739449299276
2010-10-11,2429.1660140793088
2010-10-12,2428.616402352704
2010-10-13,2445.7481493236482
2010-10-14,2439.32045947173
2010-10-15,2455.34007904482
2010-10-18,2443.4617456989527
2010-10-19,2459.8674273119314
2010-10-20,2437.437963980276
2010-10-21,2438.9313899653484
2010-10-22,2451.7392597111107
2010-10-25,2474.559994972257
2010-10-26,2495.1343259852965
2010-10-27,2470.235545942952
2010-10-28,2454.33861958884
2010-10-29,2460.4215120823696
2010-11-01,2502.012184400318
2010-11-02,2482.279658511155
2010-11-03,2492.423443383851
2010-11-04,2498.372458417227
2010-11-05,2548.023183593949
2010-11-08,2573.2891729027174
2010-11-09,2573.0055488121156
2010-11-10,2599.790742397712
2010-11-11,2590.0663993477997
2010-11-12,2518.7269323920905
2010-11-15,2533.289128831022
2010-11-16,2493.774688688183
2010-11-17,2470.3308688837387
2010-11-18,2498.1830768837895
2010-11-19,2496.0850808658074
2010-11-22,2509.561001103556
2010-11-23,2489.0019686525325
2010-11-24,2520.0792028527508
2010-11-25,2535.105093021354
2010-11-26,2526.1165243938826
2010-11-29,2550.7773687361446
2010-11-30,2545.4315631759155
2010-12-01,2577.29384872808
2010-12-02,2589.8292463572698
2010-12-03,2562.2015880384433
2010-12-06,2589.451571057714
2010-12-07,2592.335336320719
2010-12-08,2584.6241691532564
2010-12-09,2586.4141249738395
2010-12-10,2581.0760515812103
2010-12-13,2578.1348701671855
2010-12-14,2593.3033121533467
2010-12-15,2585.008568074567
2010-12-16,2592.6831064954868
2010-12-17,2608.568049244311
2010-12-20,2601.4088118437053
2010-12-21,2630.711129710791
2010-12-22,2638.3454998959796
2010-12-23,2641.190491677416
2010-12-24,2625.3740601777486
2010-12-27,2604.245865935841
2010-12-28,2600.7557397376286
2010-12-29,2625.160122312576
2010-12-30,2615.3387679241614
2010-12-31,2611.088282209811
2011-01-03,2644.1178242139194
2011-01-04,2663.3055809492184
2011-01-05,2688.2820622103213
2011-01-06,2696.051552764265
2011-01-07,2692.372629332172
2011-01-10,2668.933065992004
2011-01-11,2686.107318810653
2011-01-12,2701.15948718618
2011-01-13,2645.690774213328
2011-01-14,2627.3942369495694
2011-01-17,2612.777150757278
2011-01-18,2602.5078271466223
2011-01-19,2597.9187148051005
2011-01-20,2563.7979461181967
2011-01-21,2524.9255009324816
2011-01-24,2502.364174244403
2011-01-25,2498.469100198695
2011-01-26,2513.721770644048
2011-01-27,2513.0139199163395
2011-01-28,2506.6998615225693
2011-01-31,2483.446098654751
2011-02-01,2491.069262833202
2011-02-02,2496.1874767908052
2011-02-03,2524.8080013282247
2011-02-04,2532.9511906092685
2011-02-07,2532.4928898808776
2011-02-08,2506.2044977305595
2011-02-09,2464.909476989105
2011-02-10,2457.5098484666996
2011-02-11,2472.9713370386867
2011-02-14,2529.5527434833657
2011-02-15,2517.4260893585706
2011-02-16,2530.5032394149052
2011-02-17,2525.848042275591
2011-02-18,2529.4270226242984
2011-02-21,2528.8574082451205
2011-02-22,2475.556336601039
2011-02-23,2456.528853869265
2011-02-24,2438.0915909099467
2011-02-25,2468.8082378299478
2011-02-28,2478.836476574779
2011-03-01,2486.2205970928635
2011-03-02,2477.3972612789835
2011-03-03,2487.113727659975
2011-03-04,2505.1020018548843
2011-03-07,2498.9302140535997
2011-03-08,2526.7226807251077
2011-03-09,2522.871165809162
2011-03-10,2501.387277774357
2011-03-11,2477.5028157098795
2011-03-14,2472.0787250532658
2011-03-15,2422.3213663872752
2011-03-16,2444.0936828236727
2011-03-17,2409.625984892294
2011-03-18,2405.2071989275128
2011-03-21,2416.0543530346004
2011-03-22,2431.183979583991
2011-03-23,2458.7407346945934
2011-03-24,2463.050884853727
2011-03-25,2495.1350658595497
2011-03-28,2491.380037792048
2011-03-29,2499.8025858622304
2011-03-30,2524.2395338090223
2011-03-31,2522.2962718825806
2011-04-01,2562.407112955948
2011-04-04,2560.9943837237474
2011-04-05,2569.2007836802777
2011-04-06,2562.946958830358
2011-04-07,2573.598931106391
2011-04-08,2559.7347966921106
2011-04-11,2543.8464599075755
2011-04-12,2496.9907426095356
2011-04-13,2515.8791323757373
2011-04-14,2516.815454902139
2011-04-15,2523.7172815826266
2011-04-18,2528.9392551173237
2011-04-19,2508.7126036454156
2011-04-20,2525.0284997256267
2011-04-21,2537.061126180905
2011-04-22,2534.7200599852713
2011-04-25,2524.5456220140522
2011-04-26,2508.4133555765807
2011-04-27,2501.8008587519757
2011-04-28,2460.4724325373854
2011-04-29,2470.497857342569
2011-05-02,2466.3635117577087
2011-05-03,2444.3429325453253
2011-05-04,2401.8474634217014
2011-05-05,2430.960133401793
2011-05-06,2452.1590888143714
2011-05-09,2493.1527626950724
2011-05-10,2489.5661259526705
2011-05-11,2497.7347150494743
2011-05-12,2476.8782258914944
2011-05-13,2475.460504754293
2011-05-16,2452.2294079851085
2011-05-17,2460.0452970131364
2011-05-18,2465.4363876447674
2011-05-19,2459.3104191132334
2011-05-20,2477.8211729872587
2011-05-23,2436.9521174308366
2011-05-24,2443.1676037547295
2011-05-25,2432.338077862613
2011-05-26,2451.874886692925
2011-05-27,2444.47776327063
2011-05-30,2441.493901202195
2011-05-31,2465.8891910229945
2011-06-01,2457.0473595337317
2011-06-02,2435.0499439322466
2011-06-03,2414.1785759174945
2011-06-06,2397.2717017990344
2011-06-07,2394.1197758788376
2011-06-08,2395.956261523853
2011-06-09,2398.441813272082
2011-06-10,2401.7327313605883
2011-06-13,2390.6989445856407
2011-06-14,2397.497629845837
2011-06-15,2413.022486143215
2011-06-16,2396.653079140702
2011-06-17,2358.0697830407094
2011-06-20,2344.4752573011597
2011-06-21,2366.1311499777867
2011-06-22,2361.8115073224485
2011-06-23,2398.215090358007
2011-06-24,2424.6038418590074
2011-06-27,2401.653348721734
2011-06-28,2404.6575755476883
2011-06-29,2414.6483735477664
2011-06-30,2427.559797855783
2011-07-01,2449.6974521933103
2011-07-04,2478.202804655105
2011-07-05,2481.480261356904
2011-07-06,2499.783562482324
2011-07-07,2499.8368349051234
2011-07-08,2513.546813825322
2011-07-11,2526.364108534623
2011-07-12,2480.079674828573
2011-07-13,2487.3832646611877
2011-07-14,2487.1207876675944
2011-07-15,2495.076608121771
2011-07-18,2488.5505734983926
2011-07-19,2467.575972401727
2011-07-20,2480.3355646742903
2011-07-21,2455.5961120272796
2011-07-22,2477.1869123783827
2011-07-25,2457.3802501783844
2011-07-26,2448.543438720997
2011-07-27,2457.382594932191
2011-07-28,2462.834825805031
2011-07-29,2435.996677166711
2011-08-01,2483.7927452114986
2011-08-02,2441.046722101277
2011-08-03,2386.997160509502
2011-08-04,2359.1990315746925
2011-08-05,2287.530810883236
2011-08-08,2181.7630705917336
2011-08-09,2139.7434100049445
2011-08-10,2172.7894957709955
2011-08-11,2184.4553374297675
2011-08-12,2195.9741855948973
2011-08-15,2208.3794921284257
2011-08-16,2222.711740901732
2011-08-17,2222.2216237163398
2011-08-18,2184.4141847678306
2011-08-19,2120.7969836910033
2011-08-22,2114.0984945916443
2011-08-23,2153.970437013785
2011-08-24,2137.3946327375234
2011-08-25,2150.3262421786167
2011-08-26,2154.392672000493
2011-08-29,2171.6593508236733
2011-08-30,2200.56655303289
2011-08-31,2238.739430071162
2011-09-01,2267.764745446549
2011-09-02,2241.2265947367127
2011-09-05,2190.0283817984473
2011-09-06,2195.6723671061063
2011-09-07,2243.2025860310487
2011-09-08,2252.6485599220186
2011-09-09,2260.3915495681917
2011-09-12,2237.4290921222273
2011-09-13,2209.454102931982
2011-09-14,2191.971889925571
2011-09-15,2184.010045549294
2011-09-16,2219.288797341185
2011-09-19,2188.0533957266775
2011-09-20,2177.6103113253776
2011-09-21,2174.261884575777
2011-09-22,2086.28705971629
2011-09-23,2039.7189326768803
2011-09-26,2018.2829227226764
2011-09-27,2074.9092467591377
2011-09-28,2070.9763791848436
2011-09-29,2063.4875385768073
2011-09-30,2072.744687231519
2011-10-03,2042.5118044859512
2011-10-04,2002.4435515735204
2011-10-05,2007.6837539929613
2011-10-06,2044.8296947346737
2011-10-07,2068.0417873021684
2011-10-10,2068.9278917403894
2011-10-11,2089.037248918249
2011-10-12,2105.913648087905
2011-10-13,2135.3302020155293
2011-10-14,2118.400405351884
2011-10-17,2147.3461769196256
2011-10-18,2117.737657015988
2011-10-19,2112.0916328503686
2011-10-20,2070.884345940582
2011-10-21,2060.1985602133905
2011-10-24,2125.841992798898
2011-10-25,2143.236722888951
2011-10-26,2170.5633222141246
2011-10-27,2180.484108452046
2011-10-28,2212.861689462497
2011-10-31,2222.1507664674696
2011-11-01,2217.6194708037756
2011-11-02,2220.1337766881225
2011-11-03,2225.351356163575
2011-11-04,2255.3523678023184
2011-11-07,2253.13903574215
2011-11-08,2242.2697164511055
2011-11-09,2264.722751964936
2011-11-10,2208.033116567882
2011-11-11,2215.0522746553315
2011-11-14,2251.3784544683886
2011-11-15,2256.194733641026
2011-11-16,2225.799198165415
2011-11-17,2211.9002165059837
2011-11-18,2166.7602315408085
2011-11-21,2130.9062319038203
2011-11-22,2125.4493118388555
2011-11-23,2099.922858103355
2011-11-24,2110.0790561431163
2011-11-25,2094.746492938992
2011-11-28,2128.2955113143075
2011-11-29,2151.314497244954
2011-11-30,2150.3486571923904
2011-12-01,2217.1570181946176
2011-12-02,2221.602151452042
2011-12-05,2217.2958547215803
2011-12-06,2207.0434989839
2011-12-07,2218.4896238349747
2011-12-08,2209.2041313473305
2011-12-09,2171.5072499635803
2011-12-12,2174.3899323158503
2011-12-13,2170.1735456089395
2011-12-14,2163.080462745121
2011-12-15,2131.415943690964
2011-12-16,2148.117643409609
2011-12-19,2123.676799873122
2011-12-20,2130.126084340955
2011-12-21,2163.461579467585
2011-12-22,2166.3928515553253
2011-12-23,2189.6754026570084
2011-12-26,2185.901512624349
2011-12-27,2169.9408271472307
2011-12-28,2168.50098210778
2011-12-29,2176.816206053979
2011-12-30,2177.876890290635
2012-01-02,2179.2792102046924
2012-01-03,2211.5058409866165
2012-01-04,2223.116468730207
2012-01-05,2226.789292518391
2012-01-06,2231.8287413940225
2012-01-09,2248.976344070638
2012-01-10,2291.3270366999877
2012-01-11,2305.8869262906906
2012-01-12,2295.2006708751073
2012-01-13,2309.9486987960886
2012-01-16,2296.4357445602636
2012-01-17,2345.7756869743775
2012-01-18,2341.133105006933
2012-01-19,2354.882146029873
2012-01-20,2361.7792635650453
2012-01-23,2347.4835668579117
2012-01-24,2355.587651486327
2012-01-25,2360.9420859676084
2012-01-26,2357.297626545989
2012-01-27,2364.9012828380623
2012-01-30,2342.3400472538747
2012-01-31,2374.2973678736125
2012-02-01,2369.7410413691086
2012-02-02,2410.8577790161203
2012-02-03,2432.3675911730234
2012-02-06,2438.416603231992
2012-02-07,2403.6792611433348
2012-02-08,2436.872906968281
2012-02-09,2430.3067439887473
2012-02-10,2415.0901591049574
2012-02-13,2431.582763144391
2012-02-14,2434.4115930432845
2012-02-15,2473.647617236648
2012-02-16,2458.4182806928616
2012-02-17,2461.169726782372
2012-02-20,2450.0860865644636
2012-02-21,2451.0225061613255
2012-02-22,2462.1754451504967
2012-02-23,2440.1287578872743
2012-02-24,2435.5316444808004
2012-02-27,2428.574293828129
2012-02-28,2447.0218359850173
2012-02-29,2471.1170457560947
2012-03-01,2474.0224825068167
2012-03-02,2512.947499371971
2012-03-05,2477.199928830453
2012-03-06,2446.3324459677747
2012-03-07,2435.47734239175
2012-03-08,2441.193783044855
2012-03-09,2489.7907621535533
2012-03-12,2466.1756460779284
2012-03-13,2507.289447971481
2012-03-14,2509.0776016703753
2012-03-15,2494.454013772987
2012-03-16,2479.773494719888
2012-03-19,2464.490244441193
2012-03-20,2438.8733892384
2012-03-21,2441.1387243575105
2012-03-22,2427.548855357907
2012-03-23,2411.1661029011934
2012-03-26,2405.0909885990372
2012-03-27,2425.603427085879
2012-03-28,2396.502418352704
2012-03-29,2371.623671754465
2012-03-30,2383.081098390517
2012-04-02,2397.985178642182
2012-04-03,2406.1099052093773
2012-04-04,2411.77048005147
2012-04-05,2431.565427650245
2012-04-06,2431.90412779826
2012-04-09,2406.603523308054
2012-04-10,2389.1343763260666
2012-04-11,2382.9971793302693
2012-04-12,2398.8007162091235
2012-04-13,2423.149274310716
2012-04-16,2412.4957148051094
2012-04-17,2393.692377763352
2012-04-18,2414.002118260334
2012-04-19,2409.4723565505446
2012-04-20,2398.7484246330764
2012-04-23,2384.2635119814913
2012-04-24,2375.491606713308
2012-04-25,2384.378319346113
2012-04-26,2384.653983156111
2012-04-27,2384.6793757545747
2012-04-30,2402.0279087150166
2012-05-01,2403.060211849473
2012-05-02,2434.807665013063
2012-05-03,2426.0325718337476
2012-05-04,2415.65932342382
2012-05-07,2407.470518382742
2012-05-08,2398.2207203947596
2012-05-09,2372.6758046028917
2012-05-10,2373.154300169165
2012-05-11,2354.528964207365
2012-05-14,2333.743170103706
2012-05-15,2335.9567233038993
2012-05-16,2291.7602600072223
2012-05-17,2297.62632549305
2012-05-18,2259.993401129191
2012-05-21,2268.4279046652673
2012-05-22,2289.802471558632
2012-05-23,2274.7677880429596
2012-05-24,2280.913275024215
2012-05-25,2290.1259530969223
2012-05-28,2307.631370516248
2012-05-29,2339.587987686368
2012-05-30,2337.358206930045
2012-05-31,2338.130500787106
2012-06-01,2313.4432962192627
2012-06-04,2252.815052108439
2012-06-05,2266.5956186488183
2012-06-06,2295.198569979606
2012-06-07,2302.6592825580005
2012-06-08,2300.916560264214
2012-06-11,2319.834875991223
2012-06-12,2323.7304333079164
2012-06-13,2323.127213533216
2012-06-14,2305.3227361951526
2012-06-15,2325.1884185199333
2012-06-18,2355.1225987369644
2012-06-19,2352.648652022142
2012-06-20,2355.8478522810724
2012-06-21,2334.8661435923195
2012-06-22,2317.5051151542916
2012-06-25,2291.214061327977
2012-06-26,2299.0409728634777
2012-06-27,2313.9373177172292
2012-06-28,2302.6951173619796
2012-06-29,2323.0589374521583
2012-07-02,2353.0475601813405
2012-07-03,2380.514047739754
2012-07-04,2398.8250138803314
2012-07-05,2414.9665104349024
2012-07-06,2418.307281180769
2012-07-09,2388.153851390556
2012-07-10,2391.7807704892552
2012-07-11,2393.1420082456502
2012-07-12,2372.7655300642837
2012-07-13,2386.0318557136757
2012-07-16,2377.699952873455
2012-07-17,2399.9302413618097
2012-07-18,2385.8248858600264
2012-07-19,2410.2714282085303
2012-07-20,2415.319083287683
2012-07-23,2367.2428897106215
2012-07-24,2369.4694071627973
2012-07-25,2350.841355984915
2012-07-26,2337.44966561218
2012-07-27,2376.4274063672333
2012-07-30,2412.956462638477
2012-07-31,2405.560548605086
2012-08-01,2418.158432887957
2012-08-02,2422.2108062505918
2012-08-03,2407.122791922406
2012-08-06,2429.9475776884356
2012-08-07,2431.2628574576984
2012-08-08,2449.8246616552196
2012-08-09,2482.3869714306948
2012-08-10,2479.427595309469
2012-08-13,2449.2523133700183
2012-08-14,2466.7254292151974
2012-08-15,2463.4260881487353
2012-08-16,2448.142110216096
2012-08-17,2451.040221003854
2012-08-20,2437.1063859908777
2012-08-21,2425.7799928887716
2012-08-22,2412.9945589611193
2012-08-23,2401.643788199813
2012-08-24,2391.2667402607685
2012-08-27,2372.938232420429
2012-08-28,2357.4437892071332
2012-08-29,2352.887246421516
2012-08-30,2339.4710125070774
2012-08-31,2324.714493763072
2012-09-03,2345.985934776751
2012-09-04,2334.0540401681337
2012-09-05,2310.5476842503035
2012-09-06,2331.7132228873224
2012-09-07,2355.588547115858
2012-09-10,2363.485867684535
2012-09-11,2356.3474705045865
2012-09-12,2361.828199177033
2012-09-13,2360.9991086940286
2012-09-14,2383.9321218850846
2012-09-17,2372.693637538819
2012-09-18,2372.235306703128
2012-09-19,2380.0016135182573
2012-09-20,2368.4668281868967
2012-09-21,2378.2828309731344
2012-09-24,2390.3486409173925
2012-09-25,2375.79956306776
2012-09-26,2370.5652394588687
2012-09-27,2393.966664656175
2012-09-28,2410.6175232556157
2012-10-01,2408.3067751693816
2012-10-02,2405.0024735590277
2012-10-03,2403.8787923257414
2012-10-04,2390.687312972101
2012-10-05,2387.763359273341
2012-10-08,2378.9040949794135
2012-10-09,2399.041650002679
2012-10-10,2390.7417223505445
2012-10-11,2387.0094886718875
2012-10-12,2384.609552206734
2012-10-15,2385.405075562219
2012-10-16,2386.77383480323
2012-10-17,2385.7255091954917
2012-10-18,2402.843287026847
2012-10-19,2398.8493128354776
2012-10-22,2395.5765011169333
2012-10-23,2389.769234008649
2012-10-24,2383.5868613618636
2012-10-25,2391.6688207161806
2012-10-26,2371.7271397917034
2012-10-29,2374.11321322766
2012-10-30,2367.3720058672297
2012-10-31,2378.104029183445
2012-11-01,2398.3309288927
2012-11-02,2427.3221118490387
2012-11-05,2429.863282148304
2012-11-06,2435.5017367780197
2012-11-07,2446.2458284393847
2012-11-08,2419.218591078364
2012-11-09,2412.8442509348706
2012-11-12,2412.1969443022526
2012-11-13,2391.2437866983573
2012-11-14,2386.7864736429187
2012-11-15,2356.190049266556
2012-11-16,2360.0836231817752
2012-11-19,2356.027331487427
2012-11-20,2359.8284055395284
2012-11-21,2364.9077419558093
2012-11-22,2359.0657676524056
2012-11-23,2368.4385371562753
2012-11-26,2362.659498322211
2012-11-27,2365.7522998078975
2012-11-28,2354.4280652607813
2012-11-29,2364.19965912355
2012-11-30,2370.2667735368505
2012-12-03,2354.631761166949
2012-12-04,2354.4288563057157
2012-12-05,2391.064264805659
2012-12-06,2412.9359972459406
2012-12-07,2436.8918222479238
2012-12-10,2451.017073220251
2012-12-11,2445.8718477580146
2012-12-12,2452.788009866893
2012-12-13,2443.004547834806
2012-12-14,2457.976854387755
2012-12-17,2445.233553767046
2012-12-18,2448.025298039408
2012-12-19,2453.7682642600525
2012-12-20,2459.491006388999
2012-12-21,2450.530505907898
2012-12-24,2449.54406769066
2012-12-25,2464.0782774650006
2012-12-26,2464.6470787860317
2012-12-27,2467.818162333251
2012-12-28,2485.35708681065
2012-12-31,2499.8308680321757
2013-01-01,2500.9335052340825
2013-01-02,2534.055618630888
2013-01-03,2570.83761984557
2013-01-04,2571.5115872384877
2013-01-07,2559.266020167942
2013-01-08,2553.689580029333
2013-01-09,2564.668843741599
2013-01-10,2540.467429827117
2013-01-11,2499.613305054711
2013-01-14,2526.29879098192
2013-01-15,2520.204312275201
2013-01-16,2522.7152859097187
2013-01-17,2510.5397400406514
2013-01-18,2545.2221054349575
2013-01-21,2538.012885782705
2013-01-22,2542.6839343253964
2013-01-23,2540.701323697953
2013-01-24,2509.8371478623035
2013-01-25,2483.17713596504
2013-01-28,2485.2876062403825
2013-01-29,2501.165848292392
2013-01-30,2483.8117596989796
2013-01-31,2483.9540552577987
2013-02-01,2476.7806376280455
2013-02-04,2501.4999474491538
2013-02-05,2501.856897825002
2013-02-06,2493.5735987510216
2013-02-07,2511.1921917706904
2013-02-08,2518.300106823268
2013-02-11,2514.5178817784167
2013-02-12,2499.7499112366227
2013-02-13,2516.1805031025574
2013-02-14,2535.9554131041928
2013-02-15,2535.582808738553
2013-02-18,2525.9943805771745
2013-02-19,2515.1341714008245
2013-02-20,2525.7476929880418
2013-02-21,2509.1363996280706
2013-02-22,2519.461900216563
2013-02-25,2513.4366187399196
2013-02-26,2511.417781253666
2013-02-27,2516.199076611947
2013-02-28,2552.6479629351147
2013-03-01,2567.4033632865794
2013-03-04,2518.184845105865
2013-03-05,2545.1939100334425
2013-03-06,2575.762831048162
2013-03-07,2550.1138790517484
2013-03-08,2583.6106229100446
2013-03-11,2570.1329967309957
2013-03-12,2550.2044791130816
2013-03-13,2542.6217120302235
2013-03-14,2535.071220441144
2013-03-15,2509.0203034139963
2013-03-18,2499.072885600908
2013-03-19,2506.0241644874063
2013-03-20,2511.2136608638625
2013-03-21,2509.467113505952
2013-03-22,2483.9113414049566
2013-03-25,2518.831137152274
2013-03-26,2530.346420588353
2013-03-27,2553.8701583572447
2013-03-28,2528.5320353899524
2013-03-29,2532.392740598266
2013-04-01,2524.6385759629984
2013-04-02,2521.046685750715
2013-04-03,2510.0044573541286
2013-04-04,2493.020100683053
2013-04-05,2443.3426129252416
2013-04-08,2441.1112525805374
2013-04-09,2454.4164409803307
2013-04-10,2466.2102825483744
2013-04-11,2466.2170180467488
2013-04-12,2450.853212661901
2013-04-15,2417.10181101752
2013-04-16,2423.8803157579464
2013-04-17,2427.0664780569787
2013-04-18,2412.8780557928962
2013-04-19,2452.5307958265735
2013-04-22,2463.552286972647
2013-04-23,2448.4871292110906
2013-04-24,2476.327652955059
2013-04-25,2488.9779619336896
2013-04-26,2471.3779979829587
2013-04-29,2467.8582181993206
2013-04-30,2476.7327747440663
2013-05-01,2472.431974554158
2013-05-02,2495.6144900459235
2013-05-03,2505.056605208931
2013-05-06,2529.8817541896206
2013-05-07,2539.5648864288714
2013-05-08,2542.9839968718916
2013-05-09,2555.7960591958745
2013-05-10,2562.1415102691594
2013-05-13,2541.048407139124
2013-05-14,2545.834864431103
2013-05-15,2571.779256185983
2013-05-16,2569.0124739842854
2013-05-17,2594.3684855500087
2013-05-20,2596.921890203731
2013-05-21,2595.890156257051
2013-05-22,2595.561841469607
2013-05-23,2539.924220921849
2013-05-24,2539.570347047446
2013-05-27,2543.532202722089
2013-05-28,2572.0558450306157
2013-05-29,2529.5656548118855
2013-05-30,2503.591632163705
2013-05-31,2502.7981023080106
2013-06-03,2468.522395914666
2013-06-04,2465.8479607102026
2013-06-05,2437.808723030376
2013-06-06,2398.8322070765253
2013-06-07,2378.940580599453
2013-06-10,2368.7646562583923
2013-06-11,2318.2655564854035
2013-06-12,2307.539577027382
2013-06-13,2280.7575764904564
2013-06-14,2298.055772566084
2013-06-17,2303.6988842405153
2013-06-18,2291.519794088037
2013-06-19,2274.029866493175
2013-06-20,2223.542182236975
2013-06-21,2213.497658268301
2013-06-24,2159.0749092139163
2013-06-25,2166.3131104047793
2013-06-26,2213.248060482528
2013-06-27,2247.0273906310244
2013-06-28,2297.4767179001738
2013-07-01,2298.3567418719476
2013-07-02,2281.426572260874
2013-07-03,2251.2968748188036
2013-07-04,2285.520624950185
2013-07-05,2290.5770718761146
2013-07-08,2250.038879706054
2013-07-09,2278.1550130388723
2013-07-10,2282.974607893758
2013-07-11,2323.998224414275
2013-07-12,2318.3229619093745
2013-07-15,2339.612625466053
2013-07-16,2328.1546462162055
2013-07-17,2342.863537546968
2013-07-18,2333.483914032538
2013-07-19,2301.446890833438
2013-07-22,2302.457026481703
2013-07-23,2339.6802786868006
2013-07-24,2329.914893298255
2013-07-25,2319.23410403342
2013-07-26,2310.6488109654974
2013-07-29,2288.6112686950596
2013-07-30,2290.484751574988
2013-07-31,2274.9664920070386
2013-08-01,2305.8193642298475
2013-08-02,2300.4277010124456
2013-08-05,2316.1589083820445
2013-08-06,2287.6791643697275
2013-08-07,2267.2420326165156
2013-08-08,2272.6447024847207
2013-08-09,2289.9158402193234
2013-08-12,2323.995156624825
2013-08-13,2351.6515958726463
2013-08-14,2348.7401562725017
2013-08-15,2332.026392952178
2013-08-16,2309.2731387419763
2013-08-19,2285.0874338417084
2013-08-20,2244.0277571060974
2013-08-21,2236.7718614457503
2013-08-22,2238.1997646913774
2013-08-23,2246.675761854716
2013-08-26,2260.511183552151
2013-08-27,2224.9348750265467
2013-08-28,2220.623329608475
2013-08-29,2260.478608273167
2013-08-30,2283.313845948152
2013-09-02,2301.8867223265006
2013-09-03,2305.186890690956
2013-09-04,2305.6983623244673
2013-09-05,2339.064193652288
2013-09-06,2351.753766015077
2013-09-09,2385.1383549565808
2013-09-10,2424.295793936692
2013-09-11,2419.875738430818
2013-09-12,2419.5227674300677
2013-09-13,2418.5825384827967
2013-09-16,2429.543755559455
2013-09-17,2422.152309935692
2013-09-18,2421.361635887541
2013-09-19,2428.4205420105445
2013-09-20,2416.2060117940787
2013-09-23,2433.043559030327
2013-09-24,2417.938227273405
2013-09-25,2406.83411916648
2013-09-26,2394.4618909961
2013-09-27,2379.8400763507248
2013-09-30,2359.722873563984
2013-10-01,2378.9740958370407
2013-10-02,2370.5400723868606
2013-10-03,2379.0729230527886
2013-10-04,2389.1365478334087
2013-10-07,2387.571830676082
2013-10-08,2397.6966297598588
2013-10-09,2408.4823104660913
2013-10-10,2419.9518527657165
2013-10-11,2437.545858086215
2013-10-14,2434.513656689975
2013-10-15,2463.0166951618726
2013-10-16,2458.8052738863935
2013-10-17,2431.7838572679716
2013-10-18,2444.548454107364
2013-10-21,2458.375732061865
2013-10-22,2439.6801491564715
2013-10-23,2411.771663472683
2013-10-24,2399.8979274305602
2013-10-25,2388.1836256334536
2013-10-28,2402.5968236077574
2013-10-29,2408.796694659268
2013-10-30,2426.259927804026
2013-10-31,2435.3514721979554
2013-11-01,2443.589315485604
2013-11-04,2437.694897873704
2013-11-05,2424.8406631735456
2013-11-06,2410.070278070934
2013-11-07,2421.684542266469
2013-11-08,2392.3315647271356
2013-11-11,2378.850240112391
2013-11-12,2375.287514306876
2013-11-13,2349.0892941010416
2013-11-14,2366.4230089876796
2013-11-15,2398.2758337578957
2013-11-18,2442.220816342418
2013-11-19,2438.3635064892574
2013-11-20,2442.7300152991447
2013-11-21,2410.717798230489
2013-11-22,2406.7708959004567
2013-11-25,2411.6891819996667
2013-11-26,2391.7592878196447
2013-11-27,2401.115478586626
2013-11-28,2407.3698774114177
2013-11-29,2417.100957508868
2013-12-02,2411.969852145573
2013-12-03,2390.887872674573
2013-12-04,2389.3021774653557
2013-12-05,2375.5853914482236
2013-12-06,2376.2046164701605
2013-12-09,2391.36722870601
2013-12-10,2382.142314600097
2013-12-11,2353.370171372308
2013-12-12,2338.450530708593
2013-12-13,2340.304874652314
2013-12-16,2328.865321660604
2013-12-17,2330.9278893891283
2013-12-18,2329.942996300803
2013-12-19,2337.464480161618
2013-12-20,2323.303069558398
2013-12-23,2327.5209340855845
2013-12-24,2340.368486918673
2013-12-25,2342.69773891645
2013-12-26,2327.83912994164
2013-12-27,2329.1013384300973
2013-12-30,2331.1627402006607
2013-12-31,2344.33668654859
2014-01-01,2344.277119622407
2014-01-02,2341.611112665734
2014-01-03,2322.1117408868263
2014-01-06,2293.5132175245444
2014-01-07,2298.1762360158314
2014-01-08,2303.2092136008932
2014-01-09,2282.167742539665
2014-01-10,2277.848476716758
2014-01-13,2293.3966932174435
2014-01-14,2287.8799414755517
2014-01-15,2308.325232745844
2014-01-16,2300.6092659349033
2014-01-17,2297.9981733695245
2014-01-20,2291.6043034356694
2014-01-21,2298.9542708196263
2014-01-22,2317.2957177715352
2014-01-23,2272.301385193099
2014-01-24,2247.5614028274517
2014-01-27,2210.024168081263
2014-01-28,2217.393338254086
2014-01-29,2227.3207594267337
2014-01-30,2235.3498379476523
2014-01-31,2248.614398542135
2014-02-03,2224.3730031628243
2014-02-04,2208.1355459341266
2014-02-05,2202.2611187323837
2014-02-06,2217.147730017593
2014-02-07,2231.0673932157324
2014-02-10,2233.8176896376344
2014-02-11,2249.8489433540144
2014-02-12,2282.527328394505
2014-02-13,2252.498180516553
2014-02-14,2274.771214334853
2014-02-17,2289.259621530252
2014-02-18,2266.2238554899245
2014-02-19,2270.073012609661
2014-02-20,2255.7682986251675
2014-02-21,2262.496189404641
2014-02-24,2255.236996074047
2014-02-25,2235.5761460589847
2014-02-26,2249.294181607845
2014-02-27,2257.9589357653235
2014-02-28,2246.1239244799126
2014-03-03,2225.6249783918734
2014-03-04,2240.1524396461095
2014-03-05,2243.768455488933
2014-03-06,2250.7009987791953
2014-03-07,2238.9705038849447
2014-03-10,2200.5098517531233
2014-03-11,2206.025883030119
2014-03-12,2179.3013509147154
2014-03-13,2178.281719479736
2014-03-14,2164.5934346212716
2014-03-17,2177.5067655943176
2014-03-18,2195.9579098966146
2014-03-19,2189.7223599711224
2014-03-20,2182.1014278985676
2014-03-21,2202.553013107307
2014-03-24,2225.7382683321694
2014-03-25,2234.4116671662096
2014-03-26,2250.9125678082655
2014-03-27,2268.691544933878
2014-03-28,2283.2164704583843
2014-03-31,2295.676139084549
2014-04-01,2309.689903721557
2014-04-02,2324.856655916997
2014-04-03,2322.5189068909244
2014-04-04,2333.762257392847
2014-04-07,2330.1501021218814
2014-04-08,2345.2784896818025
2014-04-09,2347.08294976492
2014-04-10,2355.520020279268
2014-04-11,2342.036736051824
2014-04-14,2346.8042906676933
2014-04-15,2316.4375924174383
2014-04-16,2324.8574678422256
2014-04-17,2331.8204536314774
2014-04-18,2337.2212575680137
2014-04-21,2333.4065171212137
2014-04-22,2331.4765518953877
2014-04-23,2316.043110364516
2014-04-24,2317.222712105846
2014-04-25,2288.106561144522
2014-04-28,2279.618630501039
2014-04-29,2301.8361952261735
2014-04-30,2285.8456782364824
2014-05-01,2287.226169786778
2014-05-02,2301.7616693957257
2014-05-05,2296.368905649264
2014-05-06,2294.6738606064873
2014-05-07,2292.9450775608134
2014-05-08,2311.6836687140235
2014-05-09,2325.1800574816807
2014-05-12,2350.2527359161622
2014-05-13,2371.387814915664
2014-05-14,2389.4463432482858
2014-05-15,2376.8884933954873
2014-05-16,2384.779921755795
2014-05-19,2383.716527275062
2014-05-20,2377.452349146961
2014-05-21,2390.249232094517
2014-05-22,2409.916289762437
2014-05-23,2421.4811820687023
2014-05-26,2417.9641241490413
2014-05-27,2405.7545508113667
2014-05-28,2423.5093836693513
2014-05-29,2419.5891554774526
2014-05-30,2392.2649924634343
2014-06-02,2402.6025914394604
2014-06-03,2411.5392905464864
2014-06-04,2398.69260121916
2014-06-05,2411.8573748462477
2014-06-06,2425.1120801076645
2014-06-09,2441.4997745314668
2014-06-10,2473.0578435900884
2014-06-11,2472.596235839164
2014-06-12,2467.7625546442564
2014-06-13,2465.8892226476764
2014-06-16,2455.677846517098
2014-06-17,2451.224844385476
2014-06-18,2446.4188319971986
2014-06-19,2440.9090809285544
2014-06-20,2441.8265856722064
2014-06-23,2436.2849081744675
2014-06-24,2449.597397746274
2014-06-25,2428.998495419696
2014-06-26,2450.663227258674
2014-06-27,2441.788283347065
2014-06-30,2445.8095591173023
2014-07-01,2449.870896388654
2014-07-02,2475.1622649068313
2014-07-03,2489.762506717808
2014-07-04,2495.191526015403
2014-07-07,2497.8443072552827
2014-07-08,2496.5495273838355
2014-07-09,2478.90148652697
2014-07-10,2488.311814503415
2014-07-11,2483.9740277845804
2014-07-14,2494.881853764906
2014-07-15,2512.0150646820885
2014-07-16,2519.785306519253
2014-07-17,2512.910823627603
2014-07-18,2517.5759037378602
2014-07-21,2515.7678857153705
2014-07-22,2553.327027489781
2014-07-23,2561.3724899068843
2014-07-24,2573.3600416640547
2014-07-25,2580.6557545939954
2014-07-28,2592.3135797787854
2014-07-29,2603.045450947125
2014-07-30,2605.3899048340536
2014-07-31,2584.2198389241275
2014-08-01,2559.3125148881204
2014-08-04,2588.0489121338
2014-08-05,2585.2454648064904
2014-08-06,2575.1527167517147
2014-08-07,2558.743075095227
2014-08-08,2536.9764667366267
2014-08-11,2580.9960345820127
2014-08-12,2591.7103255360284
2014-08-13,2600.9105416934276
2014-08-14,2600.3146145732703
2014-08-15,2609.4032625859727
2014-08-18,2621.7155845540456
2014-08-19,2645.9119501857444
2014-08-20,2652.0335563784033
2014-08-21,2643.6464742342514
2014-08-22,2658.7497324234996
2014-08-25,2665.818181719146
2014-08-26,2666.0029233911346
2014-08-27,2679.9644956191723
2014-08-28,2668.6802326189118
2014-08-29,2676.474168066563
2014-09-01,2693.269256229111
2014-09-02,2694.200001078731
2014-09-03,2725.1073730378653
2014-09-04,2763.866466942868
2014-09-05,2762.4945807307436
2014-09-08,2761.253139429884
2014-09-09,2753.2219186305756
2014-09-10,2725.8482043301706
2014-09-11,2707.636877960838
2014-09-12,2694.965012389673
2014-09-15,2683.6145884673488
2014-09-16,2668.4146577895735
2014-09-17,2685.414273310597
2014-09-18,2682.38600010953
2014-09-19,2697.6077667250447
2014-09-22,2663.802877136928
2014-09-23,2644.53222261779
2014-09-24,2671.57858391029
2014-09-25,2661.2451428621207
2014-09-26,2669.6295118817593
2014-09-29,2641.6026255491706
2014-09-30,2646.2778378919747
2014-10-01,2635.9743291458785
2014-10-02,2614.7059092867976
2014-10-03,2654.6082812957834
2014-10-06,2670.952686982889
2014-10-07,2659.451310438655
2014-10-08,2628.08278219348
2014-10-09,2644.6638323332527
2014-10-10,2620.6028091552153
2014-10-13,2611.102449602041
2014-10-14,2613.452175309027
2014-10-15,2577.9481148525574
2014-10-16,2544.269929872056
2014-10-17,2559.1835916620607
2014-10-20,2569.89287801957
2014-10-21,2576.2857002933974
2014-10-22,2597.1884559939526
2014-10-23,2584.3052518840987
2014-10-24,2585.6217439729235
2014-10-27,2559.845321900646
2014-10-28,2594.426544760489
2014-10-29,2624.8069976366173
2014-10-30,2662.2775701677997
2014-10-31,2707.1788265811338
2014-11-03,2705.7837400514563
2014-11-04,2679.9591456527482
2014-11-05,2677.2225401031724
2014-11-06,2674.1092679830335
2014-11-07,2668.766556607398
2014-11-10,2696.709729070719
2014-11-11,2687.7340154851113
2014-11-12,2689.7800719813267
2014-11-13,2679.9628572966167
2014-11-14,2674.243792287329
2014-11-17,2667.4946786650394
2014-11-18,2653.2244891710266
2014-11-19,2653.513797995116
2014-11-20,2653.156312363616
2014-11-21,2720.302290522185
2014-11-24,2741.5705656455402
2014-11-25,2734.443009363876
2014-11-26,2738.051867157187
2014-11-27,2755.7347805530894
2014-11-28,2750.7955142157916
2014-12-01,2707.0288887344127
2014-12-02,2741.6843764300797
2014-12-03,2772.0623839515165
2014-12-04,2774.448507915306
2014-12-05,2805.5229166575596
2014-12-08,2809.655236053986
2014-12-09,2723.6763079417265
2014-12-10,2735.9951589296065
2014-12-11,2711.0284080094293
2014-12-12,2680.4155408875977
2014-12-15,2663.8152909054274
2014-12-16,2630.4716831377473
2014-12-17,2680.113603779074
2014-12-18,2737.4372868831483
2014-12-19,2767.4569407301838
2014-12-22,2793.578170860226
2014-12-23,2784.068390867119
2014-12-24,2765.93936552398
2014-12-25,2786.0771953907224
2014-12-26,2815.881778439578
2014-12-29,2828.7619477986937
2014-12-30,2824.179705807029
2014-12-31,2857.54217861492
2015-01-01,2857.483706974077
2015-01-02,2868.7570851779737
2015-01-05,2882.7251427079123
2015-01-06,2876.013933273019
2015-01-07,2919.521635791786
2015-01-08,2945.2973737699363
2015-01-09,2937.806391105077
2015-01-12,2920.8984231033633
2015-01-13,2942.712327270129
2015-01-14,2929.6480943613874
2015-01-15,3011.575231571518
2015-01-16,3034.4194545978335
2015-01-19,2928.32506609223
2015-01-20,2968.2307797701537
2015-01-21,3039.8742387499374
2015-01-22,3108.8835365814903
2015-01-23,3169.0829185007965
2015-01-26,3169.1610978957638
2015-01-27,3126.9138437287006
2015-01-28,3120.4218447501116
2015-01-29,3085.423028865892
2015-01-30,3061.7670468460155
2015-02-02,3034.6822098651523
2015-02-03,3054.334223240448
2015-02-04,3064.8058367149797
2015-02-05,3058.3156490361284
2015-02-06,3059.910745453904
2015-02-09,3053.9844382479823
2015-02-10,3057.5928731217546
2015-02-11,3057.419027685592
2015-02-12,3065.171572443872
2015-02-13,3101.6447598937766
2015-02-16,3102.219405820176
2015-02-17,3106.8190102936965
2015-02-18,3121.6978734333334
2015-02-19,3114.002080155721
2015-02-20,3118.517689400161
2015-02-23,3120.2527294084903
2015-02-24,3135.4785805334723
2015-02-25,3132.464698828548
2015-02-26,3193.324579304326
2015-02-27,3184.9005136270325
2015-03-02,3195.184049252019
2015-03-03,3175.5086956157
2015-03-04,3192.2869267955425
2015-03-05,3193.1198500073397
2015-03-06,3229.2048466957476
2015-03-09,3217.8369760018268
2015-03-10,3220.4705387726394
2015-03-11,3258.838176256202
2015-03-12,3273.5643766241524
2015-03-13,3288.6961411827315
2015-03-16,3297.047334904097
2015-03-17,3326.0687941685765
2015-03-18,3356.8550885221025
2015-03-19,3389.638957427687
2015-03-20,3357.9598124254685
2015-03-23,3351.598928278543
2015-03-24,3367.3804473662703
2015-03-25,3332.0949306756083
2015-03-26,3320.3505718330607
2015-03-27,3324.159002661705
2015-03-30,3396.941334243551
2015-03-31,3433.211912382781
2015-04-01,3467.4451025424155
2015-04-02,3455.7871367904636
2015-04-03,3471.1419340500893
2015-04-06,3451.7734801674314
2015-04-07,3530.674042206878
2015-04-08,3595.279365880355
2015-04-09,3643.352038388682
2015-04-10,3698.0824390221496
2015-04-13,3754.3238392441817
2015-04-14,3703.98586698339
2015-04-15,3714.474476827811
2015-04-16,3751.725361214402
2015-04-17,3721.676765216848
2015-04-20,3688.0876159910663
2015-04-21,3741.2239091394586
2015-04-22,3792.156072241191
2015-04-23,3782.4472774640817
2015-04-24,3770.156378379538
2015-04-27,3795.822523094449
2015-04-28,3748.494219998645
2015-04-29,3685.9183984042957
2015-04-30,3635.1954617358606
2015-05-01,3625.4979368855934
2015-05-04,3658.3894845216087
2015-05-05,3602.9780890511124
2015-05-06,3521.1340621146683
2015-05-07,3491.3056348823884
2015-05-08,3552.8023927905087
2015-05-11,3611.953053282463
2015-05-12,3580.7942864436386
2015-05-13,3556.980384380502
2015-05-14,3549.7423769417237
2015-05-15,3530.17927660321
2015-05-18,3544.6260233926873
2015-05-19,3656.8166026269696
2015-05-20,3663.348457157829
2015-05-21,3676.306669743549
2015-05-22,3748.2982943399884
2015-05-25,3779.755173872743
2015-05-26,3829.7068335255403
2015-05-27,3819.8335294644494
2015-05-28,3694.6744323200915
2015-05-29,3670.6166696179166
2015-06-01,3753.0878118571136
2015-06-02,3695.7665157329584
2015-06-03,3640.7038436539156
2015-06-04,3624.807685905299
2015-06-05,3684.6118559263555
2015-06-08,3662.031824076838
2015-06-09,3627.7914799268756
2015-06-10,3627.375042317431
2015-06-11,3651.0528133911503
2015-06-12,3656.301094515441
2015-06-15,3614.7903691333036
2015-06-16,3562.947284188309
2015-06-17,3591.8918106688398
2015-06-18,3508.6779504554843
2015-06-19,3445.966414663895
2015-06-22,3455.059091075449
2015-06-23,3563.3740974230795
2015-06-24,3596.3275225120256
2015-06-25,3538.906425906726
2015-06-26,3441.2544385399783
2015-06-29,3345.333250670743
2015-06-30,3448.3509550371973
2015-07-01,3401.5753473494547
2015-07-02,3351.4216172130823
2015-07-03,3275.5902817642786
2015-07-06,3250.7009839660655
2015-07-07,3231.2537299916353
2015-07-08,3072.9068467736947
2015-07-09,3170.137823983733
2015-07-10,3216.3052854427297
2015-07-13,3323.3111224984605
2015-07-14,3309.1242167544087
2015-07-15,3274.6453579399026
2015-07-16,3311.3997409616577
2015-07-17,3371.811964077719
2015-07-20,3360.7309530733423
2015-07-21,3355.433233439653
2015-07-22,3350.3074432636886
2015-07-23,3332.719646801743
2015-07-24,3287.5110182554736
2015-07-27,3114.825789882075
2015-07-28,3122.940675422421
2015-07-29,3181.711309492351
2015-07-30,3169.444730715116
2015-07-31,3148.42513046173
2015-08-03,3139.538717441809
2015-08-04,3186.170461305446
2015-08-05,3192.4228552084296
2015-08-06,3153.481091334246
2015-08-07,3168.914889764183
2015-08-10,3212.593715151626
2015-08-11,3149.92316206616
2015-08-12,3047.9275802365332
2015-08-13,3088.805637679393
2015-08-14,3094.684734901019
2015-08-17,3090.0607710159293
2015-08-18,3015.1297484294223
2015-08-19,3008.581179860861
2015-08-20,2915.2030226462584
2015-08-21,2800.12377742087
2015-08-24,2567.165776406244
2015-08-25,2582.8827301148995
2015-08-26,2570.5830075926438
2015-08-27,2715.724653587015
2015-08-28,2771.32642914185
2015-08-31,2769.929365105345
2015-09-01,2702.9134953380562
2015-09-02,2696.180275088904
2015-09-03,2740.7987410915944
2015-09-04,2705.766820933226
2015-09-07,2650.429866154738
2015-09-08,2696.6053241880186
2015-09-09,2763.274853119314
2015-09-10,2726.7256269973923
2015-09-11,2707.594215877341
2015-09-14,2694.1898477218137
2015-09-15,2661.4987097199237
2015-09-16,2735.313992215305
2015-09-17,2725.2295914824967
2015-09-18,2721.459949387582
2015-09-21,2749.1238086565177
2015-09-22,2753.315386932166
2015-09-23,2693.5477185847244
2015-09-24,2652.1181402208613
2015-09-25,2671.897434538714
2015-09-28,2651.2827226155578
2015-09-29,2621.1671034636133
2015-09-30,2678.363814360009
2015-10-01,2681.4977422475395
2015-10-02,2679.6503268680517
2015-10-05,2735.7851731578444
2015-10-06,2740.577127678432
2015-10-07,2798.5918336675995
2015-10-08,2808.90256531225
2015-10-09,2827.3284235632186
2015-10-12,2868.039903976571
2015-10-13,2842.2814195865217
2015-10-14,2805.658270822509
2015-10-15,2874.605496077325
2015-10-16,2889.7689912714463
2015-10-19,2910.2878821412237
2015-10-20,2908.1196121962575
2015-10-21,2859.021025926572
2015-10-22,2922.5529441726003
2015-10-23,2996.261978987923
2015-10-26,2995.0447560586963
2015-10-27,2984.767674563011
2015-10-28,2955.1955203701746
2015-10-29,2953.8238768690976
2015-10-30,2940.256186384871
2015-11-02,2929.6342946927302
2015-11-03,2974.300936346923
2015-11-04,3060.2105951003764
2015-11-05,3064.944270784711
2015-11-06,3092.6812230473215
2015-11-09,3081.087883889916
2015-11-10,3070.155625000839
2015-11-11,3062.6233325381486
2015-11-12,3048.9734251457407
2015-11-13,3009.7283219512
2015-11-16,3002.9835410444616
2015-11-17,3045.201771320259
2015-11-18,3029.204548484409
2015-11-19,3056.3450114637435
2015-11-20,3094.1603072405555
2015-11-23,3095.7539845637666
2015-11-24,3086.225226400174
2015-11-25,3098.8101994154235
2015-11-26,3093.125585795912
2015-11-27,3012.488139199296
2015-11-30,2993.5337643288826
2015-12-01,3012.5916956800042
2015-12-02,3037.1224058030807
2015-12-03,2965.744123489106
2015-12-04,2922.778990533574
2015-12-07,2926.7716459561284
2015-12-08,2870.6397766837435
2015-12-09,2845.9852117802784
2015-12-10,2833.8156835959608
2015-12-11,2775.2605986544636
2015-12-14,2787.08220930309
2015-12-15,2833.23120944899
2015-12-16,2850.644487418103
2015-12-17,2919.304724119325
2015-12-18,2897.451631578875
2015-12-21,2904.828971382638
2015-12-22,2905.7562919263273
2015-12-23,2943.536139674246
2015-12-24,2915.805073566275
2015-12-25,2920.7323144398792
2015-12-28,2878.504271943087
2015-12-29,2907.5251584182415
2015-12-30,2889.724201166904
2015-12-31,2896.4805189816107
2016-01-01,2896.6523905501294
2016-01-04,2768.5809503957653
2016-01-05,2788.743259470922
2016-01-06,2774.794157025898
2016-01-07,2626.8726572207893
2016-01-08,2628.180192008939
2016-01-11,2550.194925716281
2016-01-12,2560.7078483168266
2016-01-13,2548.780973350475
2016-01-14,2555.91794768788
2016-01-15,2468.8783438325
2016-01-18,2480.3476720315693
2016-01-19,2528.28687042304
2016-01-20,2466.410235229803
2016-01-21,2444.1919699923574
2016-01-22,2505.5240927418795
2016-01-25,2522.209196732869
2016-01-26,2445.291995977269
2016-01-27,2452.373050577331
2016-01-28,2426.2666698249395
2016-01-29,2525.5886524514212
2016-02-01,2497.614512210547
2016-02-02,2482.9170741251983
2016-02-03,2432.042732464712
2016-02-04,2458.4091135232384
2016-02-05,2459.4272379316544
2016-02-08,2446.1548129291086
2016-02-09,2401.681436305957
2016-02-10,2427.9398063849244
2016-02-11,2357.095073793748
2016-02-12,2373.918930003057
2016-02-15,2436.5153655838344
2016-02-16,2471.5919368808322
2016-02-17,2491.136313331775
2016-02-18,2521.267167713256
2016-02-19,2508.55377870884
2016-02-22,2564.2601493344514
2016-02-23,2546.6298927873477
2016-02-24,2533.6626048423013
2016-02-25,2472.1945338838404
2016-02-26,2512.934091164951
2016-02-29,2499.6845639845046
2016-03-01,2545.489609222334
2016-03-02,2625.5647479726044
2016-03-03,2629.8820914434114
2016-03-04,2638.418138783123
2016-03-07,2662.4146075362564
2016-03-08,2630.877942978907
2016-03-09,2625.720005291644
2016-03-10,2586.1179477212972
2016-03-11,2607.6879846271886
2016-03-14,2643.194919078191
2016-03-15,2610.362143566359
2016-03-16,2618.9003431206825
2016-03-17,2637.9747730275863
2016-03-18,2686.4169484017675
2016-03-21,2718.8888016593273
2016-03-22,2724.4677349830745
2016-03-23,2720.300412297367
2016-03-24,2689.624910602235
2016-03-25,2692.15586110589
2016-03-28,2674.755755200434
2016-03-29,2675.051319416426
2016-03-30,2705.8391536733907
2016-03-31,2704.517668585092
2016-04-01,2692.809747527838
2016-04-04,2685.919326293076
2016-04-05,2670.3933015015796
2016-04-06,2660.8656653642406
2016-04-07,2647.9849175608188
2016-04-08,2651.6813593150837
2016-04-11,2673.621682487868
2016-04-12,2701.760305987363
2016-04-13,2764.298634239775
2016-04-14,2774.837030115975
2016-04-15,2769.2497443166244
2016-04-18,2743.067003576239
2016-04-19,2755.704524463814
2016-04-20,2736.0811601862033
2016-04-21,2748.830768235725
2016-04-22,2744.6220439628114
2016-04-25,2719.60070235522
2016-04-26,2724.4988383402383
2016-04-27,2721.7146389265063
2016-04-28,2721.800982805789
2016-04-29,2678.86170308002
2016-05-02,2655.1160275483917
2016-05-03,2641.701419511103
2016-05-04,2627.019326358226
2016-05-05,2641.0322769868576
2016-05-06,2602.147191043072
2016-05-09,2575.8033408606047
2016-05-10,2588.9743502648275
2016-05-11,2584.6516716844035
2016-05-12,2590.116614045611
2016-05-13,2586.227288198296
2016-05-16,2589.7811445631814
2016-05-17,2595.446455728686
2016-05-18,2580.1441375838017
2016-05-19,2568.8321716301293
2016-05-20,2580.2963001597795
2016-05-23,2595.934317728868
2016-05-24,2595.427277395495
2016-05-25,2623.233865097094
2016-05-26,2623.2155640263495
2016-05-27,2647.774389012082
2016-05-30,2642.2081883936703
2016-05-31,2669.6078634947685
2016-06-01,2660.0332069380074
2016-06-02,2671.8583487373953
2016-06-03,2650.7016714434344
2016-06-06,2661.7206705702533
2016-06-07,2692.174017596035
2016-06-08,2696.6112463806867
2016-06-09,2700.840421394918
2016-06-10,2677.8098038282264
2016-06-13,2615.382656456554
2016-06-14,2623.4768445189243
2016-06-15,2645.1366138136
2016-06-16,2644.856482736815
2016-06-17,2638.9050052215166
2016-06-20,2655.3678670985514
2016-06-21,2676.9160655704327
2016-06-22,2693.417996113715
2016-06-23,2688.430736881905
2016-06-24,2662.684601093197
2016-06-27,2683.019466332548
2016-06-28,2694.5205873762307
2016-06-29,2726.7948862714607
2016-06-30,2754.775070366403
2016-07-01,2759.9484450166806
2016-07-04,2781.3582719258497
2016-07-05,2762.9563942630884
2016-07-06,2743.461341678952
2016-07-07,2763.4645367141966
2016-07-08,2773.6395343964177
2016-07-11,2816.07684180537
2016-07-12,2842.970786066374
2016-07-13,2843.7829812202135
2016-07-14,2866.03887600814
2016-07-15,2880.876483244785
2016-07-18,2882.0969461066775
2016-07-19,2892.1020825643504
2016-07-20,2898.0018590724803
2016-07-21,2906.629598892217
2016-07-22,2901.497541678155
2016-07-25,2902.28684334702
2016-07-26,2914.057461826687
2016-07-27,2901.445258398228
2016-07-28,2882.76315552506
2016-07-29,2848.367613829477
2016-08-01,2865.456697333782
2016-08-02,2843.476903555083
2016-08-03,2840.037596421832
2016-08-04,2869.468623510869
2016-08-05,2908.5336957837453
2016-08-08,2937.7454696185196
2016-08-09,2944.33891212343
2016-08-10,2937.924362606656
2016-08-11,2939.2289984546023
2016-08-12,2958.100832612637
2016-08-15,2990.4894960525558
2016-08-16,2974.3203816050254
2016-08-17,2955.8302621455327
2016-08-18,2956.8449813936318
2016-08-19,2942.0610924534285
2016-08-22,2917.78017959738
2016-08-23,2928.2517695699457
2016-08-24,2921.8222180841512
2016-08-25,2909.7605658392386
2016-08-26,2916.8288630757115
2016-08-29,2933.1429149615674
2016-08-30,2944.8916280420317
2016-08-31,2939.7841060392366
2016-09-01,2912.8100606496823
2016-09-02,2942.2589781278684
2016-09-05,2973.212370084636
2016-09-06,2988.073373844673
2016-09-07,2995.2608128042525
2016-09-08,2990.551871590004
2016-09-09,2958.2212392419856
2016-09-12,2891.8832030124995
2016-09-13,2879.9178861706523
2016-09-14,2872.0622281111955
2016-09-15,2882.1536828142657
2016-09-16,2894.853049176356
2016-09-19,2925.71733847683
2016-09-20,2930.3868227879993
2016-09-21,2956.562341548158
2016-09-22,2971.4294414591604
2016-09-23,2965.7889083125847
2016-09-26,2910.3642838674846
2016-09-27,2947.438082097596
2016-09-28,2949.4610839851593
2016-09-29,2945.345272622048
2016-09-30,2922.9652094477783
2016-10-03,2947.426024291744
2016-10-04,2972.672369003211
2016-10-05,2960.9178209599622
2016-10-06,2973.4723114968674
2016-10-07,2966.1659942230444
2016-10-10,2988.3666912789477
2016-10-11,2986.7631518503526
2016-10-12,2991.381958952652
2016-10-13,2956.2805999612187
2016-10-14,2979.144823416372
2016-10-17,2967.9411148475074
2016-10-18,3017.4116086624385
2016-10-19,3029.0838816728656
2016-10-20,3041.49980506295
2016-10-21,3049.672906214174
2016-10-24,3070.655243239771
2016-10-25,3077.638490612761
2016-10-26,3040.5418162283736
2016-10-27,3024.6363674537965
2016-10-28,3013.528984024467
2016-10-31,3008.1506765995673
2016-11-01,2985.9025107157668
2016-11-02,2931.9693213214155
2016-11-03,2932.1181328309194
2016-11-04,2910.787373836826
2016-11-07,2967.6997463841085
2016-11-08,2985.8070554529195
2016-11-09,2955.72797223434
2016-11-10,2971.038394152219
2016-11-11,2917.663263071262
2016-11-14,2928.968830001453
2016-11-15,2933.2179386726107
2016-11-16,2960.321745450198
2016-11-17,2961.6609062793195
2016-11-18,2975.2122553007534
2016-11-21,2972.357420117056
2016-11-22,3013.849856906214
2016-11-23,3026.342715275837
2016-11-24,3006.256459916773
2016-11-25,3011.051000930313
2016-11-28,3040.2272454007693
2016-11-29,3022.353785463757
2016-11-30,3030.5613577993595
2016-12-01,3024.470772176818
2016-12-02,2988.514144340437
2016-12-05,2960.2668630864155
2016-12-06,2976.7059332872736
2016-12-07,2987.2960462768506
2016-12-08,3058.291816826179
2016-12-09,3076.7049705606582
2016-12-12,3013.22686500881
2016-12-13,3018.723390144178
2016-12-14,2997.8050332577313
2016-12-15,3022.619171234646
2016-12-16,3018.84514590882
2016-12-19,2996.053904326071
2016-12-20,3008.118226293996
2016-12-21,2999.27006804089
2016-12-22,2971.761114169506
2016-12-23,2960.374910104822
2016-12-26,2965.7190996284444
2016-12-27,2971.2188500659804
2016-12-28,3005.54432232959
2016-12-29,2994.0246448268917
2016-12-30,2989.8885308636973
2017-01-02,2988.9555213151575
2017-01-03,3060.4728654461087
2017-01-04,3049.986679233682
2017-01-05,3048.0250759921887
2017-01-06,3042.8268103418422
2017-01-09,3046.1567624780855
2017-01-10,3052.635177668622
2017-01-11,3083.8601766531247
2017-01-12,3051.5020132681893
2017-01-13,3055.080117495685
2017-01-16,3036.567489361888
2017-01-17,3031.4162298811657
2017-01-18,3045.397482552164
2017-01-19,3052.171346948854
2017-01-20,3038.0637265239657
2017-01-23,3047.076095724407
2017-01-24,3060.0232546168672
2017-01-25,3071.9358695025194
2017-01-26,3108.6123281023133
2017-01-27,3095.918198360485
2017-01-30,3093.2674987368428
2017-01-31,3050.858238297962
2017-02-01,3073.580042333402
2017-02-02,3065.3945053193775
2017-02-03,3074.918682688159
2017-02-06,3103.7566971217143
2017-02-07,3108.2073299029744
2017-02-08,3111.8951923549216
2017-02-09,3139.363389192043
2017-02-10,3163.7455556621367
2017-02-13,3188.523902344855
2017-02-14,3199.0074127199136
2017-02-15,3209.6146924020154
2017-02-16,3196.598033796868
2017-02-17,3185.6574184786723
2017-02-20,3210.993431204998
2017-02-21,3245.833922013984
2017-02-22,3260.178037674061
2017-02-23,3245.341448125095
2017-02-24,3232.6010508587774
2017-02-27,3204.3401650703167
2017-02-28,3193.674543373205
2017-03-01,3220.432399148732
2017-03-02,3218.7415763963054
2017-03-03,3192.1798907350862
2017-03-06,3196.6274369374537
2017-03-07,3207.873413559464
2017-03-08,3208.461781692522
2017-03-09,3164.90589736009
2017-03-10,3150.1398136576177
2017-03-13,3184.9137708559697
2017-03-14,3194.5248699868184
2017-03-15,3208.942236131178
2017-03-16,3232.90615581965
2017-03-17,3226.7705211673465
2017-03-20,3241.000969072281
2017-03-21,3230.205929444394
2017-03-22,3216.023458869201
2017-03-23,3225.1954790071886
2017-03-24,3228.3163100512033
2017-03-27,3195.873043616866
2017-03-28,3208.2293636392137
2017-03-29,3245.5527526500705
2017-03-30,3234.503958488242
2017-03-31,3223.6450287340767
2017-04-03,3253.320265864374
2017-04-04,3250.4079595828493
2017-04-05,3275.078420651662
2017-04-06,3264.922816013354
2017-04-07,3274.9456881114274
2017-04-10,3268.4322055214825
2017-04-11,3256.504755564643
2017-04-12,3266.265976896904
2017-04-13,3279.9514433806726
2017-04-14,3264.983659476108
2017-04-17,3253.502438911768
2017-04-18,3226.194383176646
2017-04-19,3202.974728581638
2017-04-20,3203.056974010288
2017-04-21,3233.889553983404
2017-04-24,3191.2274028740594
2017-04-25,3201.8827587342294
2017-04-26,3217.1350256566175
2017-04-27,3213.63241120943
2017-04-28,3201.76286356348
2017-05-01,3197.820631533823
2017-05-02,3220.7735698486845
2017-05-03,3210.4299753996343
2017-05-04,3182.4564857925116
2017-05-05,3158.31341916173
2017-05-08,3180.518031191282
2017-05-09,3206.416083130712
2017-05-10,3216.105358616917
2017-05-11,3231.2874867697137
2017-05-12,3225.1959909617
2017-05-15,3231.7993774375414
2017-05-16,3224.0812074064133
2017-05-17,3188.0293665247937
2017-05-18,3142.52108794148
2017-05-19,3141.5347023400777
2017-05-22,3142.147482959133
2017-05-23,3146.2751387303438
2017-05-24,3161.4616368215243
2017-05-25,3191.7882149027055
2017-05-26,3205.7986353487768
2017-05-29,3203.7360787830867
2017-05-30,3195.721692802358
2017-05-31,3167.543103535085
2017-06-01,3178.1441648317177
2017-06-02,3179.3726495464284
2017-06-05,3193.1530761596923
2017-06-06,3191.7944876884276
2017-06-07,3205.222226405178
2017-06-08,3230.264738795947
2017-06-09,3242.1379742327517
2017-06-12,3212.669350354761
2017-06-13,3219.1896938661735
2017-06-14,3200.475006832531
2017-06-15,3215.215854120521
2017-06-16,3196.9410491327653
2017-06-19,3236.4114719572226
2017-06-20,3237.0504060658263
2017-06-21,3234.513585905464
2017-06-22,3234.5949391822796
2017-06-23,3234.595034310167
2017-06-26,3267.0965922357354
2017-06-27,3242.2084201312227
2017-06-28,3205.7285732265627
2017-06-29,3201.114394179863
2017-06-30,3200.301555266568
2017-07-03,3217.6648752247215
2017-07-04,3197.76832672321
2017-07-05,3221.7563292536875
2017-07-06,3193.9450296060113
2017-07-07,3191.4788052314348
2017-07-10,3207.7090481604005
2017-07-11,3220.144681545156
2017-07-12,3247.317239614653
2017-07-13,3284.5710733550486
2017-07-14,3289.2761461038667
2017-07-17,3276.691547573167
2017-07-18,3254.776732631985
2017-07-19,3305.397321308245
2017-07-20,3274.512531632119
2017-07-21,3268.254234402272
2017-07-24,3288.3698422086686
2017-07-25,3272.294561958746
2017-07-26,3279.5052432517336
2017-07-27,3288.69890764318
2017-07-28,3255.4695592731027
2017-07-31,3258.776954510309
2017-08-01,3266.022906642371
2017-08-02,3252.2340204999687
2017-08-03,3228.119223574335
2017-08-04,3266.314306136641
2017-08-07,3278.564227787883
2017-08-08,3304.9119494592105
2017-08-09,3287.135358063481
2017-08-10,3254.9416215439674
2017-08-11,3195.4765824348856
2017-08-14,3234.7075272058137
2017-08-15,3252.0706559866126
2017-08-16,3270.0191937622235
2017-08-17,3274.970635582567
2017-08-18,3263.56449182801
2017-08-21,3260.761267610965
2017-08-22,3297.371979550122
2017-08-23,3288.000579464337
2017-08-24,3301.043751823633
2017-08-25,3301.244097924532
2017-08-28,3292.4971636707396
2017-08-29,3268.048826868017
2017-08-30,3315.73561145341
2017-08-31,3322.074819891268
2017-09-01,3340.960510523824
2017-09-04,3325.897079726824
2017-09-05,3324.21989151887
2017-09-06,3320.733337277139
2017-09-07,3315.188302565915
2017-09-08,3319.7356729691983
2017-09-11,3342.607326134722
2017-09-12,3358.6523191265446
2017-09-13,3366.2371560850293
2017-09-14,3374.047768450509
2017-09-15,3353.530662102664
2017-09-18,3381.1049639609178
2017-09-19,3360.4072225215755
2017-09-20,3367.2123389875514
2017-09-21,3372.058283186815
2017-09-22,3344.3668740712797
2017-09-25,3330.635174241156
2017-09-26,3342.1913841968253
2017-09-27,3351.386653720666
2017-09-28,3316.9878928051253
2017-09-29,3335.7744250831715
2017-10-02,3363.0398756820255
2017-10-03,3388.9693721917233
2017-10-04,3397.8420185088494
2017-10-05,3413.5106893644847
2017-10-06,3409.0923854896882
2017-10-09,3415.431044903509
2017-10-10,3428.0748108915554
2017-10-11,3431.2912787258065
2017-10-12,3440.9161927341574
2017-10-13,3456.7842374457755
2017-10-16,3475.4503302122334
2017-10-17,3471.2072809996935
2017-10-18,3469.1101084650627
2017-10-19,3418.0636228497724
2017-10-20,3446.9136250858505
2017-10-23,3450.4579855046486
2017-10-24,3444.6058318375717
2017-10-25,3436.036378896051
2017-10-26,3459.3891667496423
2017-10-27,3500.686448925754
2017-10-30,3492.023258685255
2017-10-31,3498.0528551500815
2017-11-01,3529.8325801574374
2017-11-02,3507.4362500382404
2017-11-03,3514.989065851358
2017-11-06,3543.390084029102
2017-11-07,3562.5246923169593
2017-11-08,3558.699312198856
2017-11-09,3551.2346703055423
2017-11-10,3535.226804016312
2017-11-13,3526.6409317294797
2017-11-14,3481.325173632191
2017-11-15,3445.760515005158
2017-11-16,3491.24287622913
2017-11-17,3505.6055691064485
2017-11-20,3522.7204159733365
2017-11-21,3575.794529051947
2017-11-22,3573.839528104508
2017-11-23,3523.7518779961765
2017-11-24,3497.4540668753652
2017-11-27,3468.8161841891483
2017-11-28,3494.5404220874507
2017-11-29,3488.8957399076085
2017-11-30,3396.1194183374646
2017-12-01,3402.4495247116947
2017-12-04,3421.0783406410605
2017-12-05,3413.1580564012643
2017-12-06,3386.1248279828555
2017-12-07,3375.1370469559665
2017-12-08,3417.14789189531
2017-12-11,3439.9173920134185
2017-12-12,3430.8116056051426
2017-12-13,3444.5685142471034
2017-12-14,3441.5397974492125
2017-12-15,3428.0150877804754
2017-12-18,3438.087846955011
2017-12-19,3454.4503059303734
2017-12-20,3435.748564517216
2017-12-21,3453.530527450793
2017-12-22,3476.9005440088335
2017-12-25,3472.181747401847
2017-12-26,3465.3223971008847
2017-12-27,3458.7639449735175
2017-12-28,3475.4940546174857
2017-12-29,3473.4192017528308
2018-01-01,3471.4330527466614
2018-01-02,3521.423197153388
2018-01-03,3547.079398657307
2018-01-04,3554.752412916015
2018-01-05,3587.2616918525932
2018-01-08,3621.0222279703207
2018-01-09,3632.7447094668755
2018-01-10,3601.7447324328004
2018-01-11,3582.8760571236066
2018-01-12,3585.932880350378
2018-01-15,3552.0050924802804
2018-01-16,3589.0937342213083
2018-01-17,3591.904602103506
2018-01-18,3609.24762054691
2018-01-19,3629.142266106686
2018-01-22,3645.813253620212
2018-01-23,3671.1418850748
2018-01-24,3662.982981125582
2018-01-25,3640.6308554979582
2018-01-26,3685.97067649257
2018-01-29,3679.040899547259
2018-01-30,3609.3403113225213
2018-01-31,3617.9376148339884
2018-02-01,3585.8356496761753
2018-02-02,3564.8663127420177
2018-02-05,3521.832325868232
2018-02-06,3441.091738223875
2018-02-07,3434.1002178349463
2018-02-08,3408.237051000443
2018-02-09,3333.1333532733242
2018-02-12,3359.0450777961614
2018-02-13,3368.763768028154
2018-02-14,3405.6408884688935
2018-02-15,3422.166024569656
2018-02-16,3425.5340789124493
2018-02-19,3442.696291652332
2018-02-20,3444.327947493558
2018-02-21,3482.6585526207937
2018-02-22,3477.855763876736
2018-02-23,3525.832392491448
2018-02-26,3554.8463326943306
2018-02-27,3538.4409354609425
2018-02-28,3505.394696027124
2018-03-01,3509.6807880449305
2018-03-02,3443.216385270429
2018-03-05,3426.59106077789
2018-03-06,3456.5154077659317
2018-03-07,3440.795953795973
2018-03-08,3482.023165083264
2018-03-09,3517.1895223600873
2018-03-12,3557.778577327587
2018-03-13,3529.994309098967
2018-03-14,3526.2857124283855
2018-03-15,3534.4969969381045
2018-03-16,3530.636012213745
2018-03-19,3497.571697187879
2018-03-20,3529.128215364245
2018-03-21,3525.3332391532576
2018-03-22,3478.8472009579436
2018-03-23,3379.2461584639977
2018-03-26,3383.616268628866
2018-03-27,3414.8026163088152
2018-03-28,3362.386345018326
2018-03-29,3403.3467513240657
2018-03-30,3409.8068391231245
2018-04-02,3404.217359475548
2018-04-03,3407.689702724264
2018-04-04,3363.6684629614633
2018-04-05,3406.3574315962674
2018-04-06,3387.559437688674
2018-04-09,3373.787036882239
2018-04-10,3405.7266138194573
2018-04-11,3402.116266593005
2018-04-12,3415.1045316871778
2018-04-13,3392.416217531564
2018-04-16,3354.1773964559816
2018-04-17,3348.5156250885475
2018-04-18,3369.6454030441137
2018-04-19,3400.7023298147187
2018-04-20,3375.473922582518
2018-04-23,3367.124966969543
2018-04-24,3378.2286999238777
2018-04-25,3353.822260449636
2018-04-26,3358.901634662991
2018-04-27,3384.542812482968
2018-04-30,3407.8940946379985
2018-05-01,3430.012326347327
2018-05-02,3414.3345121016773
2018-05-03,3393.3068066965056
2018-05-04,3392.780814428029
2018-05-07,3419.125264365982
2018-05-08,3452.4264861055776
2018-05-09,3451.6780598827795
2018-05-10,3479.496698540771
2018-05-11,3477.4523269750175
2018-05-14,3484.144892243684
2018-05-15,3476.4757002348824
2018-05-16,3501.069910198674
2018-05-17,3468.99395986727
2018-05-18,3468.2714828496987
2018-05-21,3475.9599731871444
2018-05-22,3482.7789210057485
2018-05-23,3469.269281836439
2018-05-24,3462.430047094104
2018-05-25,3482.340768856254
2018-05-28,3495.187743521685
2018-05-29,3477.406084176956
2018-05-30,3410.612846636112
2018-05-31,3421.758310309172
2018-06-01,3436.836353208152
2018-06-04,3472.2102625481243
2018-06-05,3487.3913985448544
2018-06-06,3466.878282446742
2018-06-07,3452.5093222906125
2018-06-08,3424.602398964856
2018-06-11,3422.0522988256976
2018-06-12,3441.02944847147
2018-06-13,3422.517944190804
2018-06-14,3435.206245007794
2018-06-15,3408.9012208929926
2018-06-18,3392.2691654548225
2018-06-19,3315.3131655266325
2018-06-20,3335.779779652981
2018-06-21,3284.178059521707
2018-06-22,3299.744439848195
2018-06-25,3237.1088162336882
2018-06-26,3227.8071253303756
2018-06-27,3192.762060737233
2018-06-28,3174.72536297781
2018-06-29,3221.8087985647935
2018-07-02,3192.568232234036
2018-07-03,3177.391864159689
2018-07-04,3170.2891982297347
2018-07-05,3143.891416709653
2018-07-06,3145.5674929011875
2018-07-09,3207.036756465467
2018-07-10,3222.1538216010267
2018-07-11,3177.791857166491
2018-07-12,3218.9719778326466
2018-07-13,3237.0338843046975
2018-07-16,3210.9268071674705
2018-07-17,3215.890375503018
2018-07-18,3214.3427234732026
2018-07-19,3196.1461120382255
2018-07-20,3204.644764527697
2018-07-23,3211.3144992836783
2018-07-24,3245.5983395527887
2018-07-25,3278.051748095955
2018-07-26,3274.2746194772913
2018-07-27,3276.7745511048893
2018-07-30,3251.911218588326
2018-07-31,3249.706676581555
2018-08-01,3244.671586551778
2018-08-02,3196.3288801046833
2018-08-03,3201.3872197194573
2018-08-06,3196.8450033240433
2018-08-07,3229.5579765621524
2018-08-08,3215.0860799026636
2018-08-09,3240.153274458414
2018-08-10,3240.709925787168
2018-08-13,3194.816321093225
2018-08-14,3200.886531588188
2018-08-15,3153.091397241462
2018-08-16,3123.3623857214507
2018-08-17,3112.5447780248705
2018-08-20,3142.33638135342
2018-08-21,3156.5543644695977
2018-08-22,3144.6790854516676
2018-08-23,3145.7435257261104
2018-08-24,3135.714215704552
2018-08-27,3191.4095941872256
2018-08-28,3183.1755760587175
2018-08-29,3183.4860626783216
2018-08-30,3154.1562917801834
2018-08-31,3151.5307536269243
2018-09-03,3132.980661535636
2018-09-04,3143.7898024207257
2018-09-05,3067.7458668133618
2018-09-06,3053.4308583035904
2018-09-07,3078.88574095831
2018-09-10,3033.19177669254
2018-09-11,3018.89826729269
2018-09-12,3007.740398639766
2018-09-13,3034.3177612533855
2018-09-14,3060.890051062117
2018-09-17,3016.9375089723662
2018-09-18,3035.910224283315
2018-09-19,3080.9470191804844
2018-09-20,3072.357451189087
2018-09-21,3123.8596677830565
2018-09-24,3095.5468443559694
2018-09-25,3086.29926642309
2018-09-26,3113.145937867428
2018-09-27,3140.5717757084103
2018-09-28,3157.1694646051956
2018-10-01,3161.965090197327
2018-10-02,3139.2920218807667
2018-10-03,3148.341458122438
2018-10-04,3095.1620277557704
2018-10-05,3075.471672336434
2018-10-08,3039.9984241155084
2018-10-09,3035.8360889748087
2018-10-10,2998.6338589823927
2018-10-11,2881.995562639213
2018-10-12,2948.629203195608
2018-10-15,2912.4104714795085
2018-10-16,2937.3956332580156
2018-10-17,2951.0868415931263
2018-10-18,2913.3933829969333
2018-10-19,2932.9582189988796
2018-10-22,2995.843505506372
2018-10-23,2928.5338366163223
2018-10-24,2927.8781071120047
2018-10-25,2922.692441631618
2018-10-26,2899.6874375414613
2018-10-29,2863.431090713427
2018-10-30,2879.983013008371
2018-10-31,2944.1074397772095
2018-11-01,2970.9754415850393
2018-11-02,3065.5351545046674
2018-11-05,3041.7450670457297
2018-11-06,3035.187127673098
2018-11-07,3029.5348744928933
2018-11-08,3028.4502173750766
2018-11-09,2996.627152134291
2018-11-12,3008.269504589974
2018-11-13,3008.7347016326867
2018-11-14,3000.8502604174337
2018-11-15,3038.882671349935
2018-11-16,3034.831274907999
2018-11-19,3031.622555099355
2018-11-20,2988.908882646622
2018-11-21,3001.312437587634
2018-11-22,2998.7225793188572
2018-11-23,2981.0112330837596
2018-11-26,3000.486905989045
2018-11-27,3020.851059176356
2018-11-28,3060.6822875591106
2018-11-29,3037.395513396104
2018-11-30,3053.753814883669
2018-12-03,3124.7159204051227
2018-12-04,3123.247580561678
2018-12-05,3090.9341883693687
2018-12-06,3008.7358982589603
2018-12-07,3012.716327006422
2018-12-10,2961.623158844485
2018-12-11,2985.196379235004
2018-12-12,3011.3886352032737
2018-12-13,3044.642257535286
2018-12-14,3010.432932391352
2018-12-17,2989.1441676492404
2018-12-18,2964.7683005142067
2018-12-19,2952.805540578241
2018-12-20,2931.9758884098615
2018-12-21,2918.8106633992306
2018-12-24,2911.5807561271113
2018-12-25,2900.8185350257
2018-12-26,2900.779885822724
2018-12-27,2909.0812624365503
2018-12-28,2929.7674897132824
2018-12-31,2938.076551923833
2019-01-01,2938.711695487071
2019-01-02,2927.718669218346
2019-01-03,2900.3074364104255
2019-01-04,2948.3813350371224
2019-01-07,2972.6825502731635
2019-01-08,2970.0801340355606
2019-01-09,3004.976791794806
2019-01-10,3016.4628639180537
2019-01-11,3041.920540796972
2019-01-14,3018.1410247019094
2019-01-15,3070.049460869786
2019-01-16,3090.302303370208
2019-01-17,3087.2708451682774
2019-01-18,3124.6878340923336
2019-01-21,3127.690572095269
2019-01-22,3100.2470006038343
2019-01-23,3098.7535532687016
2019-01-24,3128.2397027173947
2019-01-25,3154.8007738523875
2019-01-28,3136.5307552523254
2019-01-29,3148.0703174297396
2019-01-30,3158.057502341266
2019-01-31,3182.7593158206932
2019-02-01,3192.9202911800357
2019-02-04,3198.80844551719
2019-02-05,3213.2374969341986
2019-02-06,3213.9588266710753
2019-02-07,3204.7536707715535
2019-02-08,3198.347073500858
2019-02-11,3220.7907626775104
2019-02-12,3235.3002533688955
2019-02-13,3254.162322852343
2019-02-14,3251.4950442136833
2019-02-15,3220.7403489590297
2019-02-18,3247.7160355186197
2019-02-19,3239.324659287443
2019-02-20,3271.8092194011842
2019-02-21,3275.6145611399293
2019-02-22,3313.880355637415
2019-02-25,3380.9248965282663
2019-02-26,3361.695400175223
2019-02-27,3345.951245153888
2019-02-28,3318.10201810845
2019-03-01,3332.498753767243
2019-03-04,3368.410898932068
2019-03-05,3383.797761951544
2019-03-06,3389.184055780791
2019-03-07,3380.7973660478056
2019-03-08,3313.0649643649117
2019-03-11,3361.1578373207476
2019-03-12,3380.3793450894163
2019-03-13,3359.4258540079322
2019-03-14,3347.047668232099
2019-03-15,3373.908788338501
2019-03-18,3422.7973717894147
2019-03-19,3420.9771888629393
2019-03-20,3415.4738509516715
2019-03-21,3419.0853627879255
2019-03-22,3416.6869294088415
2019-03-25,3357.0739398031437
2019-03-26,3364.3367683281676
2019-03-27,3366.217495802736
2019-03-28,3369.990823091879
2019-03-29,3435.776194711215
2019-04-01,3493.077157721441
2019-04-02,3504.07711921934
2019-04-03,3525.4641519792713
2019-04-04,3538.921513026121
2019-04-05,3547.662704775965
2019-04-08,3542.139941645543
2019-04-09,3554.9190575537464
2019-04-10,3570.626144898454
2019-04-11,3523.818376871456
2019-04-12,3513.0431835414856
2019-04-15,3505.45683622474
2019-04-16,3549.6074262288084
2019-04-17,3559.1271284550185
2019-04-18,3562.570820223082
2019-04-19,3572.467167873148
2019-04-22,3540.0438362741124
2019-04-23,3552.5500578582605
2019-04-24,3545.3495266526224
2019-04-25,3519.9084215618295
2019-04-26,3506.789050975348
2019-04-29,3516.77817257523
2019-04-30,3498.7139417558055
2019-05-01,3491.3944620369457
2019-05-02,3505.7618258025113
2019-05-03,3514.171303096694
2019-05-06,3406.691144383616
2019-05-07,3404.984208475955
2019-05-08,3374.095522624969
2019-05-09,3291.1819544217624
2019-05-10,3329.255976616813
2019-05-13,3268.978435659056
2019-05-14,3266.0656185023113
2019-05-15,3290.972379654784
2019-05-16,3290.0641693313896
2019-05-17,3235.5568195667274
2019-05-20,3222.5600352608512
2019-05-21,3241.2442642754877
2019-05-22,3245.0517118033704
2019-05-23,3199.8641324759524
2019-05-24,3191.3522553067633
2019-05-27,3213.9923646795814
2019-05-28,3221.522977424135
2019-05-29,3222.946362783733
2019-05-30,3246.739980085449
2019-05-31,3248.0091383644026
2019-06-03,3254.337103777327
2019-06-04,3230.007882168263
2019-06-05,3220.906954731093
2019-06-06,3200.275369715696
2019-06-07,3195.8245231622864
2019-06-10,3245.907318243361
2019-06-11,3299.5869628963605
2019-06-12,3278.0281357868284
2019-06-13,3281.701809457507
2019-06-14,3270.5711640289555
2019-06-17,3260.1262265324767
2019-06-18,3306.055228090325
2019-06-19,3346.9818234449804
2019-06-20,3393.053158988579
2019-06-21,3383.385624367556
2019-06-24,3365.8188569388712
2019-06-25,3341.349277804947
2019-06-26,3348.3976351127
2019-06-27,3379.6572527184276
2019-06-28,3371.9522995031334
2019-07-01,3442.0614686704953
2019-07-02,3447.5125475570794
2019-07-03,3432.8713473864623
2019-07-04,3443.5570938825963
2019-07-05,3454.604199547557
2019-07-08,3402.3672495512133
2019-07-09,3394.5795267305743
2019-07-10,3395.100861900799
2019-07-11,3412.0939344211256
2019-07-12,3406.6273825263215
2019-07-15,3426.4320475970876
2019-07-16,3441.669139638518
2019-07-17,3428.925382642931
2019-07-18,3414.431493373643
2019-07-19,3436.305966381135
2019-07-22,3418.7748565508164
2019-07-23,3448.6976203927748
2019-07-24,3458.652477309836
2019-07-25,3459.5511628782856
2019-07-26,3457.0023886793565
2019-07-29,3445.872440571786
2019-07-30,3442.067112108422
2019-07-31,3421.7266749122787
2019-08-01,3405.638468696678
2019-08-02,3324.0502530386416
2019-08-05,3198.247246318124
2019-08-06,3187.2654953429687
2019-08-07,3174.7429436356965
2019-08-08,3217.6126876875
2019-08-09,3200.6276679618345
2019-08-12,3192.9085248714987
2019-08-13,3181.980557867397
2019-08-14,3192.173455865225
2019-08-15,3203.921316681942
2019-08-16,3224.657326467773
2019-08-19,3265.8300906142176
2019-08-20,3270.7240519838647
2019-08-21,3276.351935316082
2019-08-22,3261.659004283388
2019-08-23,3254.2441275916794
2019-08-26,3203.232783308894
2019-08-27,3224.683887973599
2019-08-28,3231.5381397597116
2019-08-29,3245.831647332583
2019-08-30,3298.3747430586054
2019-09-02,3320.334389165456
2019-09-03,3297.254696707164
2019-09-04,3331.097435730061
2019-09-05,3367.068735144081
2019-09-06,3385.5552862524873
2019-09-09,3397.593897153925
2019-09-10,3396.338261959668
2019-09-11,3424.231660869816
2019-09-12,3439.8402974637675
2019-09-13,3433.9110727540487
2019-09-16,3463.379448042599
2019-09-17,3407.349855132809
2019-09-18,3414.9183441051964
2019-09-19,3407.868233442495
2019-09-20,3436.9219198026685
2019-09-23,3412.876389467574
2019-09-24,3408.0538905369517
2019-09-25,3395.3490793939386
2019-09-26,3399.2330830291194
2019-09-27,3383.5225688830465
2019-09-30,3384.8760208441013
2019-10-01,3373.7893259088833
2019-10-02,3342.1006103943682
2019-10-03,3337.979233185018
2019-10-04,3350.737874243794
2019-10-07,3340.02873920702
2019-10-08,3356.223773497859
2019-10-09,3348.8358726529627
2019-10-10,3357.0724386842658
2019-10-11,3397.512519258249
2019-10-14,3429.770008893247
2019-10-15,3422.973271862203
2019-10-16,3424.7814107355757
2019-10-17,3418.1839451879173
2019-10-18,3388.7281858241763
2019-10-21,3400.9230134389827
2019-10-22,3422.7328751212012
2019-10-23,3414.6014318093103
2019-10-24,3433.8289734885193
2019-10-25,3440.2631153629004
2019-10-28,3467.3848132491726
2019-10-29,3456.085242667535
2019-10-30,3443.7370211047655
2019-10-31,3435.396535821099
2019-11-01,3462.6872984201045
2019-11-04,3511.7819793992644
2019-11-05,3564.075936459568
2019-11-06,3553.3217749165083
2019-11-07,3578.7654786838884
2019-11-08,3560.4766018419973
2019-11-11,3507.0452248488054
2019-11-12,3521.979515186895
2019-11-13,3491.328028853534
2019-11-14,3492.2002712734557
2019-11-15,3486.868338225413
2019-11-18,3492.5744512061974
2019-11-19,3514.4037138383887
2019-11-20,3496.2229829710373
2019-11-21,3471.310608801285
2019-11-22,3485.5830224162687
2019-11-25,3509.9287363086314
2019-11-26,3496.412999687476
2019-11-27,3513.306112947432
2019-11-28,3501.151598299135
2019-11-29,3463.7946437006767
2019-12-02,3449.4275424887
2019-12-03,3442.592555052558
2019-12-04,3436.238457856941
2019-12-05,3461.6310797436972
2019-12-06,3497.493511349513
2019-12-09,3495.0385518964313
2019-12-10,3487.52669868662
2019-12-11,3509.3772407822507
2019-12-12,3528.583534394962
2019-12-13,3585.1709637429367
2019-12-16,3592.128708107043
2019-12-17,3635.3431415583104
2019-12-18,3658.9977262769135
2019-12-19,3654.787037813488
2019-12-20,3663.7658596303695
2019-12-23,3659.7897392117293
2019-12-24,3661.7028133106487
2019-12-25,3662.6913097310176
2019-12-26,3676.2097105642333
2019-12-27,3672.9993920729908
2019-12-30,3673.854056147337
2019-12-31,3664.0457281933936
2020-01-01,3664.0043583302345
2020-01-02,3718.894393931125
2020-01-03,3718.6671745274534
2020-01-06,3681.7142533167776
2020-01-07,3718.892103950662
2020-01-08,3703.0326837539574
2020-01-09,3768.2997755161773
2020-01-10,3774.964928485668
2020-01-13,3809.4038831489415
2020-01-14,3810.9956269983713
2020-01-15,3782.0513628373437
2020-01-16,3789.5655217090944
2020-01-17,3825.2228614529804
2020-01-20,3836.2265435013624
2020-01-21,3762.2081914652354
2020-01-22,3793.5324976179973
2020-01-23,3740.4745091748214
2020-01-24,3740.4863015314554
2020-01-27,3703.754222435681
2020-01-28,3704.669674338805
2020-01-29,3694.8260865560087
2020-01-30,3620.9667275341226
2020-01-31,3579.686379332092
2020-02-03,3495.671011240157
2020-02-04,3590.5231661277335
2020-02-05,3624.1616167501925
2020-02-06,3688.0240246441044
2020-02-07,3664.6726726053917
2020-02-10,3672.9018635009043
2020-02-11,3714.044106908116
2020-02-12,3757.8690316218144
2020-02-13,3757.7095004081866
2020-02-14,3764.738347992194
2020-02-17,3798.042032051763
2020-02-18,3765.3441369084785
2020-02-19,3794.220465178005
2020-02-20,3788.3522885881057
2020-02-21,3745.1647199964136
2020-02-24,3672.609590804884
2020-02-25,3676.2984144501906
2020-02-26,3625.1681415371263
2020-02-27,3556.449298825088
2020-02-28,3458.338226254664
2020-03-02,3477.222983111169
2020-03-03,3492.873430663623
2020-03-04,3540.40631734838
2020-03-05,3548.2722381431363
2020-03-06,3430.205371719474
2020-03-09,3206.5392723318805
2020-03-10,3289.9196097010295
2020-03-11,3251.8697472769527
2020-03-12,3128.747932040235
2020-03-13,3140.6079130121575
2020-03-16,2935.493616659923
2020-03-17,2959.2027373250903
2020-03-18,2879.0979436608814
2020-03-19,2844.976420268754
2020-03-20,2960.589991806203
2020-03-23,2787.1404211324716
2020-03-24,2915.254163439277
2020-03-25,3014.8635248741057
2020-03-26,2994.827765650308
2020-03-27,2965.063362996975
2020-03-30,2935.9237247769047
2020-03-31,2996.4724064558377
2020-04-01,2952.3018155520444
2020-04-02,3014.954865388024
2020-04-03,3011.2792030537157
2020-04-06,3071.95509965901
2020-04-07,3132.6885433767184
2020-04-08,3122.2014268962985
2020-04-09,3141.4897666345682
2020-04-10,3133.645403534512
2020-04-13,3127.851283638457
2020-04-14,3158.8063544297293
2020-04-15,3151.020985093797
2020-04-16,3160.55857509848
2020-04-17,3197.3151010549286
2020-04-20,3200.172045224976
2020-04-21,3140.941657955479
2020-04-22,3185.8182528114694
2020-04-23,3191.4951646220356
2020-04-24,3154.8889433259214
2020-04-27,3191.9795129105055
2020-04-28,3217.5450952786928
2020-04-29,3258.929534015842
2020-04-30,3259.567699066677
2020-05-01,3222.6803903105297
2020-05-04,3177.1330519108205
2020-05-05,3219.168958896825
2020-05-06,3242.9429870149897
2020-05-07,3242.8107086090827
2020-05-08,3264.4182160433643
2020-05-11,3286.6663917169435
2020-05-12,3255.9437547482107
2020-05-13,3268.464330945209
2020-05-14,3245.070953893629
2020-05-15,3243.3443577263024
2020-05-18,3259.059733809009
2020-05-19,3274.643382326196
2020-05-20,3271.068359374609
2020-05-21,3276.856502107024
2020-05-22,3204.017283954708
2020-05-25,3220.3917814938263
2020-05-26,3245.864279538726
2020-05-27,3241.2843527714235
2020-05-28,3213.208547284351
2020-05-29,3212.1369693167326
2020-06-01,3288.180712063269
2020-06-02,3319.4630406215183
2020-06-03,3358.8478551320454
2020-06-04,3323.5140467372685
2020-06-05,3375.3417308386465
2020-06-08,3394.789443237007
2020-06-09,3388.6491306757603
2020-06-10,3399.7824484187618
2020-06-11,3337.9555724555153
2020-06-12,3362.506759357492
2020-06-15,3292.044948125524
2020-06-16,3377.8439556127532
2020-06-17,3395.5367518287376
2020-06-18,3404.926403870045
2020-06-19,3444.4301063409625
2020-06-22,3424.662244624134
2020-06-23,3441.1812758585675
2020-06-24,3452.895893094918
2020-06-25,3456.4835481372
2020-06-26,3446.456857609783
2020-06-29,3415.4876253158022
2020-06-30,3438.9554632211334
2020-07-01,3462.1603215797345
2020-07-02,3548.83338040346
2020-07-03,3585.788613103027
2020-07-06,3689.3283836782384
2020-07-07,3693.9939314132353
2020-07-08,3744.7377123129895
2020-07-09,3805.6258755499766
2020-07-10,3753.7356652353105
2020-07-13,3772.439773036468
2020-07-14,3719.4794386671824
2020-07-15,3718.380784718908
2020-07-16,3608.1033264853495
2020-07-17,3640.4532643804073
2020-07-20,3690.33890271036
2020-07-21,3729.8723286385707
2020-07-22,3682.146112608621
2020-07-23,3683.662061502951
2020-07-24,3578.7108777033823
2020-07-27,3568.3746925311048
2020-07-28,3613.665436240282
2020-07-29,3638.2951899881277
2020-07-30,3615.9784036035926
2020-07-31,3613.9576935100836
2020-08-03,3659.4882709468443
2020-08-04,3679.409251736006
2020-08-05,3680.4298523677626
2020-08-06,3700.5996865183897
2020-08-07,3661.619890374654
2020-08-10,3663.326112622624
2020-08-11,3665.3681681037897
2020-08-12,3651.7238969483783
2020-08-13,3646.21701660081
2020-08-14,3656.453462628931
2020-08-17,3684.8707340882415
2020-08-18,3684.031401169699
2020-08-19,3661.617526120212
2020-08-20,3620.2419593104146
2020-08-21,3676.977681884478
2020-08-24,3714.1610755477022
2020-08-25,3725.8324355411405
2020-08-26,3726.254938211416
2020-08-27,3739.7925572477884
2020-08-28,3742.6661809311777
2020-08-31,3673.011617023781
2020-09-01,3725.8889606964726
2020-09-02,3761.5119950134886
2020-09-03,3730.5238286496015
2020-09-04,3709.972150501147
2020-09-07,3664.698686073121
2020-09-08,3663.4616514664986
2020-09-09,3624.6115882360755
2020-09-10,3601.4488175773
2020-09-11,3641.030622694581
2020-09-14,3666.462047706785
2020-09-15,3709.0124954941484
2020-09-16,3721.7888059814263
2020-09-17,3700.7133534261443
2020-09-18,3712.0038022496756
2020-09-21,3694.29065212883
2020-09-22,3674.2835712576384
2020-09-23,3676.14961361524
2020-09-24,3611.185894334283
2020-09-25,3622.783754965376
2020-09-28,3639.807836199243
2020-09-29,3615.7190422357307
2020-09-30,3649.194156982158
2020-10-01,3653.1072792870336
2020-10-02,3653.18637966594
2020-10-05,3651.7800010108413
2020-10-06,3678.162286639367
2020-10-07,3700.36247540824
2020-10-08,3727.0850779932985
2020-10-09,3758.9005912107336
2020-10-12,3824.6419970337006
2020-10-13,3847.9637380005315
2020-10-14,3833.356767237633
2020-10-15,3814.919773723374
2020-10-16,3819.5328556569475
2020-10-19,3798.3178092767625
2020-10-20,3810.4525117120243
2020-10-21,3805.0229238704137
2020-10-22,3811.08420111876
2020-10-23,3792.1195776838226
2020-10-26,3775.475261355401
2020-10-27,3778.683633763684
2020-10-28,3782.021768779052
2020-10-29,3819.299703860418
2020-10-30,3765.3659557195024
2020-11-02,3803.490789319576
2020-11-03,3804.177884295616
2020-11-04,3847.7999721645497
2020-11-05,3913.0278718859886
2020-11-06,3921.9648792686044
2020-11-09,4009.853822826279
2020-11-10,3968.363088440259
2020-11-11,3969.546014412511
2020-11-12,3960.2867174310595
2020-11-13,3964.7168582366
2020-11-16,4012.217512430925
2020-11-17,3993.5832728522305
2020-11-18,4008.767612310452
2020-11-19,4005.008362745128
2020-11-20,4029.2887479815004
2020-11-23,4081.664522525211
2020-11-24,4069.179436395676
2020-11-25,4023.0927286312294
2020-11-26,4051.1185684433112
2020-11-27,4047.617830918291
2020-11-30,3979.1374364530393
2020-12-01,4025.370371229422
2020-12-02,4022.567873510213
2020-12-03,4020.819435997834
2020-12-04,4062.6038999620414
2020-12-07,4062.2995445464853
2020-12-08,4070.8910512225607
2020-12-09,4067.536296516598
2020-12-10,4049.1709227443484
2020-12-11,4051.1184066331066
2020-12-14,4041.496905727092
2020-12-15,4033.3814990590613
2020-12-16,4055.5832586924867
2020-12-17,4072.465124656413
2020-12-18,4059.9534766506026
2020-12-21,4055.549332695404
2020-12-22,4030.6764212674607
2020-12-23,4058.569574052731
2020-12-24,4044.340153991838
2020-12-25,4058.8069715636975
2020-12-28,4044.0049352668675
2020-12-29,4066.016380823665
2020-12-30,4115.218731714583
2020-12-31,4163.496255268651
2021-01-01,4164.604604959829
2021-01-04,4214.767432613395
2021-01-05,4269.090734078882
2021-01-06,4266.32283881469
2021-01-07,4309.215322914668
2021-01-08,4374.549201465556
2021-01-11,4388.910309795816
2021-01-12,4430.796634016267
2021-01-13,4448.051198808104
2021-01-14,4449.143272043062
2021-01-15,4431.727278602353
2021-01-18,4453.217927258155
2021-01-19,4466.66067912398
2021-01-20,4536.955487840328
2021-01-21,4553.465891954392
2021-01-22,4516.555439788961
2021-01-25,4583.36779277583
2021-01-26,4492.71674353995
2021-01-27,4486.601538511304
2021-01-28,4389.176557614253
2021-01-29,4329.22175923461
2021-02-01,4439.00244442762
2021-02-02,4526.2223731749755
2021-02-03,4554.482662209013
2021-02-04,4548.961372327661
2021-02-05,4542.479062272116
2021-02-08,4569.677103619454
2021-02-09,4604.627850419799
2021-02-10,4652.472740646161
2021-02-11,4663.229984990924
2021-02-12,4670.694349737124
2021-02-15,4685.7569341162625
2021-02-16,4700.936672369382
2021-02-17,4741.151214524194
2021-02-18,4666.295700321884
2021-02-19,4662.993907781816
2021-02-22,4543.443459563687
2021-02-23,4533.997690941607
2021-02-24,4467.208366594785
2021-02-25,4449.858912197389
2021-02-26,4346.466690682549
2021-03-01,4453.525368254739
2021-03-02,4425.672074438576
2021-03-03,4488.231659481286
2021-03-04,4384.952864062086
2021-03-05,4413.114496391495
2021-03-08,4305.310908786969
2021-03-09,4290.882470777256
2021-03-10,4310.795119121358
2021-03-11,4398.99661109683
2021-03-12,4387.334216626902
2021-03-15,4350.010879838195
2021-03-16,4388.7777676147225
2021-03-17,4378.121113906033
2021-03-18,4392.303734472222
2021-03-19,4343.429767578431
2021-03-22,4345.481204784639
2021-03-23,4326.076757798883
2021-03-24,4259.899877536215
2021-03-25,4255.5809616421
2021-03-26,4318.833558951162
2021-03-29,4334.945200321861
2021-03-30,4382.248675830529
2021-03-31,4357.398269575302
2021-04-01,4411.391463518503
2021-04-02,4430.793103636655
2021-04-05,4417.880239191039
2021-04-06,4422.5077028481355
2021-04-07,4373.482406400295
2021-04-08,4387.512792377368
2021-04-09,4341.978802092261
2021-04-12,4295.395992781824
2021-04-13,4292.279143198133
2021-04-14,4322.290107863562
2021-04-15,4325.8164542421455
2021-04-16,4347.178930855151
2021-04-19,4363.845535874333
2021-04-20,4353.456573494949
2021-04-21,4339.457602642349
2021-04-22,4354.1280858603795
2021-04-23,4380.975879600732
2021-04-26,4374.994235232517
2021-04-27,4381.76873369119
2021-04-28,4394.495040195388
2021-04-29,4398.4346561810935
2021-04-30,4379.2720539628
2021-05-03,4346.2748794932595
2021-05-04,4352.71742860557
2021-05-05,4358.220690999477
2021-05-06,4342.484107861734
2021-05-07,4315.513766200069
2021-05-10,4312.383744424886
2021-05-11,4277.248209757473
2021-05-12,4279.880890129783
2021-05-13,4213.978511982925
2021-05-14,4257.391215866031
2021-05-17,4280.250451702135
2021-05-18,4307.575250183244
2021-05-19,4290.530588789271
2021-05-20,4297.990642307148
2021-05-21,4298.754718042484
2021-05-24,4288.323423974531
2021-05-25,4362.6160196447745
2021-05-26,4389.743005774072
2021-05-27,4412.091068111132
2021-05-28,4433.482613128655
2021-05-31,4462.4013084630815
2021-06-01,4488.063914766254
2021-06-02,4481.061372709185
2021-06-03,4486.2779443310865
2021-06-04,4477.420573560622
2021-06-07,4469.257076632305
2021-06-08,4450.473862462671
2021-06-09,4443.461997820847
2021-06-10,4474.691919455733
2021-06-11,4495.376860740188
2021-06-14,4493.019278326198
2021-06-15,4463.733164913263
2021-06-16,4424.910035543282
2021-06-17,4478.732963205371
2021-06-18,4509.4655821921715
2021-06-21,4458.416311217728
2021-06-22,4462.5317003277305
2021-06-23,4483.903211369744
2021-06-24,4510.019814481776
2021-06-25,4553.074580871499
2021-06-28,4570.327007449627
2021-06-29,4557.4982911291745
2021-06-30,4581.147308022018
2021-07-01,4559.783047847701
2021-07-02,4500.647946912468
2021-07-05,4500.565775937171
2021-07-06,4492.86454094466
2021-07-07,4510.766199448839
2021-07-08,4420.163659017221
2021-07-09,4419.183392092392
2021-07-12,4461.230713782473
2021-07-13,4514.287658453362
2021-07-14,4497.083541245866
2021-07-15,4541.563954936789
2021-07-16,4509.822203252873
2021-07-19,4456.237970479605
2021-07-20,4458.697737685018
2021-07-21,4466.981441254707
2021-07-22,4505.184580109804
2021-07-23,4463.740716998286
2021-07-26,4334.518677153917
2021-07-27,4215.481600537377
2021-07-28,4262.682292563064
2021-07-29,4332.9725565729195
2021-07-30,4295.575711399636
2021-08-02,4352.6854692577235
2021-08-03,4357.664685660731
2021-08-04,4403.513708327907
2021-08-05,4391.3715441696
2021-08-06,4396.261041169168
2021-08-09,4416.089838528964
2021-08-10,4452.907640721307
2021-08-11,4435.0180601482125
2021-08-12,4415.997500739866
2021-08-13,4360.8640975438575
2021-08-16,4339.379578628094
2021-08-17,4298.287393938722
2021-08-18,4328.232549776705
2021-08-19,4262.910370148771
2021-08-20,4214.336154594879
2021-08-23,4255.538414618516
2021-08-24,4342.261849094851
2021-08-25,4364.550390152011
2021-08-26,4316.7657043354875
2021-08-27,4328.688786440159
2021-08-30,4355.6488058535515
2021-08-31,4408.006773170327
2021-09-01,4403.415159863481
2021-09-02,4402.437282642298
2021-09-03,4398.842127540426
2021-09-06,4451.185077944282
2021-09-07,4477.104929890119
2021-09-08,4456.646078445072
2021-09-09,4427.2913282533455
2021-09-10,4456.097634182884
2021-09-13,4441.1383042205225
2021-09-14,4410.727892920102
2021-09-15,4387.4631696814085
2021-09-16,4356.570174560344
2021-09-17,4379.942202031937
2021-09-20,4334.870196875786
2021-09-21,4342.772586097128
2021-09-22,4333.095027252547
2021-09-23,4361.450948943741
2021-09-24,4352.765750674338
2021-09-27,4360.365861666303
2021-09-28,4357.653943467406
2021-09-29,4336.475769238183
2021-09-30,4366.601800686714
2021-10-01,4348.553891350148
2021-10-04,4314.083602298454
2021-10-05,4325.937365895436
2021-10-06,4322.403093703277
2021-10-07,4378.306180203422
2021-10-08,4395.605347850934
2021-10-11,4418.872350696803
2021-10-12,4376.83751468884
2021-10-13,4403.640217558692
2021-10-14,4412.487232807653
2021-10-15,4456.277428264167
2021-10-18,4447.0722534205115
2021-10-19,4477.973822734407
2021-10-20,4490.860639299078
2021-10-21,4473.457280538875
2021-10-22,4479.259455789343
2021-10-25,4513.274232610975
2021-10-26,4514.06897616325
2021-10-27,4465.038555817852
2021-10-28,4403.395242585314
2021-10-29,4432.26072089367
2021-11-01,4421.04303430176
2021-11-02,4412.3215826836495
2021-11-03,4402.760820989917
2021-11-04,4445.889888737306
2021-11-05,4420.523189802101
2021-11-08,4425.009571656414
2021-11-09,4441.295702978664
2021-11-10,4462.576605059784
2021-11-11,4514.583145241163
2021-11-12,4536.829593595652
2021-11-15,4545.510001855146
2021-11-16,4579.517249150951
2021-11-17,4593.137287016673
2021-11-18,4534.903517496837
2021-11-19,4551.705196689035
2021-11-22,4575.93912185777
2021-11-23,4550.926394259537
2021-11-24,4570.681979469285
2021-11-25,4564.144767312488
2021-11-26,4437.050615146182
2021-11-29,4448.716002149556
2021-11-30,4437.58382633174
2021-12-01,4442.902403362912
2021-12-02,4473.26327581764
2021-12-03,4474.936263485885
2021-12-06,4443.300417554104
2021-12-07,4505.439165443682
2021-12-08,4511.450417189621
2021-12-09,4566.30163964465
2021-12-10,4528.39077821722
2021-12-13,4530.525869716308
2021-12-14,4500.695885558043
2021-12-15,4478.44899746105
2021-12-16,4487.528597676446
2021-12-17,4457.364489142926
2021-12-20,4363.315806773591
2021-12-21,4420.403416892718
2021-12-22,4413.897310391813
2021-12-23,4452.038749045955
2021-12-24,4434.534809519131
2021-12-27,4439.539578090595
2021-12-28,4473.453332100406
2021-12-29,4413.709120096892
2021-12-30,4443.207508521734
2021-12-31,4458.002769129052
2022-01-03,4493.254319134859
2022-01-04,4479.538324023438
2022-01-05,4420.427515586769
2022-01-06,4410.755227991883
2022-01-07,4409.035725680197
2022-01-10,4440.858790109635
2022-01-11,4444.380709558742
2022-01-12,4489.4723303845085
2022-01-13,4440.621084660745
2022-01-14,4432.880832681079
2022-01-17,4449.734408119421
2022-01-18,4452.477044854474
2022-01-19,4434.674430315716
2022-01-20,4479.383609008976
2022-01-21,4440.09013230504
2022-01-24,4407.682038901897
2022-01-25,4357.834344280083
2022-01-26,4367.001093746846
2022-01-27,4331.548227599364
2022-01-28,4307.028409645594
2022-01-31,4331.625939348756
2022-02-01,4330.672010158456
2022-02-02,4310.597921272006
2022-02-03,4258.077465319549
2022-02-04,4274.5046369165075
2022-02-07,4292.022321356971
2022-02-08,4294.930096673975
2022-02-09,4356.631989694542
2022-02-10,4365.606093722034
2022-02-11,4351.214903653218
2022-02-14,4326.778662423769
2022-02-15,4348.786163621625
2022-02-16,4389.861764552213
2022-02-17,4389.9622241309735
2022-02-18,4382.948954545464
2022-02-21,4351.494908989114
2022-02-22,4304.366000311873
2022-02-23,4331.913114926818
2022-02-24,4256.534827434073
2022-02-25,4264.162595168731
2022-02-28,4273.21938539366
2022-03-01,4328.35900455792
2022-03-02,4326.900256104859
2022-03-03,4327.071731037672
2022-03-04,4297.234615894935
2022-03-07,4177.011470425932
2022-03-08,4115.537251145894
2022-03-09,4026.089990052018
2022-03-10,4089.055471609022
2022-03-11,4072.456944345656
2022-03-14,3943.6339124263227
2022-03-15,3810.3383890035357
2022-03-16,3998.0144211111633
2022-03-17,4078.548280508058
2022-03-18,4112.170596900574
2022-03-21,4094.746520032869
2022-03-22,4142.844727470563
2022-03-23,4178.1791589447985
2022-03-24,4158.9966962816325
2022-03-25,4115.317062836459
2022-03-28,4111.923851423889
2022-03-29,4085.899194324652
2022-03-30,4134.742121527099
2022-03-31,4119.666955568153
2022-04-01,4174.161344922284
2022-04-04,4228.6984387386065
2022-04-05,4239.080194636895
2022-04-06,4204.143972257808
2022-04-07,4146.888631389686
2022-04-08,4170.363033084314
2022-04-11,4075.79710309344
2022-04-12,4104.216757775982
2022-04-13,4124.009354397422
2022-04-14,4165.100158194342
2022-04-15,4150.1934956867135
2022-04-18,4124.939078195452
2022-04-19,4091.2427817448583
2022-04-20,4030.6562801629993
2022-04-21,3980.3098982829415
2022-04-22,3971.879204381697
2022-04-25,3841.039369402732
2022-04-26,3856.746578416319
2022-04-27,3930.6450310644345
2022-04-28,3952.876827648269
2022-04-29,4038.074824392916
2022-05-02,4038.8488415646384
2022-05-03,4024.5545141712205
2022-05-04,4006.9333245670614
2022-05-05,3996.51374792061
2022-05-06,3865.044924655947
2022-05-09,3828.294097482933
2022-05-10,3819.5315701011755
2022-05-11,3845.586927770262
2022-05-12,3819.1524796723015
2022-05-13,3880.363690696604
2022-05-16,3874.4640734296104
2022-05-17,3911.6918235514895
2022-05-18,3921.6097898013327
2022-05-19,3848.1069370180517
2022-05-20,3953.772782399327
2022-05-23,3910.1577800214127
2022-05-24,3811.5555650886986
2022-05-25,3844.1446234459927
2022-05-26,3833.2162934751154
2022-05-27,3894.583501370721
2022-05-30,3944.4519267544647
2022-05-31,4023.404971885099
2022-06-01,4007.050184238008
2022-06-02,3982.871985509834
2022-06-03,3979.0942119264373
2022-06-06,4040.315364383361
2022-06-07,4019.671496660963
2022-06-08,4050.880141536947
2022-06-09,4049.571570799369
2022-06-10,4084.990951950243
2022-06-13,4007.944689744344
2022-06-14,4025.397097829043
2022-06-15,4047.5586986497615
2022-06-16,3980.0107385441765
2022-06-17,4007.7177321551994
2022-06-20,3978.128171843605
2022-06-21,4003.5808922322826
2022-06-22,3910.4934564694295
2022-06-23,3968.8947442637013
2022-06-24,4024.253484762797
2022-06-27,4064.08293921227
2022-06-28,4119.619540936728
2022-06-29,4067.2039157663166
2022-06-30,4067.8703333341914
2022-07-01,4065.562427816674
2022-07-04,4068.938080944576
2022-07-05,4135.2818641362455
2022-07-06,4105.27265745934
2022-07-07,4160.05615924571
2022-07-08,4166.46289162062
2022-07-11,4128.632972760286
2022-07-12,4085.662969131098
2022-07-13,4075.5122832963075
2022-07-14,4107.082438280843
2022-07-15,4039.3360735993574
2022-07-18,4064.720302253292
2022-07-19,4038.4793376075936
2022-07-20,4077.213518095967
2022-07-21,4079.658178730068
2022-07-22,4059.986655310247
2022-07-25,4049.494739464053
2022-07-26,4103.66927018887
2022-07-27,4105.372021015354
2022-07-28,4116.043179558536
2022-07-29,4073.866858189844
2022-08-01,4052.244891981824
2022-08-02,4021.5641868875405
2022-08-03,4041.3538732648626
2022-08-04,4043.066659629054
2022-08-05,4106.805366528371
2022-08-08,4082.397321985018
2022-08-09,4085.0721482884687
2022-08-10,4007.537672372993
2022-08-11,4087.5877971117416
2022-08-12,4138.788564031337
2022-08-15,4149.322603245796
2022-08-16,4146.823386572316
2022-08-17,4171.405540693115
2022-08-18,4155.502734432488
2022-08-19,4153.629565636754
2022-08-22,4165.625519021519
2022-08-23,4142.606019937804
2022-08-24,4094.206446916733
2022-08-25,4163.12168920385
2022-08-26,4151.665422595204
2022-08-29,4108.516986441768
2022-08-30,4108.457957352476
2022-08-31,4077.514283556778
2022-09-01,4065.6202706105664
2022-09-02,4011.913950032456
2022-09-05,4036.012954549392
2022-09-06,4050.803297286626
2022-09-07,4006.7407488385447
2022-09-08,4000.92677505846
2022-09-09,4027.9680006951753
2022-09-12,4017.0026251527647
2022-09-13,4066.4110725473656
2022-09-14,4006.025249969395
2022-09-15,3973.8252113032527
2022-09-16,3880.8298497756296
2022-09-19,3869.839318564301
2022-09-20,3904.008095454565
2022-09-21,3896.052547012016
2022-09-22,3880.469451317748
2022-09-23,3862.9054995067786
2022-09-26,3822.165552599728
2022-09-27,3860.360657835921
2022-09-28,3769.911835396565
2022-09-29,3719.6391066397987
2022-09-30,3723.947794394643
2022-10-03,3717.052871942672
2022-10-04,3713.6457725160985
2022-10-05,3796.153117209732
2022-10-06,3804.5798157855775
2022-10-07,3790.251633928468
2022-10-10,3749.0126305192603
2022-10-11,3687.3930967598935
2022-10-12,3717.2455674928137
2022-10-13,3668.53976545653
2022-10-14,3710.6368044842056
2022-10-17,3694.6025468147304
2022-10-18,3720.0803480017285
2022-10-19,3682.7527539233893
2022-10-20,3650.7099208263116
2022-10-21,3663.8887772060066
2022-10-24,3538.3963314906246
2022-10-25,3507.3865421337
2022-10-26,3528.6541202295953
2022-10-27,3556.286222461332
2022-10-28,3496.0515247253084
2022-10-31,3513.343851738652
2022-11-01,3613.750273958323
2022-11-02,3641.8593725809005
2022-11-03,3637.654413515385
2022-11-04,3700.2817917708876
2022-11-07,3702.8888849653486
2022-11-08,3674.481367175868
2022-11-09,3684.012310516911
2022-11-10,3588.3740109119963
2022-11-11,3709.850767512878
2022-11-14,3731.2405459543415
2022-11-15,3798.9687319100067
2022-11-16,3750.1126373565003
2022-11-17,3733.7218971613916
2022-11-18,3717.6505465532973
2022-11-21,3716.5762872308687
2022-11-22,3693.9437559891517
2022-11-23,3671.85643998533
2022-11-24,3692.636461555497
2022-11-25,3680.600564820678
2022-11-28,3639.9637152249434
2022-11-29,3750.653745275591
2022-11-30,3830.037832238366
2022-12-01,3799.5782963944803
2022-12-02,3793.5592738459486
2022-12-05,3833.5593562623203
2022-12-06,3811.537815983621
2022-12-07,3775.5449599181165
2022-12-08,3787.7133972210077
2022-12-09,3828.6364291724085
2022-12-12,3779.674840169721
2022-12-13,3737.087896072858
2022-12-14,3764.6752718757416
2022-12-15,3724.3619644169976
2022-12-16,3726.032492564417
2022-12-19,3718.1399823950283
2022-12-20,3663.0690116836386
2022-12-21,3674.674697254311
2022-12-22,3703.6211589520713
2022-12-23,3670.3104711459205
2022-12-26,3684.47455243805
2022-12-27,3697.644230369412
2022-12-28,3706.5376435365715
2022-12-29,3679.904917196818
2022-12-30,3681.693398340103
2023-01-02,3681.106836265997
2023-01-03,3756.588504088592
2023-01-04,3773.3394070899717
2023-01-05,3852.681700917627
2023-01-06,3841.3324050191645
2023-01-09,3881.443099203602
2023-01-10,3888.455645414577
2023-01-11,3882.6029382184174
2023-01-12,3873.079365036054
2023-01-13,3917.6884842763534
2023-01-16,3937.3272502795626
2023-01-17,3930.0648279551533
2023-01-18,3926.023400734423
2023-01-19,3942.1880726041118
2023-01-20,3956.7243493674564
2023-01-23,3950.485635522083
2023-01-24,3947.9955839933577
2023-01-25,3943.411787895944
2023-01-26,3989.3484195378796
2023-01-27,3991.1141272567993
2023-01-30,3973.018956952952
2023-01-31,3933.732463534778
2023-02-01,3956.844676031229
2023-02-02,3958.141602410326
2023-02-03,3955.510085667598
2023-02-06,3916.82517445459
2023-02-07,3934.8212501562953
2023-02-08,3930.942451924298
2023-02-09,3945.395063745966
2023-02-10,3937.9129262754354
2023-02-13,3928.356261575342
2023-02-14,3934.3484579931383
2023-02-15,3913.7755539663854
2023-02-16,3916.988190972265
2023-02-17,3868.02718678169
2023-02-20,3907.9764504376385
2023-02-21,3884.7308745479518
2023-02-22,3857.991143874005
2023-02-23,3883.5018136273957
2023-02-24,3840.9387319580424
2023-02-27,3798.0121515709825
2023-02-28,3801.127313287602
2023-03-01,3853.8610182662187
2023-03-02,3857.027736630461
2023-03-03,3887.6588224046423
2023-03-06,3864.6846424500955
2023-03-07,3862.480001827468
2023-03-08,3837.3011103049907
2023-03-09,3802.4249341810787
2023-03-10,3710.7173813945415
2023-03-13,3733.969440448483
2023-03-14,3692.4730172552777
2023-03-15,3760.2029694740927
2023-03-16,3698.8542488402063
2023-03-17,3726.2587091157593
2023-03-20,3670.1972307960145
2023-03-21,3696.3098171814713
2023-03-22,3714.5521713380667
2023-03-23,3744.517979665395
2023-03-24,3765.6584018942217
2023-03-27,3733.412956106128
2023-03-28,3726.4403238083423
2023-03-29,3751.8800319122197
2023-03-30,3749.968705137159
2023-03-31,3784.7530378257725
2023-04-03,3784.4916656677806
2023-04-04,3756.3220105211212
2023-04-05,3777.03332490937
2023-04-06,3764.5006327740216
2023-04-07,3779.400126248841
2023-04-10,3806.9579841207474
2023-04-11,3797.499553172013
2023-04-12,3767.9833261092417
2023-04-13,3745.8464932643587
2023-04-14,3780.5882820826746
2023-04-17,3830.529491277992
2023-04-18,3807.8767240962684
2023-04-19,3769.1268386876113
2023-04-20,3760.094042404067
2023-04-21,3710.5060032216143
2023-04-24,3666.7887967077986
2023-04-25,3640.8419373645847
2023-04-26,3626.2320776217193
2023-04-27,3653.8992552406785
2023-04-28,3670.427165424352
2023-05-01,3689.604594806541
2023-05-02,3683.3435891050217
2023-05-03,3648.2057638878314
2023-05-04,3683.810883429086
2023-05-05,3688.935256554183
2023-05-08,3717.0143897798343
2023-05-09,3704.933143886665
2023-05-10,3687.5639133555255
2023-05-11,3696.581553726363
2023-05-12,3685.4741372840163
2023-05-15,3714.6770329463566
2023-05-16,3710.6069726605483
2023-05-17,3708.207858880809
2023-05-18,3725.555268386276
2023-05-19,3717.1358516294663
2023-05-22,3733.0689611366292
2023-05-23,3709.4311460887006
2023-05-24,3683.2061219831385
2023-05-25,3670.3924268267524
2023-05-26,3705.2981522715886
2023-05-29,3691.9501554133662
2023-05-30,3683.014022802392
2023-05-31,3664.057573832918
2023-06-01,3648.2871044106705
2023-06-02,3732.0555567612255
2023-06-05,3730.912783311744
2023-06-06,3728.6146176599514
2023-06-07,3734.4432311165842
2023-06-08,3714.193205277085
2023-06-09,3748.6624982338913
2023-06-12,3755.4812531839266
2023-06-13,3767.622864421781
2023-06-14,3755.6117370611846
2023-06-15,3776.888681714817
2023-06-16,3806.468448957129
2023-06-19,3777.13904777532
2023-06-20,3757.179969279323
2023-06-21,3693.4042294494966
2023-06-22,3684.1323706995945
2023-06-23,3687.1227228915845
2023-06-26,3648.9808964031727
2023-06-27,3664.8456429140165
2023-06-28,3667.6466219280683
2023-06-29,3657.4070874744243
2023-06-30,3663.657661621535
2023-07-03,3720.789591022609
2023-07-04,3738.2484194517137
2023-07-05,3718.131279661473
2023-07-06,3674.714596733696
2023-07-07,3633.2498302215045
2023-07-10,3633.34376514947
2023-07-11,3675.100400780225
2023-07-12,3651.9659498704073
2023-07-13,3687.5990828090644
2023-07-14,3695.1288570200813
2023-07-17,3683.6904124471566
2023-07-18,3666.043876658053
2023-07-19,3665.6839038381777
2023-07-20,3673.130977627672
2023-07-21,3676.0049900128424
2023-07-24,3675.929174743492
2023-07-25,3775.5009694694736
2023-07-26,3763.524504866184
2023-07-27,3794.988435514327
2023-07-28,3820.6395596802754
2023-07-31,3844.452208239209
2023-08-01,3844.6695168981832
2023-08-02,3795.542066903739
2023-08-03,3790.3428465084517
2023-08-04,3771.6302227198416
2023-08-07,3763.1710806292604
2023-08-08,3743.7142867408843
2023-08-09,3740.8299329275787
2023-08-10,3730.2769540344275
2023-08-11,3688.9736481099562
2023-08-14,3674.3215615580593
2023-08-15,3641.0826454630383
2023-08-16,3626.7917128804465
2023-08-17,3630.2416110127583
2023-08-18,3598.5030071746487
2023-08-21,3562.946797568799
2023-08-22,3604.0065749961395
2023-08-23,3593.854662208307
2023-08-24,3637.8279476444795
2023-08-25,3622.641536137136
2023-08-28,3640.7753059957877
2023-08-29,3674.1297342192765
2023-08-30,3642.9614880495624
2023-08-31,3641.2508010711786
2023-09-01,3681.486834615799
2023-09-04,3730.039400172987
2023-09-05,3717.7333850051623
2023-09-06,3704.8350856584607
2023-09-07,3665.7940903274966
2023-09-08,3657.0977323349507
2023-09-11,3674.9750704540347
2023-09-12,3680.287879457426
2023-09-13,3661.4676807105066
2023-09-14,3706.6217398408626
2023-09-15,3708.9509668141377
2023-09-18,3684.416819613899
2023-09-19,3670.7075476232703
2023-09-20,3645.4263210348
2023-09-21,3617.047700886912
2023-09-22,3659.305664376366
2023-09-25,3660.705694555242
2023-09-26,3627.4335396542715
2023-09-27,3658.7357151436668
2023-09-28,3629.7232585261413
2023-09-29,3644.317644056626
2023-10-02,3672.336208979543
2023-10-03,3647.1385119014762
2023-10-04,3611.394059738249
2023-10-05,3604.6310771822264
2023-10-06,3620.7007060412725
2023-10-09,3612.313199079784
2023-10-10,3611.4200509701805
2023-10-11,3636.8638661020627
2023-10-12,3686.376337249506
2023-10-13,3662.668776335419
2023-10-16,3620.427913408747
2023-10-17,3627.3440771384744
2023-10-18,3609.1097441722504
2023-10-19,3545.550322851344
2023-10-20,3517.6914514328178
2023-10-23,3467.9385869852113
2023-10-24,3492.857282779208
2023-10-25,3502.734229178987
2023-10-26,3493.9723880538695
2023-10-27,3522.6189625429306
2023-10-30,3523.904957153878
2023-10-31,3518.557863300588
2023-11-01,3529.6756433732407
2023-11-02,3534.2037348587446
2023-11-03,3553.427400184332
2023-11-06,3626.2304583300815
2023-11-07,3621.736562768305
2023-11-08,3607.096820287437
2023-11-09,3597.4020777451656
2023-11-10,3584.2537010667966
2023-11-13,3587.8018502525533
2023-11-14,3558.776757572475
2023-11-15,3627.3483594893373
2023-11-16,3607.160713453884
2023-11-17,3590.897128674636
2023-11-20,3610.9841792295883
2023-11-21,3626.2568026408376
2023-11-22,3623.233563333875
2023-11-23,3628.549150535613
2023-11-24,3587.9033278465117
2023-11-27,3578.1565011996317
2023-11-28,3585.260139073856
2023-11-29,3576.674192511097
2023-11-30,3608.161553371515
2023-12-01,3617.2248353459804
2023-12-04,3614.395345765155
2023-12-05,3574.989419458665
2023-12-06,3588.5778746477636
2023-12-07,3577.0792371337693
2023-12-08,3597.567980405901
2023-12-11,3606.637775156043
2023-12-12,3604.8649797148964
2023-12-13,3574.743682941485
2023-12-14,3561.0282541050187
2023-12-15,3608.9741012494383
2023-12-18,3590.2410138726564
2023-12-19,3568.0845834797497
2023-12-20,3559.6819702767525
2023-12-21,3564.504129768904
2023-12-22,3542.867809040445
2023-12-25,3548.087449619748
2023-12-26,3547.5134223212
2023-12-27,3556.4101910146737
2023-12-28,3617.7301938601786
2023-12-29,3647.8862015455134
2024-01-01,3650.2325399209817
2024-01-02,3645.5524078989574
2024-01-03,3619.672890778114
2024-01-04,3595.127148741895
2024-01-05,3572.858729305267
2024-01-08,3545.161450837431
2024-01-09,3555.310597901478
2024-01-10,3522.931089062765
2024-01-11,3554.5849801979484
2024-01-12,3548.0435111394936
2024-01-15,3546.925302641168
2024-01-16,3534.0882187182715
2024-01-17,3462.6762886777697
2024-01-18,3480.966620758446
2024-01-19,3491.740439705519
2024-01-22,3448.28501533928
2024-01-23,3491.7750979274733
2024-01-24,3515.0202243794956
2024-01-25,3574.883383148728
2024-01-26,3548.637783589777
2024-01-29,3569.8399632095475
2024-01-30,3513.2974293169314
2024-01-31,3478.1505242992334
2024-02-01,3504.899771520138
2024-02-02,3514.138212588973
2024-02-05,3521.488808558153
2024-02-06,3604.1360983318664
2024-02-07,3629.3909137577966
2024-02-08,3622.9089720058864
2024-02-09,3609.900228820204
2024-02-12,3618.036978771329
2024-02-13,3636.9910731909904
2024-02-14,3641.211037295688
2024-02-15,3650.3975476241985
2024-02-16,3669.357045743316
2024-02-19,3679.542327062975
2024-02-20,3668.767379254519
2024-02-21,3691.347436864052
2024-02-22,3722.4219651144467
2024-02-23,3716.7357577603025
2024-02-26,3688.7801609121875
2024-02-27,3716.1950660780303
2024-02-28,3679.925467738651
2024-02-29,3716.0925573421487
2024-03-01,3727.8717327711074
2024-03-04,3734.906119540362
2024-03-05,3712.8065690841017
2024-03-06,3713.7033356831234
2024-03-07,3703.6869544986994
2024-03-08,3719.5156161558093
2024-03-11,3752.3414919114284
2024-03-12,3785.0333028066734
2024-03-13,3761.4749324214445
2024-03-14,3784.015406245304
2024-03-15,3752.0894196983218
2024-03-18,3774.055540321083
2024-03-19,3748.328663956769
2024-03-20,3763.768301159834
2024-03-21,3801.266667452612
2024-03-22,3777.576550458854
2024-03-25,3755.9470220432163
2024-03-26,3771.3055703596046
2024-03-27,3747.543777162155
2024-03-28,3773.153320707402
2024-03-29,3786.840793115432
2024-04-01,3822.832492740097
2024-04-02,3830.106656637448
2024-04-03,3789.554266371984
2024-04-04,3788.190216572758
2024-04-05,3797.7869403688246
2024-04-08,3783.931599123393
2024-04-09,3800.1547303790967
2024-04-10,3833.301163384591
2024-04-11,3843.8292073024227
2024-04-12,3828.359981377471
2024-04-15,3820.077817669871
2024-04-16,3745.786375172458
2024-04-17,3772.3581985224514
2024-04-18,3782.703418126712
2024-04-19,3730.840113915299
2024-04-22,3755.167772098015
2024-04-23,3747.8787623511303
2024-04-24,3798.6197868359627
2024-04-25,3775.2671107351803
2024-04-26,3841.155046190952
2024-04-29,3871.406512985791
2024-04-30,3859.5017564175732
2024-05-01,3861.9622458957238
2024-05-02,3880.0548342249863
2024-05-03,3875.421849210326
2024-05-06,3906.1328689222937
2024-05-07,3910.7488270223516
2024-05-08,3904.4613751491966
2024-05-09,3899.894944118113
2024-05-10,3925.3975290301837
2024-05-13,3926.381835952129
2024-05-14,3922.5078846922497
2024-05-15,3914.344732228051
2024-05-16,3948.725315123501
2024-05-17,3961.7630702743977
2024-05-20,3975.052706853661
2024-05-21,3948.6212956168624
2024-05-22,3964.490943233534
2024-05-23,3941.5906424741984
2024-05-24,3901.2338941595544
2024-05-27,3927.1903920941922
2024-05-28,3906.1418538250705
2024-05-29,3888.089113442426
2024-05-30,3837.9926887488064
2024-05-31,3806.2759349947355
2024-06-03,3855.802644503675
2024-06-04,3816.850873607512
2024-06-05,3842.705660550983
2024-06-06,3864.1404011377394
2024-06-07,3883.919723222417
2024-06-10,3904.511127262374
2024-06-11,3888.6118357136966
2024-06-12,3855.205835362367
2024-06-13,3896.9583254746776
2024-06-14,3936.476606569868
2024-06-17,3917.9102490087184
2024-06-18,3934.271074334007
2024-06-19,3961.1121855462425
2024-06-20,3962.876958832623
2024-06-21,3952.7566507707884
2024-06-24,3919.068785613293
2024-06-25,3925.6039401709927
2024-06-26,3943.9589968885107
2024-06-27,3913.309000412888
2024-06-28,3926.9050552614713
2024-07-01,3932.586359023865
2024-07-02,3903.281346456126
2024-07-03,3911.201259488853
2024-07-04,3937.2663256560168
2024-07-05,3933.026291535959
2024-07-08,3927.8820388984454
2024-07-09,3960.488803898305
2024-07-10,3953.3553163470942
2024-07-11,3985.043096466648
2024-07-12,3973.5409676846966
2024-07-15,3961.1699934664216
2024-07-16,3973.5640695358493
2024-07-17,3937.8260349260927
2024-07-18,3936.371086231753
2024-07-19,3905.167677956037
2024-07-22,3889.929053148091
2024-07-23,3883.4788968788516
2024-07-24,3860.656660800462
2024-07-25,3840.8521217899956
2024-07-26,3839.4332771860322
2024-07-29,3860.944878759343
2024-07-30,3845.3375601891344
2024-07-31,3904.240933752019
2024-08-01,3913.405350290077
2024-08-02,3789.391735912298
2024-08-05,3649.4107139984476
2024-08-06,3704.1111189003555
2024-08-07,3750.676165337744
2024-08-08,3752.4690173616004
2024-08-09,3787.5372829567636
2024-08-12,3797.915502880076
2024-08-13,3799.3230901029724
2024-08-14,3780.3536249911854
2024-08-15,3803.6745361179887
2024-08-16,3846.8809454316793
2024-08-19,3854.5448958978845
2024-08-20,3831.113134717085
2024-08-21,3815.254526976627
2024-08-22,3814.745833315283
2024-08-23,3796.4248549332947
2024-08-26,3808.531750639346
2024-08-27,3791.6290078040633
2024-08-28,3794.2038912320622
2024-08-29,3812.1151065660624
2024-08-30,3843.299425579999
2024-09-02,3813.5991916345292
2024-09-03,3810.511586150436
2024-09-04,3745.6631245756953
2024-09-05,3760.371338721811
2024-09-06,3736.274988885133
2024-09-09,3719.1610408311894
2024-09-10,3726.12093318
2024-09-11,3718.7007724492837
2024-09-12,3748.8815483250182
2024-09-13,3749.502365313919
2024-09-16,3747.8010954349243
2024-09-17,3759.4892575413996
2024-09-18,3758.7183472169577
2024-09-19,3798.404196012075
2024-09-20,3811.6949248237506
2024-09-23,3828.5155719759546
2024-09-24,3920.370663986797
2024-09-25,3941.0956708175167
2024-09-26,4054.597726482977
2024-09-27,4128.955113354537
2024-09-30,4220.568241297676
2024-10-01,4257.249108621384
2024-10-02,4313.654114521917
2024-10-03,4281.080144848427
2024-10-04,4316.8486860985695
2024-10-07,4326.304090934535
2024-10-08,4322.454404867859
2024-10-09,4221.385602214129
2024-10-10,4259.803012059911
2024-10-11,4226.184581900204
2024-10-14,4259.983553299301
2024-10-15,4201.132189782212
2024-10-16,4188.213641967536
2024-10-17,4171.493794366785
2024-10-18,4259.865608369006
2024-10-21,4255.285351029628
2024-10-22,4254.405456843463
2024-10-23,4270.500521316847
2024-10-24,4231.918965440223
2024-10-25,4228.043348352369
2024-10-28,4241.22482114177
2024-10-29,4232.518014828454
2024-10-30,4177.24197852407
2024-10-31,4165.699408288669
2024-11-01,4171.6171585183565
2024-11-04,4195.043623574288
2024-11-05,4248.147149397572
2024-11-06,4279.9829286570675
2024-11-07,4308.001549310879
2024-11-08,4309.001502475466
2024-11-11,4329.469233874809
2024-11-12,4260.877793892808
2024-11-13,4250.57403285006
2024-11-14,4202.856164288389
2024-11-15,4198.138017944348
2024-11-18,4184.3175702928
2024-11-19,4205.560899948325
2024-11-20,4232.949829956372
2024-11-21,4214.655052454584
2024-11-22,4220.142882786597
2024-11-25,4196.202075254437
2024-11-26,4178.6426775183045
2024-11-27,4167.761293398888
2024-11-28,4142.10391698834
2024-11-29,4153.709943862269
2024-12-02,4218.253787063432
2024-12-03,4228.088382423393
2024-12-04,4225.998940040695
2024-12-05,4213.421285093788
2024-12-06,4240.618201682639
2024-12-09,4248.07460113879
2024-12-10,4289.9788590445805
2024-12-11,4286.006549344878
2024-12-12,4318.154547598979
2024-12-13,4265.238158850337
2024-12-16,4238.364230527108
2024-12-17,4214.011470254346
2024-12-18,4236.92429302077
2024-12-19,4236.099366266365
2024-12-20,4199.066135859702
2024-12-23,4226.64702501708
2024-12-24,4249.953249140948
2024-12-25,4250.5723140026785
2024-12-26,4243.723991449609
2024-12-27,4232.856292486197
2024-12-30,4241.909852372147
2024-12-31,4221.5161523078295
2025-01-01,4224.46573022591
2025-01-02,4208.495557018998
2025-01-03,4191.596125406203
2025-01-06,4160.685909770278
2025-01-07,4182.772600544548
2025-01-08,4182.28810167686
2025-01-09,4168.521752042225
2025-01-10,4147.133688224347
2025-01-13,4115.368750904647
2025-01-14,4148.143320265488
2025-01-15,4143.174446246201
2025-01-16,4178.417934825309
2025-01-17,4193.8558763685805
2025-01-20,4190.558556335106
2025-01-21,4199.925321502369
2025-01-22,4186.290279668154
2025-01-23,4191.636197859364
2025-01-24,4185.784080323043
2025-01-27,4175.757188247431
2025-01-28,4210.140165175916
2025-01-29,4220.922668239464
2025-01-30,4225.941183104179
2025-01-31,4233.9908257093175
2025-02-03,4211.445299078367
2025-02-04,4238.914951095863
2025-02-05,4224.070760190124
2025-02-06,4277.820871594355
2025-02-07,4322.196548154938
2025-02-10,4335.668593498669
2025-02-11,4308.561066738815
2025-02-12,4325.022168875394
2025-02-13,4304.080186037978
2025-02-14,4320.839182488821
2025-02-17,4349.881845344359
2025-02-18,4362.588366069953
2025-02-19,4384.598973813992
2025-02-20,4352.716688155452
2025-02-21,4419.750293778757
2025-02-24,4380.351480601192
2025-02-25,4315.300190873722
2025-02-26,4361.156389608954
2025-02-27,4367.759726523723
2025-02-28,4270.143553430861
2025-03-03,4234.59253919816
2025-03-04,4208.385314327153
2025-03-05,4185.25492503286
2025-03-06,4225.674615960086
2025-03-07,4195.487261393243
2025-03-10,4159.537654416679
2025-03-11,4124.072618740763
2025-03-12,4126.901631217818
2025-03-13,4132.29571242081
2025-03-14,4192.3782424702
2025-03-17,4202.083007777947
2025-03-18,4244.665991348169
2025-03-19,4256.1681458151925
2025-03-20,4251.23674247744
2025-03-21,4222.027553490392
2025-03-24,4245.553237549855
2025-03-25,4221.402570334019
2025-03-26,4231.244694742662
2025-03-27,4225.703689436643
2025-03-28,4184.688253843006
2025-03-31,4133.307059759546
2025-04-01,4153.768629544129
2025-04-02,4138.333689997148
2025-04-03,4004.8526642390702
2025-04-04,4011.792960108744
2025-04-07,3718.878556147967
2025-04-08,3737.465029470749
2025-04-09,3680.5837992405914
2025-04-10,3743.460901317192
2025-04-11,3741.9063646902428
2025-04-14,3778.8290980934044
2025-04-15,3815.386353362123
2025-04-16,3768.8887672308924
2025-04-17,3802.973227228461
2025-04-18,3807.8399624741623
2025-04-21,3774.674901747952
2025-04-22,3782.421884999595
2025-04-23,3887.025715632108
2025-04-24,3869.8823908757977
2025-04-25,3885.6698389103235
2025-04-28,3891.9571357925242
2025-04-29,3902.723970269925
2025-04-30,3928.0244398958894
2025-05-01,3955.790979838517
2025-05-02,3981.061758134658
2025-05-05,4008.1385000946666
2025-05-06,4021.3787207843097
2025-05-07,4016.5489352725417
2025-05-08,4043.0484753478568
2025-05-09,4054.360626636014
2025-05-12,4192.0830220803855
2025-05-13,4162.752957494842
2025-05-14,4198.827714939471
2025-05-15,4196.893659523456
2025-05-16,4204.6959550172705
2025-05-19,4149.650818391442
2025-05-20,4151.376477639253
2025-05-21,4150.812694164134
2025-05-22,4148.110498858255
2025-05-23,4132.165579389815
2025-05-26,4111.870089017571
2025-05-27,4104.766957495747
2025-05-28,4117.959359790859
2025-05-29,4125.104869900792
2025-05-30,4084.920632328409
2025-06-02,4046.1937903809794
2025-06-03,4078.134755976018
2025-06-04,4106.690233157894
2025-06-05,4129.052357702734
2025-06-06,4154.248738001091
2025-06-09,4180.115523998397
2025-06-10,4186.465076104876
2025-06-11,4196.3958546798185
2025-06-12,4146.932801893192
2025-06-13,4121.061245444286
2025-06-16,4126.698815426869
2025-06-17,4145.183589296918
2025-06-18,4144.172074574699
2025-06-19,4107.548794393255
2025-06-20,4124.182117392755
2025-06-23,4103.069341314314
2025-06-24,4163.102760237658
2025-06-25,4202.12037036338
2025-06-26,4184.699764638755
2025-06-27,4182.935797394465
2025-06-30,4168.884346355425
2025-07-01,4174.611258825212
2025-07-02,4180.16264479472
2025-07-03,4212.223855137398
2025-07-04,4191.570331427099
2025-07-07,4186.588363900575
2025-07-08,4227.684424878371
2025-07-09,4207.143116065901
2025-07-10,4235.023571167913
2025-07-11,4229.9957945641745
2025-07-14,4233.445004542888
2025-07-15,4287.924932575745
2025-07-16,4290.434631507948
2025-07-17,4308.380511785608
2025-07-18,4314.34080766856
2025-07-21,4314.46120830347
2025-07-22,4301.121012726575
2025-07-23,4342.058092792291
2025-07-24,4347.369171950256
2025-07-25,4331.380474317342
2025-07-28,4363.094073914729
2025-07-29,4403.685477275787
2025-07-30,4417.708043073791
2025-07-31,4385.087472551149
2025-08-01,4292.026901840453
2025-08-04,4327.371823035579
2025-08-05,4357.729365164919
2025-08-06,4334.685540725193
2025-08-07,4379.018096165492
2025-08-08,4346.84618722227
2025-08-11,4381.315763995496
2025-08-12,4367.6039593987125
2025-08-13,4409.522847752915
2025-08-14,4415.521714340509
2025-08-15,4408.431222071865
2025-08-18,4440.898912489424
2025-08-19,4428.1383168978855
2025-08-20,4419.2836318199425
2025-08-21,4444.634330549623
2025-08-22,4444.084942668724
2025-08-25,4534.66751086544
2025-08-26,4511.400765621137
2025-08-27,4503.43395014663
2025-08-28,4482.5348420961345
2025-08-29,4473.566865623798
2025-09-01,4501.350481910802
2025-09-02,4501.131408179507
2025-09-03,4495.121633280022
2025-09-04,4464.339510644135
2025-09-05,4494.641884489766
2025-09-08,4512.184771615016
2025-09-09,4542.997526936681
2025-09-10,4580.0876211339555
2025-09-11,4618.726455272582
2025-09-12,4653.467329623872
2025-09-15,4651.73193816658
2025-09-16,4645.02809074218
2025-09-17,4676.751773665778
2025-09-18,4687.131357622935
2025-09-19,4680.80431770625
2025-09-22,4688.9982451806145
2025-09-23,4683.770506899876
2025-09-24,4733.590013349332
2025-09-25,4747.7149263167385
2025-09-26,4679.038807251982
2025-09-29,4723.639213743403
